home_off_k,home_off_bb,home_off_chit,home_off_hr,away_off_k,away_off_bb,away_off_chit,away_off_hr,home_sp_k,home_sp_bb,home_sp_chit,home_sp_stam,away_sp_k,away_sp_bb,away_sp_chit,away_sp_stam,home_pen_k,home_pen_bb,home_pen_chit,away_pen_k,away_pen_bb,away_pen_chit,park_runs,park_hr,sim_home_wp,sim_total,home_won,actual_total,date
0.2363618023849247,0.0791028014058701,0.3124366653186376,0.14596331862317324,0.23667263716014583,0.08897236548280604,0.3218485417484118,0.1322422754918819,0.21136299491098287,0.10412862580542886,0.3167775045041117,25.0,0.20977964304278723,0.07980943203021831,0.2969073728546608,25.0,0.20563291782344886,0.10156243033618745,0.3446968734015936,0.21355381052619996,0.09013922390714335,0.2743146683130432,100,103,0.44333333333333336,9.22,0,14,2025-05-01
0.2009412765712265,0.08151916533314758,0.3006297821067832,0.12223240140218694,0.22335804878014867,0.09162295409457329,0.3178121642235651,0.13991263470227183,0.20927693983903994,0.09356161078348436,0.31552541000091416,24.5,0.20674322224822356,0.08942380831107113,0.33639434047542627,24.5,0.25374763772956677,0.08861664992242536,0.31217076739809535,0.22487322739792454,0.08292362742429452,0.3039005247966998,101,102,0.48,9.203333333333333,1,6,2025-05-01
0.20034445294942288,0.09335924730949474,0.30719459431251267,0.13538149339494288,0.2137843045730058,0.09465205893441314,0.31862192701864844,0.14897472212576615,0.2188652174985288,0.0868346892407624,0.2990216904291171,23.0,0.228093211693119,0.09537044402351981,0.313635799071571,25.0,0.24239031216016133,0.0852475401294523,0.3103467987096113,0.23550816597487906,0.09249460776454084,0.31409134590494614,98,97,0.56,8.68,0,6,2025-05-01
0.2267656567001431,0.08648302270533087,0.3010995439927391,0.12528652764049927,0.2182448276768602,0.08853328321661896,0.30840216617574695,0.1286776194265221,0.20816434772034925,0.10071010525347138,0.3055837583191907,21.0,0.2135593934201223,0.0924739218655567,0.30546026887721195,25.0,0.225350772893126,0.10768725270843935,0.3053747057845547,0.24720656315224748,0.08369338877323473,0.2937166572590415,99,103,0.38333333333333336,6.933333333333334,1,10,2025-05-02
0.19355472054513626,0.09494832134676108,0.31397745203650407,0.12340175591536015,0.2169849134401897,0.09266287822032455,0.3142867349024141,0.14601067387911262,0.21006686432077,0.09373990627068202,0.2988247533907048,22.0,0.2230860811906894,0.09301537174881835,0.3395031883606017,23.0,0.21867927068607143,0.10045276020265742,0.31002945971731277,0.19644852570937102,0.10205379172523124,0.30377105168348556,98,102,0.5866666666666667,8.953333333333333,0,10,2025-05-02
0.21735467654115914,0.09954799060003573,0.3085952916485825,0.13543618787559678,0.2429353296496965,0.0880317403853293,0.3109732117017206,0.13690933692445392,0.22777482013670358,0.10964421870851396,0.3129917201203939,23.5,0.17716109061349036,0.07191682460343762,0.34782102821927985,23.5,0.2280370511653375,0.08361489774489578,0.278203561350177,0.1986303466998231,0.1114073577933282,0.30153656874298906,94,90,0.68,7.8933333333333335,1,4,2025-05-02
0.22592698230392105,0.09104140223204461,0.3078605291416355,0.12845157557719733,0.2060064502692417,0.08707354594854,0.3076647630066958,0.136318246551787,0.24697234354835787,0.07348483236113496,0.29548899312357113,25.5,0.1865027382756582,0.09769702799796878,0.2772020527407806,27.5,0.2051206902603654,0.09840946453554242,0.26418628701258284,0.2095308600797116,0.10971737459738298,0.33757049044955934,104,118,0.6266666666666667,8.796666666666667,1,7,2025-05-02
0.21039016668944177,0.09092274124601835,0.32566379016564473,0.13585952322517142,0.21241777887480978,0.09601598100525052,0.32448966928830064,0.14130083250535275,0.21923702149592328,0.10737241427957295,0.28943621120397595,25.0,0.2529639628078339,0.09010149720051927,0.30845634751891776,23.0,0.22670074159053227,0.10553184985413647,0.2866637324813519,0.2442765533640684,0.08876649705548187,0.32626700954441656,100,101,0.5266666666666666,8.653333333333334,0,3,2025-05-02
0.218984837149245,0.087894020771345,0.31978093732575497,0.14192419394389746,0.199365888534408,0.08409971687411905,0.31186564246551934,0.11396205299184158,0.1929323911330048,0.08011590564520371,0.32530600782743047,24.5,0.2099417495293044,0.08996492929083193,0.3033096065983423,24.5,0.22009431551386732,0.10606209934590663,0.3429730519126212,0.20667259840044683,0.09307427401917842,0.2968551299055555,101,103,0.4866666666666667,9.89,1,3,2025-05-02
0.21558416232733524,0.0868015007820578,0.3211752868744273,0.13170092089377794,0.21009481149797965,0.08907333211927686,0.31220224049152673,0.13936904443037582,0.21293946927432916,0.0934807149524163,0.31592614373232103,18.5,0.21834965030746661,0.09085803260679659,0.31030392742963786,22.0,0.19158123971753163,0.11436212929398087,0.31728337957688535,0.22440821577100065,0.11054073409007559,0.3241669781576667,96,95,0.51,8.263333333333334,0,7,2025-05-02
0.21997373513777133,0.09222060318689387,0.31202438333296617,0.1357725026562709,0.2105717856990277,0.08782478756405088,0.31041270160339357,0.1274953916769931,0.20688119161564733,0.09413118468869346,0.3052853559041663,25.5,0.23886047210824846,0.07064201100160222,0.305092310041138,22.5,0.22234935155406008,0.08372014206930646,0.3059842506167535,0.2425386408319596,0.08740588039776206,0.2971641966219182,108,97,0.48333333333333334,8.403333333333334,1,7,2025-05-02
0.20152528465641134,0.08970074516592023,0.31610127355127426,0.12349190943779176,0.20397778658035498,0.0961094018198784,0.312032278969544,0.13779479011671522,0.22514886640719856,0.07807442407630369,0.30095562978948515,25.5,0.23490008943793975,0.09250040266158852,0.3104882180352191,24.0,0.20164749131085533,0.09905094903006523,0.29376674520518786,0.24191478286580584,0.08530937221861792,0.30896363691552575,98,96,0.51,8.45,0,12,2025-05-02
0.2048368251850352,0.09935166644373902,0.3131699399713679,0.12612277474709532,0.21500601542319392,0.08898857549868364,0.3021803470201252,0.136832596964071,0.2446648898922933,0.08258377949641568,0.31175470864907495,24.5,0.20847108466032752,0.08837724882478856,0.2880423417201137,24.0,0.225409810065753,0.08731110393056678,0.3290523562016119,0.23807978186523743,0.09214309963939987,0.3159534995325874,101,106,0.5133333333333333,9.216666666666667,1,5,2025-05-02
0.22559102050050045,0.09000265528173074,0.3083626615842266,0.12054144692470731,0.2017674859760591,0.08596077220355601,0.3050242973630882,0.13600667869310673,0.23632317032156214,0.07589397499095597,0.3198092932192774,25.5,0.1983090828026282,0.09769497274260686,0.3151852498892902,24.0,0.2537770798786317,0.08765366741877462,0.30835382017215024,0.2351225192315851,0.08655202294712955,0.33956820108576335,101,102,0.54,8.483333333333333,1,8,2025-05-02
0.23316303977007102,0.08343238085963178,0.30726699074444724,0.14404212628731858,0.22158645424828302,0.09554392680190056,0.315486963861553,0.13698849657183054,0.20399897541765474,0.09470127472766006,0.3208824626083169,24.0,0.2436011158281265,0.07255168682601378,0.31276665218255195,24.0,0.20669618174110543,0.1017467893128026,0.34977224765150694,0.21385041196468754,0.08923908536497951,0.2739051889325654,100,103,0.45,8.906666666666666,0,10,2025-05-02
0.21873067603148544,0.08841731715007946,0.32110178835380376,0.13180319121958234,0.20880657689060533,0.08477727365248294,0.3092321339920062,0.12810813010511973,0.22062069111815125,0.08270902195465979,0.3113931243146689,24.5,0.20319814156133365,0.07515128178166987,0.3193410978317778,25.5,0.2249614238094006,0.08251524680331537,0.30819564599675153,0.24039654324590895,0.08533989163269806,0.3091243442132775,108,97,0.5166666666666667,10.18,0,7,2025-05-03
0.22994347912391935,0.08906585705687897,0.2954795526493569,0.14197418954795746,0.19602599222570924,0.08465951887984759,0.2987253336077115,0.11385129939616657,0.18787569881802996,0.07393750295065707,0.30190754207137627,23.5,0.2257049507710919,0.08874224013496856,0.3016199014075812,25.5,0.22048839402372644,0.10473698251751976,0.3411571846355521,0.20614612963207704,0.09176158633782958,0.2978090291281203,101,103,0.5333333333333333,8.836666666666666,0,4,2025-05-03
0.1944011911256673,0.09408564280530009,0.3133534898212026,0.12293777554828218,0.21282004271531738,0.09097612319030035,0.3156130064964618,0.14150302857005045,0.20623497170567384,0.08891067148851137,0.30210042899839473,24.5,0.2084016600809379,0.07637417146194261,0.30272401078810834,24.0,0.21808323394706908,0.09811929532142527,0.308242936578055,0.1989120570352349,0.10307372784800153,0.3024795209866602,98,102,0.45666666666666667,8.8,0,8,2025-05-03
0.21665307933471611,0.09843500551813499,0.3076477705668291,0.13119493015798248,0.2323972132439972,0.08646175191900232,0.307053118868364,0.13518890196038666,0.20658371157924885,0.09021933624073984,0.3239014459084117,25.0,0.20335283283412747,0.08689895865911076,0.3233767076895766,21.0,0.22734482226875885,0.08258949565573635,0.27766858249256976,0.1974654325795403,0.10974601142106909,0.29676107293860887,94,90,0.6,7.726666666666667,1,9,2025-05-03
0.22504927445243014,0.08011033856175903,0.30513741539224754,0.13794962594653074,0.2161101224981306,0.09572286659894469,0.31563092811115534,0.1428971670810558,0.1917396605123622,0.10029465335347307,0.2992054525020066,20.0,0.24184457949576388,0.08833195764795483,0.3062854523817144,23.0,0.20528848290707014,0.0995259145696235,0.3576566465899075,0.21647570939126518,0.0879698546471264,0.27117729387959005,100,103,0.35,8.92,1,7,2025-05-03
0.19716821634387502,0.0871949152182381,0.3140736712079162,0.12237289428014843,0.20429703522128934,0.0904237348355287,0.31041566594625375,0.13848237930669255,0.19275756984254822,0.08892402612846662,0.30160516610340055,24.0,0.24512634698710767,0.09039686709966455,0.30326030460458286,23.0,0.19819720879627079,0.09738470920225446,0.2981053877440978,0.24115780128903214,0.08524107950049725,0.3063094930127261,98,96,0.4633333333333333,8.29,1,9,2025-05-04
0.20962804303847227,0.09475980125166227,0.3032743934630768,0.12634921322086431,0.2171962544765363,0.08991471775318528,0.302576582306536,0.12316275578480822,0.2187448763255319,0.08272819245227693,0.2867497515977502,23.0,0.21800268243074755,0.08987684768289086,0.30978061823968334,22.0,0.2006406290687628,0.09741174024430974,0.28754138486920655,0.2505836981895423,0.08511103488997346,0.2705961828216328,99,92,0.49333333333333335,6.913333333333333,0,4,2025-05-04
0.22703661274899956,0.08201619780046124,0.31823529855750804,0.12709079985369012,0.20625679116165566,0.08612358948873856,0.3170256029381083,0.13313380979037404,0.21854039553621993,0.09779911092253851,0.3275423548069255,23.5,0.22100181019363835,0.07933775088323688,0.30979684271519736,24.0,0.19719419769595967,0.1117206233551477,0.31228687447525916,0.22614843974614252,0.113032873614652,0.319703444261812,96,95,0.47333333333333333,8.613333333333333,0,5,2025-05-04
0.22838277204527652,0.08490833624616008,0.31677716720736293,0.1262247986468533,0.21836779029668735,0.08810777976964546,0.3008722379842761,0.15004770753006252,0.21800268243074755,0.08987684768289086,0.30978061823968334,22.0,0.22463629025708565,0.07862969459456187,0.33490745298705416,25.5,0.228475670916566,0.08414055779447162,0.3258080397833403,0.2321657613425441,0.09131655551159447,0.3101971882091952,101,106,0.5533333333333333,9.65,0,20,2025-05-04
0.2189741380408688,0.09266432287123147,0.30403985203683814,0.13034402575550377,0.21798402633327885,0.08205083960920409,0.31496620254339625,0.12413892208668131,0.19593972279142485,0.09526746873956535,0.3202759424122791,17.0,0.21800268243074755,0.08987684768289086,0.30978061823968334,22.0,0.22328691232302492,0.10725459367908788,0.30418943221097977,0.24885624372519738,0.08594259952136338,0.2933848671586934,99,103,0.48,7.796666666666667,1,9,2025-05-04
0.22628281332042363,0.09345532147385804,0.3049136504863502,0.12705877832631657,0.20237627863470728,0.09269707507027966,0.31193973754679066,0.13033030249892363,0.20784896445233847,0.08668386229311238,0.31576483903758823,24.0,0.27044853698095705,0.07741006502516798,0.33376194702575296,24.0,0.20860714001284558,0.10040688327926242,0.2688659481418958,0.21221870568455584,0.10996015408097422,0.3364435904271853,104,118,0.5333333333333333,9.33,0,5,2025-05-04
0.2028023590471697,0.08538080906150261,0.30548160821808684,0.12389127558873263,0.210369086446884,0.08985303667345684,0.30731535393071185,0.14151452254950866,0.20373341500532843,0.08193910473078361,0.3168846840774767,23.5,0.20422287259979136,0.09387867105771279,0.30344858448889034,24.5,0.25623932807030625,0.0876189033727482,0.30798214227070525,0.2319353511744796,0.0843132242905853,0.332597095232268,101,102,0.5533333333333333,8.776666666666667,0,9,2025-05-04
0.20173707440319055,0.08799000869431389,0.3116623039587458,0.12254933785037674,0.19877300917875154,0.09322569144825156,0.31265397681991247,0.13370769712999853,0.1838026961151235,0.09977052430712197,0.29719869381720043,23.0,0.21800268243074755,0.08987684768289086,0.30978061823968334,22.0,0.19819720879627079,0.09738470920225446,0.2981053877440978,0.24115780128903214,0.08524107950049725,0.3063094930127261,98,96,0.5166666666666667,7.97,1,11,2025-05-04
0.2061489978713222,0.0910415255904235,0.3233478040862874,0.13054544443959015,0.2194246970362608,0.09689775360599151,0.3218675062636263,0.14716606017305384,0.1921003119200521,0.08925403772384505,0.30826419019764084,26.0,0.20902880868211038,0.093671958635236,0.3007996551308674,23.0,0.23063728989678461,0.10634999860138857,0.2840877377753782,0.24667957649760058,0.08791046027549425,0.3249687067396906,100,101,0.5266666666666666,9.153333333333334,1,7,2025-05-04
0.20824984137576616,0.09228041322878851,0.3048063785008436,0.1310503858990609,0.21280098113540116,0.0810288859000931,0.3182029898412006,0.12772329171573496,0.21238725596247388,0.10448118120286246,0.309988644061828,17.0,0.2154799286818381,0.09860352261515765,0.30274759080640573,21.5,0.22268694664528849,0.09864206013186672,0.30509245741860813,0.24450320588452568,0.08860723489643815,0.2959886954870785,98,102,0.46,7.733333333333333,1,6,2025-05-05
0.20336418906301526,0.08896244388961426,0.3187215131989245,0.1427517988474209,0.20205251804303107,0.09596952906750805,0.3149205444568051,0.14371721045286134,0.2025876909783058,0.08195355296895157,0.2991847602184988,26.0,0.2257127932981937,0.11064921316521287,0.30943204466788,22.5,0.22652542531771952,0.11175123759481934,0.3176625769628411,0.19588656964274784,0.0857909017544137,0.3079660290032583,96,96,0.56,8.21,1,13,2025-05-05
0.19459760218639113,0.08805551645248551,0.3187331910500293,0.12286371524550904,0.23004432625798893,0.08433299323902836,0.3039541540876914,0.13316383250043182,0.21983574755645052,0.07131090235651794,0.3073806853414454,23.5,0.22656745339637532,0.07410598099372083,0.2948518411466584,25.0,0.19880272973269428,0.09687189353893672,0.2927820642984845,0.200035228895186,0.0982732246215062,0.29151049701058757,98,96,0.5533333333333333,7.656666666666666,1,3,2025-05-06
0.21630747992695895,0.0893184362154848,0.3036067206778637,0.13951122784868972,0.19875957587155993,0.09409299303158487,0.3129733956291456,0.13908652755454154,0.2334647262013255,0.09666112001366467,0.3068416898581675,25.0,0.21653095157324853,0.08130677350909168,0.3190341530719777,25.0,0.22666186394552967,0.08895441399474004,0.31709377554880586,0.23846014812893382,0.08640599059507456,0.30579551737112265,103,102,0.52,9.456666666666667,1,6,2025-05-06
0.21717665476899378,0.08684839814849828,0.3063814938691303,0.13852658829808576,0.20408742818491704,0.08776305436433758,0.30899202578368984,0.12448091797294498,0.19926488190787803,0.09234222135426343,0.32357443638428973,19.0,0.19914920702075006,0.08454219402447463,0.3111420503787598,22.0,0.21338080435159373,0.10814179640716348,0.33252102637931225,0.22904932461456914,0.08372592839786089,0.32724408392558224,100,101,0.4866666666666667,8.986666666666666,0,10,2025-05-06
0.2066386180525421,0.09097060444243718,0.3137474006429113,0.1270848595169786,0.20775833647027853,0.0911952449193467,0.30976529197758607,0.1386670698131007,0.2062557167042742,0.07958752937517513,0.2992828455313136,26.0,0.23181391192359174,0.09855324604048199,0.31530459588677134,24.5,0.21338080435159373,0.10814179640716348,0.33252102637931225,0.22904932461456914,0.08372592839786089,0.32724408392558224,100,101,0.5566666666666666,8.846666666666666,1,19,2025-05-06
0.22954298526130115,0.09113669160962673,0.2895923255653292,0.12639414481755992,0.20270041353390097,0.09709533907305132,0.31826046265827873,0.1293152288750779,0.23169205600971532,0.08865274248192732,0.31137503869345595,25.0,0.23891415942716476,0.08888730089260355,0.32434819849588375,25.0,0.21722822835467998,0.0852908345688282,0.30716054911321294,0.22425607319321128,0.08851566896131266,0.3244776616535815,97,96,0.57,8.583333333333334,0,7,2025-05-07
0.19878958886296794,0.0835918403888118,0.31008242151464893,0.1251673393415933,0.22222593671639812,0.09261187996494703,0.30182293393115134,0.1254456169319977,0.20363687563080546,0.08607470217634725,0.3052361596199844,25.0,0.20721605106563173,0.09395664717691879,0.3125878067008354,24.5,0.20342331032241343,0.08718460421250196,0.2962346166727775,0.21799429828815992,0.10893999047772271,0.30136321860337145,104,92,0.6233333333333333,8.603333333333333,1,3,2025-05-07
0.20393892753153406,0.09171216123170971,0.322181977393712,0.12920000614525792,0.21682817624262066,0.09171974493535885,0.3147480112366651,0.12111303459756521,0.2288313301879597,0.10549083288626039,0.2904637856943918,24.5,0.26214966475767093,0.07394047642787346,0.2939494661324208,25.0,0.23909218305473665,0.10489706422353354,0.2853625297621193,0.20741888364214786,0.10253164413443577,0.27177421519939665,100,101,0.5533333333333333,7.543333333333333,0,7,2025-05-07
0.21646794407321368,0.09427005495083925,0.3216866561260864,0.1392390165879556,0.21855346119475402,0.08779488634392427,0.309505553895993,0.12129100515686966,0.21805310734493272,0.08226916543260607,0.2787429087821931,27.0,0.2296916520403231,0.0934573419541985,0.33867777653153397,24.0,0.2456607481552839,0.107869710064264,0.28854881058526005,0.2503361796817135,0.08421580766602255,0.27931420283274355,99,110,0.6466666666666666,7.6866666666666665,1,7,2025-05-07
0.21912711583276018,0.0880386263895999,0.3299701315970995,0.13387810653276433,0.20788654053404898,0.08342357853448908,0.30674705106200295,0.12776287082314713,0.20558141361633325,0.08916724990009797,0.2986428312691837,26.0,0.21229808897280095,0.09162174894251779,0.30937146029559637,19.0,0.22496877530887796,0.07901711637697847,0.30784886857682725,0.21539547522969313,0.085475553993697,0.30594469663434665,108,97,0.61,9.316666666666666,1,5,2025-05-08
0.23198497959133554,0.08721695276261315,0.3144790013481915,0.13212190513896427,0.2102470435766136,0.09073949546561577,0.3139293881415473,0.14544909860912936,0.2170859435619104,0.08998277769100196,0.31105050504620124,22.0,0.21399611956142112,0.09392519635535863,0.32636515082695283,23.0,0.20231777166894582,0.10991813638018266,0.304830855716116,0.21813441440415424,0.09032469566990253,0.2759314125560701,112,104,0.4766666666666667,10.223333333333333,0,12,2025-05-08
0.2042031648263251,0.08606984882889576,0.31198009124265097,0.12753168684314298,0.2209510884817536,0.08141573034931059,0.3209104758610056,0.13656836259653737,0.204985894502191,0.0731391807637945,0.32415106255667203,26.0,0.1856874771857807,0.07729475942078631,0.3116810106871243,25.0,0.24527315786261178,0.08220638882837156,0.31057427609487,0.2164268290186004,0.09952360606521723,0.3504848744519126,100,100,0.6,9.496666666666666,1,7,2025-05-08
0.2381286592808858,0.082824136056649,0.32150084352495284,0.1480326343175293,0.20239712761323292,0.08533582651569328,0.3114820440530296,0.12214596887678125,0.20442937548346443,0.09072977549272875,0.3232331083226462,24.0,0.23166955298393363,0.07101337440585628,0.32230604927957657,25.0,0.20660201195017558,0.09574376157743739,0.369944936832219,0.25380786898367347,0.09498239909079596,0.3151267629907852,100,103,0.42333333333333334,8.786666666666667,0,13,2025-05-08
0.2324259878440521,0.09343602848556697,0.2890405986862099,0.12822940615872563,0.2013464741147367,0.09694500537802755,0.315067020666395,0.130375492005523,0.21341172993566704,0.08793602900560948,0.31939766167831235,25.0,0.24423315501643458,0.0793210479262682,0.323341187930658,25.0,0.21907896256871906,0.08278162785818255,0.30377469216414416,0.230941958946098,0.08733121050265326,0.3244780537522673,97,96,0.5,8.39,0,13,2025-05-08
0.19962646166065204,0.08911232765375082,0.3184189205265284,0.13814269894807416,0.21627770141582273,0.09427561711279203,0.3243303201489035,0.1408102003145416,0.18576445272379508,0.08918420153342696,0.30866728812400296,23.0,0.2328405435665729,0.09472731484441724,0.32566220524037004,20.0,0.22845033777353066,0.11194709971056253,0.3216095088713196,0.244975829689941,0.1096841060846171,0.28610453590423535,96,96,0.5166666666666667,8.303333333333333,0,12,2025-05-09
0.22264445713049463,0.09059141397252138,0.3025251809996414,0.12182723736489076,0.21248685101178488,0.08529741935282656,0.32208204928799167,0.12309758654312446,0.193290295284413,0.0958344278517578,0.33101843844214984,21.0,0.241104725511427,0.08528137417810058,0.3372189105365836,24.0,0.21543991741975743,0.10524070552182017,0.30763887054943806,0.1987900231371419,0.11176613835956545,0.3281660651350916,99,103,0.54,9.36,1,8,2025-05-09
0.23504804765887288,0.0821511946029268,0.31668462782141416,0.14350168879920064,0.21510696052012504,0.08706305573069802,0.32301950642785304,0.13851293556829405,0.18626413652975965,0.09207811930599531,0.29029431861248145,20.5,0.1865584627517679,0.07502607199022276,0.2995365973295107,24.0,0.20729831847083638,0.09651088490670957,0.37253141116034016,0.21815076506550946,0.1020001342582196,0.3527958968954442,100,103,0.49666666666666665,10.59,0,5,2025-05-09
0.21379467374323927,0.0926448024920655,0.3194137148735069,0.14889667381770189,0.20924042994420294,0.08796639652407941,0.3212016814310358,0.1195409365527042,0.20083013651406273,0.09232018407818811,0.3037677400458037,24.0,0.22774239386688847,0.08656425666501896,0.287291236206885,23.0,0.19694034419439083,0.08829382439278641,0.30973966646741613,0.2592071466453941,0.09389682707571012,0.3154676161840161,95,96,0.49666666666666665,7.38,0,9,2025-05-09
0.20433144683742357,0.08972775811658731,0.3157114471753229,0.13224334291984516,0.20645186872924073,0.09354982053487701,0.3209017513726026,0.14608940999157768,0.22671474425701973,0.0858115285459807,0.3162163521043667,24.0,0.20888908900075037,0.07461296845642394,0.2966914762380287,23.0,0.23440931601477513,0.08497533615658398,0.3082913122239154,0.19596430223262065,0.10182747378620868,0.3012979610821537,98,97,0.49666666666666665,8.206666666666667,1,9,2025-05-09
0.23351720723186714,0.08143414628468193,0.3162909027820641,0.14457839055714145,0.22008755573541827,0.08409613621012785,0.32316002728214016,0.1344301149393029,0.18154264568938255,0.08818483238985807,0.3165292249402696,24.0,0.2034348031895513,0.0869326442299064,0.33398091575187505,22.0,0.21005985170289052,0.095832928655436,0.37095832053908884,0.22015229578652856,0.10220623401814741,0.3525307953811503,100,103,0.5566666666666666,10.576666666666666,1,7,2025-05-10
0.21949062977786196,0.08744368185895605,0.30887570115367624,0.11795400644229856,0.21253710879536927,0.08633231750611692,0.32004688288331584,0.12081555901452129,0.21091310797062895,0.09197402126690131,0.29191347778951304,23.0,0.21538496050285733,0.09414812286913984,0.3331500753410041,24.0,0.21562475304303327,0.10669785914272947,0.3080312655442079,0.20053576166908416,0.11192980119708229,0.3276385926711095,99,103,0.54,8.766666666666667,0,4,2025-05-10
0.22700685591753952,0.08658573243296715,0.31402234472560214,0.11320375019181537,0.22664089389543296,0.09236344219503173,0.3122690061092177,0.1329196128358249,0.27016567286595294,0.0877032680769522,0.33050593597062705,23.0,0.24506981997895588,0.0969976315495187,0.285473773554922,25.5,0.2096479021772653,0.08289834831140905,0.2948657820845716,0.22420827964467,0.08135177968784568,0.30134768055387695,104,92,0.45666666666666667,8.206666666666667,0,11,2025-05-10
0.21904842356461854,0.08467985176612507,0.31931241719997633,0.12768916099546337,0.19564401956010913,0.09321596571241307,0.31494499296417433,0.1185331677766547,0.19983683395916296,0.09636254783052445,0.30567712819409254,25.0,0.20304509445035823,0.09856052371628257,0.31018514849908274,21.0,0.21740916021631765,0.0830727056497845,0.3069757722276856,0.22279050112886778,0.10242801820120906,0.30598906419648353,97,96,0.5633333333333334,8.586666666666666,1,5,2025-05-10
0.22928720476746337,0.08706595957734371,0.31530580470555936,0.13509773213580928,0.2033313680300631,0.0987981144670592,0.3192510047007799,0.13012910494030963,0.19978772129330094,0.09319555499530816,0.30339882553101166,24.0,0.2236804480552348,0.09051449841845005,0.3316888060572379,21.0,0.22630459803556963,0.08634224321722725,0.32746672293275403,0.2330881295171564,0.08322856460368551,0.3310012995927076,97,96,0.52,8.716666666666667,0,8,2025-05-10
0.21885469359157372,0.09149483675478104,0.3064384142011578,0.1212521974978736,0.2231562600888944,0.08383537729823418,0.31705653560920166,0.12816941833620468,0.19431112960224528,0.09552184261952992,0.29492586234267515,23.0,0.19764461613664636,0.10186008473424964,0.31470675252998714,21.0,0.21542191211307576,0.10823343310438716,0.30844801894778007,0.202011673235731,0.11121076427559226,0.324527940272344,99,103,0.5533333333333333,8.47,1,6,2025-05-11
0.20460893461108823,0.09114903496432104,0.3128761989991581,0.1383973394098471,0.2016349906310394,0.09524416952524184,0.3183529853106326,0.127147778155306,0.22757174244830675,0.09894994689117365,0.31346070122991954,25.0,0.26664359203100085,0.06942966358032902,0.31554813694476413,26.0,0.2271131433904756,0.08574281219536445,0.33634656561506165,0.23174672454108097,0.08482728589394771,0.32941899864140556,97,96,0.4633333333333333,8.256666666666666,0,3,2025-05-11
0.22506504285809767,0.08322819292900246,0.3243414917352614,0.1342415490149228,0.21965798914674126,0.09411514636579824,0.3204848717583053,0.1434374009018377,0.20233043989611132,0.08578863029512315,0.29951771545150635,26.5,0.21772482761059314,0.0943951874788756,0.3016487912698175,17.0,0.22672476330083788,0.11417883647757637,0.32493395126216357,0.24448674113443164,0.10912181598173878,0.29605354429269537,96,96,0.48333333333333334,8.193333333333333,0,14,2025-05-11
0.212238211299019,0.08661927295655127,0.3228228951826995,0.12391768060712326,0.1946601543992846,0.08148965852139917,0.3093028627094275,0.11515527186605107,0.22558065882472395,0.08349604904471453,0.3185107410915602,21.5,0.2040207915274614,0.08277613657836291,0.29698403116977234,25.0,0.2534616071495893,0.09362497448857526,0.2958639335358556,0.20964042374624653,0.08317565204336648,0.2998596665313911,99,101,0.5433333333333333,7.93,0,12,2025-05-12
0.2322374535363022,0.0859473095529898,0.32340902345943884,0.1275620754677876,0.2278058184113785,0.0921840470514035,0.31190140940296945,0.1297814906318221,0.23804941658032913,0.09031384361787911,0.31027974242937856,24.0,0.2251313805075616,0.07505364207172237,0.3022049999628345,24.0,0.23388702332412953,0.0839717874653935,0.3273684846477704,0.19871312471702662,0.09717445663224365,0.2910958866732959,101,106,0.5033333333333333,8.973333333333333,0,5,2025-05-12
0.20401865225514337,0.08921551360675689,0.3139315280293593,0.13666505135411777,0.2409457669797835,0.08806981405332376,0.30773304617489744,0.12954462082217313,0.19371348358208507,0.09950046185315906,0.3232115093065907,24.0,0.19284633585194771,0.10902169398477018,0.30878213790084746,23.0,0.22957594839629533,0.08754066322760964,0.33743047701910944,0.22572953285228303,0.10255253206329996,0.30157708936692307,97,96,0.49666666666666665,9.083333333333334,1,2,2025-05-13
0.20738527558855965,0.08817962381375503,0.32021640227531517,0.12376146799468085,0.22684419894169927,0.08609784884072029,0.32147611100404166,0.12318457475559409,0.22156411973898452,0.09470920870228246,0.32289242771590343,26.0,0.22684774316459755,0.088346059352818,0.32429864921170026,24.0,0.26853921067462116,0.09250458113622739,0.3096451428409617,0.21707968555855334,0.08373222616768947,0.3016792498840508,101,102,0.52,9.163333333333334,0,20,2025-05-13
0.2034220463007289,0.09029641458026724,0.3208379019919045,0.1259851905718282,0.2112578448311136,0.08569230781408352,0.30810793117887136,0.13152843424194124,0.21770543049084615,0.07099331392311173,0.30863026871110266,25.0,0.22392300449798386,0.08551460605758027,0.3158295220216203,23.0,0.23828981457213197,0.10711364080138029,0.2863855826750219,0.20181848935055857,0.1123270112821304,0.3359622340591737,100,101,0.6033333333333334,8.766666666666667,1,7,2025-05-13
0.2076586706023473,0.09170376880782063,0.32165492436618814,0.14276712170855166,0.20770480058411317,0.08848171977325636,0.30204939979309486,0.11957265297895431,0.22100420941180612,0.09614545248076702,0.2975777155578627,23.0,0.20179384459198252,0.08279252521386232,0.3136954917665546,26.0,0.23363555823688242,0.0871701766710972,0.30004383562248454,0.20450046922702808,0.09587180926642191,0.2977411695934602,98,97,0.67,7.823333333333333,1,3,2025-05-13
0.2276721834696314,0.08627478225615254,0.30555104600952754,0.12063848615496958,0.22829968019903063,0.08352522933502068,0.31288879954620574,0.11371281208567102,0.21683726340810552,0.09090980580662977,0.3063331014415409,25.0,0.22417540529002566,0.08369843484461476,0.3038830184308866,25.5,0.2474434075307008,0.0905907972452629,0.2908010410828089,0.21137073755257285,0.08325663171692972,0.3007873059264839,99,101,0.5533333333333333,7.193333333333333,1,3,2025-05-13
0.21659186282336193,0.0931265229001525,0.3126100886563732,0.12865840775121917,0.22412189194232546,0.08613082788241264,0.30308911979199205,0.14966526001477146,0.22996478214895433,0.10618382398969597,0.29827410802694865,24.0,0.21200709806757045,0.0729395985373763,0.31832998682934405,25.5,0.2338688060526224,0.08803648664166487,0.2794633260893614,0.22644526992969857,0.0862971201205191,0.32194796614333687,94,90,0.5766666666666667,7.04,1,16,2025-05-13
0.23407291620879983,0.0829437377026905,0.3118306266948259,0.13871037243839998,0.21162403077159736,0.09242265597738382,0.322486006439431,0.14447017164449333,0.21579939481070845,0.08462279790329164,0.3257777574908507,24.5,0.23050895652390582,0.08513409720043164,0.3548063846122912,24.5,0.22977740298301375,0.08756919456875203,0.2804519662269327,0.22402299430081285,0.08738234801614556,0.3246283709778527,94,90,0.5933333333333334,8.23,0,15,2025-05-14
0.22012330752609138,0.09735046266498736,0.3277422821619342,0.13639385561165696,0.2024132231066285,0.08679629026476118,0.3243539043112692,0.14335003736982263,0.24935836500238245,0.08650747643964593,0.30124788649081236,23.0,0.21950561512885283,0.07891295588068728,0.31491450972671525,23.0,0.24264604411720767,0.08506529661281392,0.3403665383130114,0.2287939269129334,0.11317444622607764,0.32564902582196104,99,105,0.5533333333333333,9.253333333333334,1,12,2025-05-14
0.20860966613214818,0.08524243518375157,0.320258461153919,0.12760691018952286,0.2292319006812288,0.0844707390115958,0.33075676060438275,0.12839705405246576,0.23043429968061882,0.06844861080324219,0.3267397920642454,25.5,0.21106295133684586,0.08776605223439904,0.31089459598143276,24.5,0.2684315852168444,0.09157224209151169,0.31210178920522175,0.21799625316117005,0.08488850937794473,0.304528078671891,101,102,0.54,8.42,1,4,2025-05-14
0.20341092845145772,0.0947221164527921,0.3146740187975862,0.12973946728214444,0.19802644325335958,0.0928575150103919,0.3219746411906737,0.1285590544228822,0.2348652151051457,0.0825571816771595,0.3324816241611024,25.0,0.2318544832786225,0.07749574064428064,0.3083431874050847,25.5,0.23342518579708707,0.08286700115455384,0.32411731159055235,0.20151386049260617,0.09521808279602759,0.28945165065547246,101,106,0.43666666666666665,9.04,0,21,2025-05-14
0.2229360163424807,0.08949415266216189,0.3237191178315646,0.12926788655208052,0.23342385592781742,0.0818494268303343,0.310115040705947,0.12354235571655349,0.20659955194826002,0.06934251284270143,0.30149021500365286,25.0,0.19005406880019265,0.08052546320106337,0.31803828679860613,24.0,0.2147708108777551,0.1042852981919227,0.2785396637694233,0.216011986205917,0.10500687807185438,0.30588943255744283,104,118,0.7266666666666667,8.73,0,6,2025-05-14
0.22519147499575276,0.08346297306298459,0.31539531449384495,0.13006909816824866,0.21211938867184707,0.09159794399657806,0.30083397913864457,0.12247146613019992,0.22682038162279058,0.08774567926957029,0.30979103812653275,24.0,0.2028298702771659,0.08516727297938961,0.3027249063465081,22.5,0.23427286040135895,0.08933010436518096,0.29763212822225665,0.20371168967430642,0.0966941223628878,0.2962479086962758,98,97,0.5733333333333334,7.7,0,4,2025-05-14
0.22827665270078745,0.08760445189345337,0.30697816112968906,0.13384701771385477,0.21840208471195258,0.09044119822150244,0.30940304064323604,0.13827368134506768,0.20734342794473132,0.08430377859089266,0.31160090196431106,25.0,0.18402260339426194,0.10028889989595541,0.2884497339898633,26.0,0.23889441590337357,0.10584992571421131,0.2854555591628389,0.2053656687604245,0.11070078019753811,0.34135710868588737,100,101,0.5766666666666667,9.05,0,9,2025-05-14
0.22944335104455987,0.09011277244541502,0.31831355209845963,0.12877269543467937,0.2267822110811102,0.09094168030532138,0.300028114757011,0.12652009569230077,0.2109881380593721,0.07656584168636735,0.323921419319415,24.0,0.1870612642348803,0.09546852259679328,0.32253959451032754,21.0,0.21524626225151067,0.10373666185322429,0.2787704599831159,0.21486327729414853,0.10531800272948239,0.30534957779229976,104,118,0.6066666666666667,9.65,1,8,2025-05-15
0.2221552080451542,0.08301703293281208,0.3165885333448334,0.1319394388948444,0.22130617958802182,0.0822937622968866,0.32737583773527756,0.13425562866447774,0.23716745806388073,0.08625015221652209,0.33039664310155625,24.5,0.2021204228095464,0.09298487817203452,0.30359552840959836,24.5,0.2051211699716277,0.10867866906307158,0.31923232561534276,0.21561943511225032,0.08452860337223614,0.30166659555937814,96,95,0.4666666666666667,7.833333333333333,1,13,2025-05-16
0.19871238816555764,0.09064108709191232,0.31287259391910094,0.12662688829586888,0.207249724765718,0.0815780662319944,0.3055608144987199,0.13234196344088303,0.2077899403310514,0.08489710294843747,0.3103589510945782,22.0,0.24860332071312227,0.06495935931079899,0.2980813167559303,22.5,0.2232176608330379,0.10301501397536313,0.3005485195766681,0.24840067396013923,0.07865038858340517,0.30380478317902837,98,102,0.56,7.003333333333333,0,3,2025-05-16
0.20608360391389302,0.08787283300469582,0.32406629343644333,0.1336212110597001,0.21457617132742268,0.08685198734311654,0.32736792982973306,0.1427871406146396,0.1991554694958711,0.07625672082003832,0.3198095619019853,23.5,0.2455208611448148,0.08569292760299048,0.3249358327986681,23.0,0.2689735808563087,0.08964732078615054,0.30986279148281115,0.22062117302977852,0.08537966318754893,0.2879128724744354,101,102,0.4666666666666667,8.496666666666666,0,9,2025-05-16
0.19559179786398637,0.08139059537434158,0.31077214022907507,0.11722551687972442,0.22976639690731362,0.09285013885966034,0.3114403949555821,0.12877481355591877,0.27219255795347563,0.08728530000894494,0.3443520259277463,23.0,0.19099146525992156,0.08736187074545823,0.3137408044095303,24.0,0.21181706182575,0.08349587713921951,0.30129300938089054,0.2049913792595685,0.09422712177028428,0.2900249621144807,104,92,0.57,8.913333333333334,0,13,2025-05-16
0.22307162315656937,0.09113012584047055,0.31989479663863324,0.12972092551934408,0.20987707125942706,0.09356394973644,0.30925258533154076,0.1435077671250248,0.21667121841905573,0.08652675953795638,0.3179047454544902,23.5,0.19507858934154898,0.08665562160185403,0.2982276159690883,24.5,0.2163993525080976,0.10363315403769567,0.279974425417591,0.23004473960307875,0.08767753790464708,0.3401781434040391,104,118,0.5933333333333334,9.553333333333333,1,9,2025-05-16
0.2090114155268613,0.08130021703097756,0.30144757170959535,0.13910071664001017,0.21134548541461107,0.08552470892170667,0.32198962317001584,0.12530576278183375,0.24768597755004634,0.06034859696656114,0.28800984491382253,24.0,0.21214272737336373,0.10194722649821442,0.3195226689786139,17.0,0.2224969510221197,0.08662158236768355,0.30861729684391265,0.2516176923569455,0.09026962491642299,0.2873011275752557,101,100,0.56,7.173333333333333,0,9,2025-05-16
0.22125501827750949,0.08538830752318212,0.32851192688619135,0.13801812070474984,0.20506828877007446,0.08824277750028658,0.32258618539095335,0.12536445576041227,0.21491059658147754,0.08178304613810108,0.3162921396432114,24.0,0.22582981965857135,0.09718636603444859,0.29758683631277355,24.0,0.2250964994435357,0.08129448266899719,0.30148383704067505,0.23391487948675874,0.10441749486103272,0.29114980877087654,108,97,0.49,9.716666666666667,1,13,2025-05-17
0.2031234691933338,0.08952861986440944,0.312859777214221,0.1255096916729107,0.20529775904226366,0.08150784598298418,0.31169888695403863,0.1306384208784238,0.20160202663794868,0.10009144686467573,0.30627246362168065,20.0,0.24221102516366155,0.07297216502676407,0.3051305711568483,23.0,0.22428507164235928,0.10180661280356552,0.29865568644800633,0.2531941768821924,0.07749756354573353,0.3065829300854802,98,102,0.5066666666666667,7.31,0,7,2025-05-17
0.19526158697639653,0.07993322678398533,0.31071114078109974,0.11678687408053731,0.23068770883361228,0.09120213533816653,0.3118680635746159,0.1262421787343702,0.20997473051417448,0.09836922789191416,0.29114356571068223,26.0,0.1877778414118086,0.08404405829949299,0.300701528768732,21.5,0.20750634817363556,0.0825763791703923,0.3059016054905198,0.20581793485044575,0.09316663803332592,0.29006796730138007,104,92,0.52,8.563333333333333,0,1,2025-05-17
0.21925340814839683,0.09349178498161018,0.32862277880803625,0.1408539281580837,0.20597246076421993,0.08997263831812198,0.31497304234451273,0.14247015418394202,0.22088480471829078,0.0931042623441597,0.3083300152435867,24.0,0.22576405669246158,0.08932460374027684,0.31434922858485825,22.0,0.2533831487196041,0.10600395113616612,0.29242345779406637,0.2330041188203213,0.08917480229044841,0.29552952996905635,99,110,0.54,8.07,0,5,2025-05-17
0.21670847568838206,0.09328025909043237,0.3179423028884943,0.1328943686961004,0.20220783948034926,0.08633476113140029,0.31953287691739823,0.1431173176825989,0.21976809405680223,0.08424181529336285,0.332309772542596,23.0,0.19667058986263253,0.08494755080842603,0.3091110210377547,26.0,0.2294000154261881,0.08987837384551683,0.2804323914259202,0.22337102973662817,0.11590766539187126,0.3409206066936141,94,90,0.58,7.55,1,1,2025-05-17
0.19398521124724966,0.08651582245597453,0.3296174704041645,0.12685943941152839,0.2216253286576553,0.10043372385752909,0.3101550894525258,0.14121815184499031,0.24356186998090384,0.08416360710700731,0.29092705470500146,23.0,0.23370107882840185,0.06772013906397721,0.2933825440572155,24.5,0.24596326886438974,0.08870548574455975,0.2929507470670245,0.21439718000268038,0.08495970682059578,0.31485265510272714,96,95,0.6066666666666667,7.536666666666667,0,7,2025-05-18
0.21787554095275735,0.08336398894292714,0.325563463256426,0.13880355554431412,0.20710917788513472,0.0903473834397411,0.3098921733318588,0.1326139879421918,0.20166905111486474,0.07596573279288811,0.3015411193486389,23.0,0.22450330834624027,0.08326898299944527,0.31746692677825883,22.0,0.2278077917041617,0.10458029329631366,0.3408136936065873,0.2027721987449161,0.1063910182160078,0.33925036305287143,101,103,0.55,9.573333333333334,0,14,2025-05-18
0.2005301522503567,0.08907109944802628,0.3088200942657698,0.12346165329397592,0.20502940578161663,0.0809327853923516,0.3157084116731008,0.13067942836903082,0.2336743309395335,0.08838229918103091,0.29383895264931065,23.0,0.2181335933659732,0.08837391351594179,0.31313857452158955,22.0,0.22481815262997443,0.10006974286844733,0.3023187040716597,0.25408955011808654,0.07764312282733571,0.3044687900347226,98,102,0.5766666666666667,7.336666666666667,1,7,2025-05-18
0.20747661342380955,0.0915269971321039,0.322954050166977,0.15249518398626064,0.2201106325679487,0.09293183421220008,0.3032909895096406,0.12765709299170186,0.21028668669631437,0.07877029439550556,0.3148671867000833,22.5,0.20152301393093885,0.0828650818732977,0.3150623921048211,27.0,0.2043435379887602,0.09679926680091941,0.3093164107244111,0.21218870244640414,0.1089670097415829,0.30914319814001673,100,101,0.65,9.023333333333333,1,8,2025-05-18
0.20027598743725808,0.09540643445521929,0.30864598770539725,0.13037005588092848,0.209127316030602,0.09090677043137244,0.31064334692133344,0.12864914442959524,0.2181335933659732,0.08837391351594179,0.31313857452158955,22.0,0.2286995960987751,0.08133838961193127,0.2955046370888817,25.0,0.23587677542807192,0.08667052835855449,0.32564507254338704,0.2021661220600153,0.09964644212209221,0.2960920765205256,101,106,0.48,8.623333333333333,1,1,2025-05-18
0.23036341573684485,0.08256645315299788,0.31438624003488463,0.11864691416210382,0.22700945603973505,0.08927609129958032,0.32730227682041724,0.13266504321161268,0.20848762077730704,0.07955304200127648,0.3110956846907072,26.0,0.2049063177866081,0.07018528957319894,0.30704781039366413,25.0,0.2022541781248285,0.09957927521673307,0.29599458546381296,0.21299387431779945,0.09751058216692479,0.27890664104956586,99,92,0.44,7.15,0,8,2025-05-19
0.19993466778350483,0.0863853888077582,0.3123880878271034,0.14031598037946125,0.23774484170033836,0.08209488627881045,0.3172112128821925,0.151345971852066,0.21737675621337,0.08176937837591927,0.3234165484271144,23.0,0.1878902438361075,0.08973275827577082,0.29440568439264136,23.0,0.22400218422017412,0.11688766416023294,0.3373021785495583,0.2125367096703543,0.10143933074533507,0.36510750245730467,96,96,0.5833333333333334,9.033333333333333,0,12,2025-05-20
0.2042033420334621,0.08535986488194638,0.31764433981958146,0.1313857542477119,0.1984942727243731,0.08528003811112635,0.32074456547198626,0.130887812750483,0.23057931994167613,0.06879619721690597,0.3319342327868011,26.0,0.24726191888940502,0.08845947361963766,0.32917548602574864,24.0,0.2634302278692206,0.09128245348614343,0.3017262954470553,0.24549179211886257,0.09142430568170926,0.29179026376312117,101,102,0.5333333333333333,8.843333333333334,1,3,2025-05-20
0.22823769727814933,0.08623368122267155,0.305343692801379,0.12081904219056898,0.216295512115016,0.08219669765448043,0.32208294688223776,0.14290312810002193,0.24231375885041717,0.08258045271728337,0.316555485072523,21.0,0.22902201326229987,0.0927097044585508,0.30767124742601404,17.0,0.22461022125918023,0.09947739213780221,0.3003075349452281,0.22915136085350776,0.1044338335392904,0.33965534386100027,98,102,0.6066666666666667,8.47,1,7,2025-05-20
0.23269888605450179,0.08378611558373376,0.3162208430872702,0.1339155397523374,0.20332640270784882,0.09368851776646422,0.3163789990160789,0.13038373511610546,0.1694819280079489,0.07744747474110886,0.3602707463877017,24.0,0.24397577914425744,0.07810628861442834,0.32277736468775897,25.0,0.19274179427722482,0.10274914467286114,0.3202535650135223,0.23907785074330268,0.08548534217352165,0.32235872062367,112,104,0.44666666666666666,12.773333333333333,0,11,2025-05-20
0.22995182367142103,0.08300324082213674,0.32022232235767123,0.1365690084190256,0.20829833758678695,0.08769563928177575,0.32618761341666913,0.1426739852419773,0.24092947491879435,0.08156558615875337,0.33143761368077085,24.0,0.21226599363165263,0.07567464841643082,0.3173020042490346,22.0,0.19981554870093537,0.10333785616363703,0.328661622574518,0.20323155195205117,0.09357421192176804,0.309953725515359,96,95,0.47333333333333333,8.8,0,3,2025-05-21
0.21863224023733524,0.08119347466331019,0.3209973885089994,0.12398971340636684,0.20429500847350832,0.08302255501896055,0.31552074483055526,0.12353535843149076,0.20538918127567035,0.09456779759456362,0.3098254343104968,24.0,0.2637259665057256,0.07922298914836326,0.2885723757324693,24.0,0.21466472431256073,0.08396442418640562,0.3028809049703725,0.2438275988679897,0.09137304291084523,0.2764160713425362,97,96,0.4766666666666667,7.163333333333333,1,12,2025-05-21
0.2298747517601218,0.08684069444844736,0.3063431659378975,0.1234039496944998,0.2202503912390265,0.0862962935349826,0.32671682584997624,0.14154959261149247,0.1878512785494921,0.08128129454173114,0.3122203059901864,24.0,0.22394730737763846,0.08094028054331712,0.30321131143255886,22.0,0.2012572445223057,0.08941829172829605,0.29210898336261615,0.2162083510526366,0.0876462310362806,0.29142587300687683,98,96,0.4266666666666667,8.003333333333334,0,6,2025-05-21
0.2045156123017634,0.08463244453287659,0.3157375194714291,0.13302396698776614,0.19914976722572922,0.08427399266624111,0.3190971594311902,0.1298537258635878,0.22298448844647187,0.0752356852108841,0.30767232879449063,24.0,0.17673602045698067,0.10503182167278274,0.29632629279700096,24.0,0.26287725022293135,0.09027541261835544,0.29987491493773255,0.2455467310986158,0.09229228724662047,0.2908333992895392,101,102,0.6366666666666667,8.876666666666667,1,14,2025-05-21
0.2064470640810993,0.08721550351581289,0.31765513898782005,0.14069295537337323,0.23924723001056725,0.07926019317337349,0.30330938860462137,0.14945891319011909,0.20649784946825012,0.07498726435290967,0.3046087827812197,23.0,0.18329252969327553,0.09479674985686459,0.3149468260133935,24.0,0.22308185827336313,0.11579377799549127,0.3369672872256313,0.21254428200627018,0.09977979250482225,0.36424058313040586,96,96,0.6833333333333333,8.893333333333333,0,15,2025-05-21
0.24153571982008243,0.08519939022503498,0.31250820921394906,0.1307325378081953,0.19868912464100824,0.0925392603902481,0.31021647627963034,0.13025558441197427,0.17120214545668902,0.08495614665462957,0.3335344019968993,24.0,0.22226168587642187,0.08132677673529098,0.3120579377168902,25.0,0.1889632309009875,0.10109832790581186,0.3193223748374077,0.23724170679760231,0.08364356242769033,0.3283317500781959,112,104,0.3933333333333333,11.763333333333334,0,2,2025-05-22
0.2138695651804565,0.09274133810749073,0.3096120860623093,0.11660291699206732,0.1983813765099739,0.0907446569962764,0.3077917612734474,0.12388375097574524,0.2175575856661464,0.08735089485573642,0.31283890577499357,22.0,0.2142775258783715,0.08662493697960849,0.3149943064354209,17.0,0.20330587520720486,0.09818798843551248,0.29841820103238814,0.2227218744226263,0.09533630928962195,0.30790683330470114,99,92,0.5033333333333333,8.236666666666666,0,13,2025-05-22
0.2042137036872566,0.0885559766241452,0.31476128378412055,0.1331146763453499,0.20106755977626023,0.08896305305190778,0.326023922314034,0.12629418854148558,0.20475965059201257,0.07381518679836736,0.33374342048928063,24.0,0.2288222533477286,0.09382473963158125,0.3034605529574012,24.0,0.1996226802328217,0.10441878735519111,0.3325307935920595,0.22749076057367196,0.10279798107662261,0.29534940195452086,100,101,0.38666666666666666,9.05,1,15,2025-05-22
0.22616948144731167,0.08638965683723711,0.3110405778652471,0.12128549252586723,0.1893446654417412,0.07820429115153658,0.3125339351694147,0.1147174715345748,0.24271204103820798,0.07369577092104185,0.29628189308717273,23.0,0.204538973091555,0.09037058849307597,0.2788888323990244,24.0,0.2503919172439277,0.07693621164377712,0.2984604883167478,0.2023373851208367,0.08213453962715175,0.3017599137837239,100,100,0.5033333333333333,7.133333333333334,1,4,2025-05-23
0.20934690851939253,0.08447323607634308,0.31235216500253454,0.13960817328603797,0.20759359287928675,0.08954007081281437,0.31002909539366985,0.14005304687462616,0.20593962292237697,0.1024989503873222,0.3059391835213341,21.5,0.23105300593604156,0.08122154199887288,0.32082349560225704,21.0,0.21709219780439296,0.08653040350115176,0.29239376580613,0.2340728299967114,0.08940696392523567,0.3431173880301587,97,95,0.5966666666666667,7.876666666666667,0,4,2025-05-23
0.23323650436986826,0.08759268231080793,0.32354877598318876,0.1329789628721014,0.2177449430323693,0.08227849936487652,0.3187920441687264,0.13643794876499624,0.19161690937742545,0.1024099684538548,0.3200909057574708,25.0,0.2190716611312026,0.08568168013699576,0.3249157104542417,22.5,0.2206880780900935,0.08568427920891827,0.3043837447892431,0.22566190308059936,0.10729874452453139,0.3344604934205413,108,97,0.6466666666666666,11.073333333333334,1,24,2025-05-23
0.2099461748167292,0.09127824471785162,0.3198384449729121,0.1339607893409239,0.21641164952962377,0.08495527143080145,0.31152932178464576,0.1238611375546076,0.2515218490143539,0.08096340913507254,0.3455002407117171,23.5,0.24467700452820385,0.08296522261414348,0.2967785908929223,23.0,0.22657434042011323,0.10173842888572568,0.291640405393757,0.23585702040117504,0.09538149847421748,0.2992156781797659,100,101,0.5233333333333333,8.433333333333334,0,3,2025-05-23
0.19347891550438218,0.0884877098999572,0.32530419154829265,0.1238268160241271,0.2096648349945478,0.0930794774300076,0.32355311596758307,0.14762375731808267,0.18740013760835533,0.08395050455375165,0.29188200777145074,22.0,0.22916636724102107,0.09406554267521633,0.320455521472318,25.5,0.20260050418766642,0.09012546058597753,0.29223870937050983,0.2245443108285643,0.09207496642503166,0.3310945042478237,98,96,0.5533333333333333,9.25,1,7,2025-05-23
0.19833005364650141,0.08430264372097993,0.3198554855343936,0.14174889894362674,0.22099308880258495,0.08594812607978689,0.3288578666284327,0.13028703324061797,0.21839726512057692,0.09884737535942659,0.3312544752310361,19.0,0.2688528550350522,0.06789266033169342,0.30599585523458245,26.0,0.22293224974039716,0.1183371510695759,0.342432687760514,0.23767750071372348,0.08295030794691922,0.32663938384659214,96,96,0.43666666666666665,8.943333333333333,0,7,2025-05-23
0.21393859122051578,0.09434203453096249,0.308431469583018,0.1271429000945561,0.21067938706262807,0.08119160606991574,0.3017804018674199,0.13915170171061098,0.18252666253003363,0.09152747885519673,0.3328655114412219,23.0,0.20461000903918392,0.09641271258430639,0.28405525125062225,23.0,0.20826819592238005,0.11003800838317615,0.3103716076782119,0.21923155239656444,0.0883631188527503,0.3091072894986119,99,103,0.47333333333333333,8.146666666666667,1,15,2025-05-24
0.219302618914724,0.08004469092594667,0.32667960999092477,0.13358572985524012,0.2027857568049799,0.08599964748631878,0.31404038347218255,0.13220108799151165,0.22055113875896243,0.08914713983919145,0.3310504129890447,24.0,0.21385600080792258,0.09106436254122631,0.32292861533744166,26.5,0.21614489043633497,0.08850074194675353,0.30100421428587454,0.26257444792289736,0.08664537108433956,0.29709662746463006,97,96,0.5466666666666666,8.706666666666667,1,4,2025-05-24
0.20542592379826546,0.08284859685671957,0.31024911444336906,0.13007045670510634,0.1906780808481943,0.07571424548038205,0.31031562779810984,0.1102580329890222,0.22234684231941246,0.09352981793093534,0.3255850350494496,18.0,0.20125759483709613,0.07784543535768843,0.3108816381225554,25.0,0.24869482489093664,0.077233924617023,0.29611727564643864,0.20443826025646078,0.08158496484935973,0.3029353555106582,100,100,0.5766666666666667,7.673333333333333,1,9,2025-05-24
0.2250210219733185,0.08912755206964273,0.32845835705212195,0.12766492669880386,0.22185856412261853,0.0873989708308779,0.3219384333377731,0.1407946248390177,0.2445831514766058,0.09308197978124624,0.3033899197416765,22.0,0.20673720524522743,0.07964065290388457,0.3124847251601498,21.0,0.21106631170143697,0.09533771978644878,0.2856129124112943,0.19888902500130973,0.09470842702421381,0.3047200820681417,104,118,0.5866666666666667,9.39,1,10,2025-05-24
0.2014615793569699,0.09119304004653908,0.32400379358653114,0.13032355708901736,0.19781480274265137,0.08705236012172163,0.3268092519371227,0.129537191097845,0.22298208650712173,0.10016196719058103,0.2902915946480394,24.0,0.22765972753862757,0.09018735057502639,0.3121708239674991,22.0,0.22664333323229185,0.10207199423671631,0.2923950115944628,0.23642825595376812,0.09428832783240354,0.2994853204183601,100,101,0.5133333333333333,8.61,1,8,2025-05-24
0.2027567783059914,0.0850335569886703,0.3238198383198767,0.12633592796180695,0.23533885249013028,0.09121956867369395,0.3213934861813315,0.13937308813695648,0.22494757984975428,0.08475305991274562,0.30847806066347605,26.0,0.2311748501851358,0.06392076106978503,0.2911219297898515,25.0,0.24633507459816584,0.09466435997501611,0.2857438110091365,0.21036689580559143,0.08417719716325597,0.31316563134023834,99,101,0.5166666666666667,7.406666666666666,1,3,2025-05-24
0.21666378913898582,0.08326470173964001,0.3220789125136094,0.13296843466484087,0.21798393350421,0.08195481118399768,0.32441191320025126,0.13340826216073007,0.2047442050237896,0.07011258598548734,0.3235690712798498,24.0,0.19758173665433543,0.06989700208739809,0.31262061778550504,24.0,0.21893447361112264,0.08551049485402432,0.30769965594002047,0.2198682335143575,0.10903030014352783,0.34745776461197775,108,97,0.6366666666666667,10.276666666666667,1,11,2025-05-24
0.2005931421543955,0.09064610873527627,0.32632095922193266,0.13038819079132055,0.19982344330301005,0.08725847122246627,0.3209654708782377,0.13099997164587518,0.205351316908103,0.0685018441600744,0.29839624003994536,26.5,0.24658698582256972,0.08601869843378973,0.31966443135065525,24.5,0.2241647394067265,0.10439309623940687,0.2893052913848472,0.23783520363012167,0.09458396534274777,0.30373390075916407,100,101,0.5566666666666666,8.593333333333334,0,8,2025-05-25
0.23496602251270757,0.07983620977861854,0.3109896150540341,0.12636360901975077,0.20770281794985873,0.08155049541354735,0.30756240855124867,0.135498976513159,0.1851296410707799,0.07332644193540772,0.31056791939037265,26.0,0.20560405091454714,0.0888018170223963,0.31586053660246677,23.0,0.20829917074066295,0.10937212167305514,0.30723542757174227,0.21732507175070423,0.08947564936924482,0.31278583344153227,99,103,0.5233333333333333,8.426666666666666,0,9,2025-05-25
0.23338358463244957,0.0851917327723903,0.3182315387418683,0.13009900025808363,0.213625840530403,0.09421334430386473,0.3270262805248976,0.14353475510512623,0.16563051629544745,0.07483523653408329,0.3615533393513871,24.5,0.25130183387385385,0.08523486805066706,0.3231344439388142,20.5,0.19121272067810435,0.10193999137226467,0.32408587410778034,0.24993853066941746,0.10075629818094191,0.2931933748127461,112,104,0.29,12.456666666666667,0,9,2025-05-25
0.22709674857967022,0.08822078712364839,0.3107053887373551,0.12078631417217221,0.19895064187399328,0.07513858732821481,0.31796477333256506,0.11235873574524674,0.20655979826790166,0.07235117813027055,0.32514608047540017,25.5,0.22765137787053336,0.08287376714740846,0.29871531838961657,26.0,0.25136590419865945,0.07835599899907546,0.2997327537475064,0.20318760661153729,0.08229146826313097,0.3010940222259415,100,100,0.44666666666666666,7.913333333333333,0,3,2025-05-25
0.2185388661339276,0.08744822214870436,0.3247676458145798,0.14098381027783594,0.23363102592941404,0.08206472655452297,0.3159528904978353,0.12647505769571593,0.2051201357010208,0.0709277190209528,0.30029972104050784,23.0,0.19258455259892376,0.09195331894641093,0.3342085697836643,23.5,0.20161239505478082,0.09465662286267763,0.3050703624664145,0.1923405238718221,0.1028371049984167,0.3230019265426501,100,101,0.7033333333333334,9.913333333333334,1,4,2025-05-26
0.20914173855116674,0.0806408920029251,0.3069411266756002,0.1380307521444756,0.19962977072484886,0.08335819926595836,0.3101348453260907,0.13019473449129115,0.24517490031491854,0.07160987492740753,0.2989539169456285,22.0,0.2310427572778762,0.07121940333225238,0.30280035263370897,24.0,0.2196116059626784,0.08797023253166533,0.314733487119182,0.2578108062905981,0.08693346461334761,0.2956509640914393,101,100,0.53,7.5,0,3,2025-05-26
0.23288867543706177,0.08034026690009394,0.3074274459661097,0.15217656062738982,0.22067816416951136,0.09499311867514088,0.32375663189840304,0.1572883081710248,0.18644848802872538,0.10084382267657652,0.32280446274925534,24.0,0.22139977098317656,0.08486735281091073,0.3060190964480708,18.0,0.21293393769689895,0.10348368346403718,0.36183967641583914,0.250323642559824,0.10025616357415307,0.2959922256582226,100,103,0.37,9.953333333333333,0,6,2025-05-26
0.21365865045157972,0.08226083622679953,0.30845921793289105,0.15055919762754383,0.21391657919277035,0.09286869008433798,0.31752165986334885,0.11866386068274754,0.22068078957300805,0.08768248314104653,0.300595687861998,19.5,0.20053123105472867,0.08906665488970664,0.29010299893073827,23.5,0.22352015528686847,0.09035177520031996,0.32970727898636776,0.20294425346174177,0.09833443545767376,0.306109839417546,103,102,0.54,9.606666666666667,1,5,2025-05-26
0.2144649007405162,0.08712367394271098,0.324365860265679,0.13955816530696044,0.21061421195039173,0.09482051542110251,0.3088001052234704,0.13069397281785236,0.19446672221215483,0.09052826909859862,0.32265819230918646,25.0,0.2218124522401777,0.08542162618534403,0.3120051381647946,20.0,0.21456827998324315,0.08457822435587548,0.2954873267390899,0.2248603288314815,0.08275683625118524,0.27257816426363424,97,95,0.4533333333333333,8.116666666666667,1,4,2025-05-26
0.23860476824018306,0.08966334828781568,0.32049778029349313,0.1372229265957286,0.20356435674471615,0.0843609094061739,0.31484319938066674,0.13214313641251907,0.205648982148404,0.08415174799479842,0.32287156516614807,25.0,0.18878194368292542,0.09596936206640055,0.2946465200664504,24.5,0.20836853619218643,0.08514288160020585,0.3148104579347088,0.20008917449905606,0.10454624942642043,0.3296172112611204,95,96,0.6033333333333334,8.683333333333334,1,10,2025-05-27
0.23182750864483426,0.0789190701051881,0.30629751185360976,0.14178474898167248,0.2224754442632785,0.09239601852732111,0.326437483929791,0.15111648840014358,0.20303334496490838,0.09167451349785372,0.2990486650673821,24.0,0.25703158960765027,0.0933112447251071,0.2817283560835053,24.0,0.21259723084164528,0.10323952210690199,0.3591887989731467,0.2508889596104276,0.09995440821868565,0.2968153729109345,100,103,0.27666666666666667,8.493333333333334,0,5,2025-05-27
0.21337178959293512,0.08077518755365391,0.32060122170437694,0.13253278638550747,0.2019790585456122,0.07553591991354149,0.30500149056628895,0.12812773557177248,0.21291701766694687,0.07513638161679548,0.29545529957291655,21.5,0.23931908463003435,0.0691229334758884,0.2990415192133584,23.0,0.21652343669143903,0.08707127625395125,0.29835730258474125,0.24970490099922088,0.0772609540296055,0.3038369908068135,97,96,0.59,7.22,1,5,2025-05-28
0.21542279810908177,0.09035294325472824,0.3182159650523673,0.1388014248444952,0.21074647345229366,0.09255013555099022,0.3119679524523855,0.12657309323632449,0.22598869705918107,0.0972590549822594,0.31333651896903736,25.0,0.2379953552088389,0.07867831981620291,0.2879452501582497,25.0,0.22085879075461387,0.09312785371298368,0.33217836408679646,0.2058293071955966,0.0960930517784671,0.3028503868294915,103,102,0.49333333333333335,8.596666666666666,0,11,2025-05-28
0.22176274516820704,0.08410751096236645,0.31950076469573163,0.1330568644529135,0.22922798002426964,0.08736151629867478,0.3092938725384392,0.12388421533953685,0.22292184462893525,0.08697492919173108,0.32314773965034416,23.0,0.18755832894798224,0.08156910802007047,0.2887208914598314,22.0,0.22526292760624209,0.10542034746714563,0.3460964103562594,0.20279248803746153,0.08675602771786921,0.2950555099000183,101,103,0.4766666666666667,9.033333333333333,0,10,2025-05-28
0.19854261797755465,0.08713528981540157,0.32802185490741975,0.1298474774985198,0.22605970869449774,0.08447726065703054,0.3071758986564578,0.12614578142501418,0.20902849705400564,0.08222458026726998,0.3162463103912717,20.0,0.20350789423017945,0.09884378229752627,0.3188611576786927,23.5,0.23725707060017023,0.09331426280743293,0.2973206967411194,0.20418720807533414,0.10168067191087557,0.324621557645699,96,95,0.6133333333333333,8.716666666666667,0,18,2025-05-28
0.2261950721964413,0.08458022315076563,0.32370433168041796,0.1265769218594072,0.20368006833256314,0.08966732157006929,0.326622408220808,0.12753226235350784,0.2709574022426644,0.06875132209945184,0.3001271079335338,26.0,0.25120471496461483,0.0776785185970948,0.3350863023263634,24.0,0.23760701533650558,0.08722889298074821,0.3320722040912056,0.22470270292464162,0.10489855673893697,0.29212719361094475,101,106,0.5566666666666666,8.436666666666667,0,12,2025-05-29
0.20289991323601678,0.08865140264729963,0.30959681831022856,0.12643229776458625,0.23616169154982686,0.08688625444763447,0.3132515828997209,0.13596960441498515,0.24265247441246313,0.08781219609018234,0.31780467797066103,24.5,0.2202483811644369,0.09449162267911201,0.3168100751810569,23.0,0.23760701533650558,0.08722889298074821,0.3320722040912056,0.22470270292464162,0.10489855673893697,0.29212719361094475,101,106,0.57,8.49,1,9,2025-05-29
0.20929852083971287,0.09328093596661778,0.32306626492155466,0.13696727808689368,0.21820920652659634,0.08583547332687448,0.3259676801579176,0.1341685262007894,0.2222415083692892,0.09558226301953053,0.2898135946300898,24.5,0.21109826112376545,0.08144517210748348,0.32789003124216554,24.0,0.2254015000476257,0.1045850521229499,0.2982721107316086,0.21315494380647965,0.09195704478590971,0.30347668429702646,100,101,0.6,9.503333333333334,0,6,2025-05-30
0.20460094977329601,0.08055890994763779,0.32373040501221684,0.12716035491584207,0.22383034647591943,0.08949156825896629,0.3086175514420642,0.1275345509690447,0.22461731103147184,0.0870923357292289,0.3051869680393351,26.0,0.2092423425273542,0.08028713442820959,0.30698075833063404,25.0,0.25359503665793126,0.09438869542265901,0.2913678043135679,0.2173816786359175,0.08499594267536731,0.29883764981792393,99,101,0.6533333333333333,7.96,1,3,2025-05-30
0.22095951437262784,0.08691955316923133,0.3143781905704926,0.12772234475579886,0.21475397557585102,0.0846926209568898,0.316763365985688,0.13598854257216947,0.22529196222049225,0.06853745627515989,0.33500736632711103,25.0,0.20347004593998863,0.09121191433720671,0.29467972432152206,23.0,0.25988145920243494,0.08732089210185331,0.2903485379258952,0.21863218835266324,0.11626133919433948,0.3470361537366645,101,102,0.5866666666666667,9.79,1,18,2025-05-30
0.22137569200863882,0.08160712559027096,0.31487807356592407,0.1271681022054551,0.21371829700948045,0.09083550535605059,0.3137502553832534,0.12864631529636286,0.196160202379509,0.08317979866955226,0.32370878325394137,20.0,0.22670375770467133,0.0857427188338114,0.3129269678303643,18.0,0.2037571504373813,0.100903102629779,0.3214040361941238,0.2317216596213251,0.0816073299109738,0.2705082944722289,96,95,0.45666666666666667,7.843333333333334,0,2,2025-05-30
0.19405863958637212,0.07334440092386313,0.31363067232687514,0.10913057587149816,0.21998620170634203,0.08861349294288956,0.32367875859265105,0.13738123385569984,0.20543712222302138,0.07681214290234693,0.2990041547706532,24.0,0.21827639808777982,0.0728090138440686,0.29779230108329835,25.0,0.20907691174699622,0.08325736659495511,0.303617816183834,0.21201047487673275,0.08309044003755979,0.2956994809711575,104,92,0.5266666666666666,8.49,0,12,2025-05-30
0.2163682336248719,0.09209187738338478,0.3091105315749314,0.14613055075407924,0.21044708791595115,0.07659825527721525,0.31094574192042834,0.13153152913196578,0.22824760863132681,0.06045703146689717,0.3021231112206928,25.5,0.24023366593747592,0.09051499429099613,0.34679710636691674,18.5,0.20465049272366037,0.08416660614078404,0.31988532632629907,0.2511068697821156,0.07748767053090079,0.30265504259231596,95,96,0.5333333333333333,7.423333333333333,0,18,2025-05-30
0.22639820314870185,0.08045257310833893,0.3291891643327519,0.14875194069525546,0.21655447810368156,0.08886722209264361,0.31982381019951095,0.1518918734411809,0.22985346193970585,0.09410020691702166,0.3258136788104407,22.0,0.23294751371252104,0.07807341911159185,0.28000997953692364,27.0,0.23636635771569767,0.08256270015824223,0.34041520967411015,0.25078182485180806,0.09890392946345644,0.29680557373452243,99,105,0.4866666666666667,8.873333333333333,1,13,2025-05-30
0.21714787077702702,0.09004039380736274,0.3172205638803132,0.140600977800998,0.23278526956826562,0.08965926223343777,0.3074794529188686,0.12397503040241996,0.23013457136569743,0.08377256391632729,0.2873524957251187,22.0,0.20937634218386308,0.07062156874856834,0.3098375170522413,25.0,0.20281233311624075,0.09636898381639813,0.299601563071553,0.2105487027871462,0.09582068001277308,0.2924582440514836,100,101,0.5933333333333334,7.983333333333333,1,2,2025-05-31
0.2116430867276371,0.09796657135689585,0.3317735572006371,0.1461185969042854,0.21835245849381799,0.0925200108327748,0.3240545770525285,0.14894335114072013,0.21412410685351294,0.08350317972963955,0.3189486798104973,21.0,0.2585748841911403,0.08645888684593092,0.32319095105251083,20.0,0.2356585267299947,0.08257287483557046,0.3402478014926788,0.24787970437201967,0.09945630167396427,0.2975946589776215,99,105,0.4766666666666667,9.193333333333333,1,20,2025-05-31
0.20663052880914248,0.08945595302525738,0.3140730895030442,0.1363821832091025,0.22853414843528105,0.08087792584939288,0.32145223039915,0.14743498004007524,0.23195431510533956,0.11070804769295124,0.33029596203419087,22.0,0.18687493893876844,0.09872930275529052,0.31720652860979126,24.0,0.2419907522519738,0.08824624486290447,0.33680495476061323,0.2170639174550365,0.10562909274513996,0.35800510559907966,97,96,0.5633333333333334,9.826666666666666,1,6,2025-06-01
0.2086682655408243,0.08085098687155225,0.3129791257779747,0.13773537551486867,0.19725794078749515,0.08411537693868393,0.32301411739145997,0.12308137507575236,0.2328618878774658,0.07242497867430404,0.29628418681589197,23.0,0.1841921889804731,0.09197389723022403,0.2982547149712085,25.0,0.21892581302219888,0.08865218544943657,0.3078522323756712,0.20433014400879568,0.08756494123935876,0.29843589342767446,101,100,0.5333333333333333,8.23,1,9,2025-06-01
0.19498181604712797,0.07775053991064766,0.3173639176763754,0.13246783350814775,0.21895439000407393,0.08760233226755888,0.3379564372761245,0.13473141361074858,0.2629777007053991,0.07576918655818891,0.3042875147847085,24.0,0.21079491572703443,0.09055498693320102,0.3049586392219985,24.0,0.2536235182371147,0.09461692627268903,0.3046428851531984,0.21908351256166303,0.08426668249055899,0.3034381372793802,99,101,0.6,8.306666666666667,1,1,2025-06-01
0.22017562596873932,0.09112284063910595,0.332481981706626,0.12986814789671794,0.21054504249956352,0.09435905524581477,0.318702590139731,0.12825397373059685,0.20458033147273502,0.08946591907686141,0.31207935091519734,24.0,0.21250109972048625,0.08584635007924646,0.30996650361134626,19.0,0.21144460805217813,0.09728717214577154,0.2940826109281307,0.21583854071839642,0.09408072596266326,0.31041063908493916,104,118,0.57,9.966666666666667,0,5,2025-06-02
0.21204599511618655,0.08556877761199905,0.3249067750776847,0.14020660869544377,0.21130496129823007,0.08103596733786828,0.3191235099767834,0.13325333322954266,0.1965617024782127,0.0792096748879812,0.3017395154751237,26.0,0.25262948116474804,0.06444291582158118,0.2893397007346208,23.0,0.21420676691753815,0.11541196327787642,0.34812506966949913,0.24771914093840347,0.07627169323499355,0.30176940175729705,96,96,0.4166666666666667,7.1033333333333335,0,14,2025-06-02
0.21198141287906283,0.09196960151104305,0.3091055330948771,0.12533249088801324,0.21952931563130312,0.08357425855134719,0.32807561689344616,0.1327285487986594,0.195994763076293,0.07583175900879417,0.316983833779238,27.0,0.25536864277292737,0.08332578490928919,0.3135040171254867,23.0,0.21709302818339676,0.10728112998887475,0.3059336879417472,0.21079536631366472,0.08256929082129605,0.2934992624419773,99,103,0.43666666666666665,8.206666666666667,0,14,2025-06-02
0.21660961033480827,0.08702504603586679,0.3140668384559102,0.1271183562646855,0.19863229021518727,0.0864207210983981,0.3172563170162079,0.1296853730597156,0.21770220761724376,0.08298226366828723,0.32708216379671123,23.0,0.21433263817768156,0.08272337746001021,0.30244094801192706,22.0,0.2333542792590733,0.0870652004006203,0.2713896519897209,0.24418643335828363,0.0942295414845808,0.2977894273959987,94,90,0.45,6.916666666666667,0,5,2025-06-03
0.22021919325828987,0.08808047713258732,0.31247186392672865,0.15062370323421334,0.21633479866918323,0.08355736938938912,0.3204757698737269,0.13104778801954728,0.2141903742115857,0.08444328138183216,0.32865609791314887,22.0,0.17985493010158854,0.06347077499915814,0.29525341980329695,25.0,0.20863562023642895,0.08478147994277457,0.3256838445917228,0.22936510627013712,0.10678061766346647,0.3454282450384802,95,96,0.5166666666666667,7.95,0,6,2025-06-03
0.23777871112083135,0.08582264044205928,0.3182353802409212,0.12609805484369307,0.2273609435333191,0.082335627051055,0.3113307528223379,0.14758121658366308,0.19698501895831655,0.09879290708571012,0.321086952765992,23.0,0.2127426827069267,0.10271178909828269,0.32334103338369247,24.5,0.21484939112634477,0.0904191258855518,0.2952308175455748,0.2173668553053038,0.10489095572839521,0.35167641551003886,108,97,0.64,11.37,0,7,2025-06-03
0.19365557049748672,0.08886037331081381,0.3151267709312787,0.12777987753854628,0.20038907286542995,0.0925586912132232,0.31979161851378785,0.1323300051754891,0.21923053304614726,0.08856242479027421,0.3121022637127152,25.5,0.23266318724854618,0.08009086875714623,0.3184701449002522,23.0,0.2587573940946677,0.08835051119701892,0.28909353506526325,0.2305680447759237,0.0914193504118466,0.33720275213256984,101,102,0.5666666666666667,9.14,1,3,2025-06-04
0.23907447587311678,0.08812941169500385,0.3193864584073811,0.14110889733291154,0.21333269564383373,0.08259567586940976,0.32141856034489236,0.13091223584831752,0.19372874616989405,0.08235850599256969,0.3310626433355204,23.0,0.23195500428698101,0.08787055891933408,0.34068527579557584,23.5,0.20604723607986314,0.08450369952654291,0.32603570430574885,0.2303942854254678,0.10589127900932485,0.34581599228406645,95,96,0.5366666666666666,8.793333333333333,0,5,2025-06-04
0.21133395432258759,0.08700699038329884,0.3183726253666757,0.14141472967291338,0.20397105939400592,0.07768426848562694,0.3150325388047466,0.12782330963993033,0.21916606536588734,0.09490852516593358,0.31438708411557,22.0,0.24157613778116527,0.08537478906528374,0.3385572823625205,19.0,0.21857690889900017,0.11634990338501822,0.35386089058518577,0.25106185153809596,0.07800771576250808,0.30089703780991217,96,96,0.42,9.086666666666666,0,7,2025-06-04
0.22165704594900784,0.08451631809963452,0.3268758832361818,0.13234236019746176,0.23160358887960364,0.08143356866513943,0.3144452659941705,0.15856363703976165,0.20734843845732442,0.08205467699208574,0.32672721891395196,23.5,0.1899360812247975,0.10095959875967235,0.32180325718394065,24.0,0.21380318260782386,0.0901217189018761,0.29225883159597155,0.21853945728428176,0.10510772637296535,0.3493650450931307,108,97,0.66,11.196666666666667,1,20,2025-06-04
0.21226024296825974,0.09053473631993322,0.3111469770409953,0.11731182009850058,0.20428819127343062,0.07955182807736699,0.31875858037578186,0.1326361270592105,0.20567854744935554,0.08898402976323563,0.3117912042956649,20.5,0.22361667591648451,0.09611178648112695,0.3317903748589879,20.0,0.20830702810343854,0.09872647405177357,0.3010661156614735,0.2541292772429733,0.0940766005709652,0.30333008228619507,99,92,0.4633333333333333,8.453333333333333,1,3,2025-06-04
0.21534610540586438,0.08490865147218378,0.3262207930241743,0.13574952160944653,0.21193892534602007,0.07963155217560554,0.3225643033840979,0.13420582417020932,0.21795315954410488,0.08482226861487652,0.3149709075494679,22.0,0.22593451421489485,0.08715086962330576,0.3154216391810668,20.0,0.2187885292783596,0.11623413588964124,0.3524646980930514,0.257438676407569,0.07789929298841394,0.30093783991977774,96,96,0.49333333333333335,8.233333333333333,1,17,2025-06-05
0.22300659291684655,0.08837785172493241,0.31142346052087955,0.12039582333119493,0.2310897894401599,0.08127179690303378,0.31139545378331,0.11323476875189759,0.21693110207625527,0.06848033751235212,0.30635745163381445,25.0,0.27336387834347897,0.08226084216221727,0.3439908520319972,23.0,0.20055029523620382,0.0878609842999731,0.30240612487537877,0.21354640331718455,0.0842579433899995,0.30370451814804555,98,96,0.5566666666666666,7.973333333333334,0,12,2025-06-05
0.2161176233844503,0.09117813301432412,0.3079126933093951,0.15168983557242047,0.2158850320302722,0.0827261967945367,0.3204324225367463,0.12831169525239083,0.22174572293339978,0.05941637565659269,0.299861583884108,26.0,0.1939718733888423,0.0690792046084045,0.3057585412256204,24.0,0.20633122116333358,0.08595555560125004,0.3251003059553569,0.23314283623758164,0.10634975563891097,0.34413386286669934,95,96,0.6033333333333334,7.246666666666667,0,7,2025-06-05
0.21572375249021292,0.08944317628237322,0.3214803863626189,0.1189875691145455,0.1984543185491333,0.09360280824640284,0.3127299283479249,0.13340439114213798,0.2270269487750931,0.06938582333705894,0.340136293697578,24.5,0.25483485502613507,0.07913269251751313,0.34225005204934444,24.5,0.25928659787485947,0.08752447906841615,0.2874972788359227,0.2303764366914034,0.09036395536108356,0.3352526881954271,101,102,0.6566666666666666,10.136666666666667,1,10,2025-06-05
0.20808986852227992,0.09771106143764488,0.3021862268755504,0.12491430564696657,0.21587341285441852,0.08747208849685342,0.3075243047882777,0.13697489425668224,0.19628933245023641,0.1029522807340213,0.29815619125940557,23.0,0.21764047831913164,0.07402071480441785,0.31044570408622446,25.0,0.21156682598223298,0.1040156634942638,0.3099541940484587,0.2095481617507982,0.08447222731626046,0.2924868029239116,99,103,0.5033333333333333,8.143333333333333,1,5,2025-06-05
0.21181870015126836,0.08625796800866707,0.31684547770811183,0.12947614222512485,0.21754410475073765,0.08317524296080683,0.3092232123795682,0.1261549229575088,0.2456988603272333,0.09559284003112653,0.2982697838474717,24.5,0.2538327919635166,0.08204381582468195,0.3346337193461937,24.0,0.23008950373622944,0.08866658593388044,0.27298846328601867,0.24099334485944998,0.09392123412638514,0.29259263111056705,94,90,0.5566666666666666,6.79,1,5,2025-06-05
0.22443597578313762,0.09505649472853121,0.32811997182671776,0.15313335489621607,0.222226383045669,0.08166292584577838,0.3252259178302509,0.132562160400673,0.25471625442841256,0.09247432745090708,0.33440689511448063,20.0,0.21586036570041295,0.07963163003679613,0.3164879502294608,23.0,0.24333931325713432,0.09494544676102759,0.3089419694961553,0.21468725409346373,0.09061252574045991,0.290666700679075,99,110,0.55,8.91,1,15,2025-06-06
0.22539658580736285,0.08909736488270512,0.3031985982141466,0.119477644015203,0.21420277023704956,0.08494384631890901,0.3071421931791845,0.14378251497378836,0.2113576682005301,0.07227897131087169,0.3118507546931823,24.5,0.2282142507515676,0.08625879794003233,0.35318655151595535,23.0,0.20862901127481087,0.0943384316509236,0.2890506678221885,0.22391237090998184,0.09295536672811064,0.33191067004562724,104,118,0.6533333333333333,10.33,1,7,2025-06-06
0.22452027635725852,0.08090312621772507,0.3130541363986863,0.1316934289411993,0.22346967264147682,0.0915540662196615,0.30645570198910627,0.13942046136018607,0.21294535111831697,0.09413628190892395,0.31567161008483247,22.0,0.22531613020253302,0.0979013314067746,0.29344906406628923,24.0,0.19336204465094115,0.10021434019996686,0.31076201863418934,0.2381377521449793,0.09477673334431118,0.29876036919031,112,104,0.38333333333333336,9.906666666666666,0,6,2025-06-06
0.22445824503863296,0.08325809890151313,0.31196128567632897,0.14585819807311556,0.22291693031135884,0.08572386701712614,0.3111640654567542,0.14953591124160187,0.18755933058377036,0.07825717962664003,0.3071301617746711,25.0,0.20650395837155172,0.09802307232963986,0.3204695856313762,21.0,0.21687553532692128,0.10488840357631338,0.34679228419951813,0.20806145120370184,0.08508356352459989,0.3247332421394393,100,103,0.64,9.736666666666666,1,9,2025-06-06
0.2159148145356936,0.08646663902988956,0.3268748633471876,0.13854033278984476,0.23546111783849405,0.08399321040699713,0.3121516646114736,0.13441441853088942,0.1988224064663133,0.06976280314833394,0.31910450535280255,23.0,0.19806928560534065,0.07494869335844437,0.32253010759838885,25.5,0.21847078571896056,0.11795765460397695,0.3503846807417764,0.23534571223624406,0.1053216733034934,0.3431094926141962,96,96,0.5733333333333334,8.836666666666666,1,9,2025-06-06
0.23670860200055704,0.07920464370191768,0.30617923469053243,0.11678225204997861,0.2275220980867404,0.08498485440873255,0.3170178260050248,0.12806152167457885,0.19201750294828146,0.08524848660999687,0.2947200102566649,23.5,0.2171757752342611,0.07888937702383733,0.30768643463761886,26.5,0.21603033560376994,0.09748016353696567,0.29823228336426266,0.22626421577992073,0.08890704715206557,0.3344271465635152,99,92,0.5066666666666667,7.74,1,3,2025-06-07
0.2068577380274395,0.09827601851756491,0.3036378173036933,0.12558825697067982,0.1892662902936667,0.07129409239812524,0.3155923125740838,0.10970551052117251,0.21478035368283077,0.0828030141822103,0.3003674244734077,23.0,0.19782598507093407,0.07421548650259246,0.3016068376111751,24.5,0.2112941620031819,0.10496905246511981,0.3069288937371848,0.21164934561297866,0.08667574191800997,0.30070681699641094,99,103,0.5266666666666666,7.753333333333333,1,5,2025-06-07
0.2193312233824765,0.08846739681726774,0.31740853573417943,0.14140702624056875,0.2231933837176424,0.08785898019891016,0.31522019577794225,0.13749085386975193,0.2147187694121349,0.08094415439023182,0.3219018569550528,17.0,0.2046192767330413,0.06652951370915211,0.29038246694707515,23.5,0.20674955992388944,0.08460797138086097,0.29306834656813907,0.20103996856974304,0.09048082231533397,0.2877101579460902,97,95,0.5233333333333333,8.243333333333334,0,7,2025-06-07
0.22785233822995604,0.09270337269245238,0.3260274758192518,0.13692542302011865,0.20490947878025928,0.09126338912810184,0.3227887244157483,0.13997306942853188,0.19228956524955693,0.07017967188608953,0.3086077702708677,24.0,0.21214955231396454,0.07819050285101364,0.2876317409733292,20.0,0.21322091853326988,0.09403555223217963,0.28800111706220477,0.2264243247931479,0.09501376743299651,0.3317426076428912,104,118,0.5033333333333333,9.996666666666666,1,14,2025-06-07
0.2059001930596075,0.08155431714202062,0.31217563481852806,0.13246576284236153,0.19329625891499314,0.0866427374069372,0.31416755599585383,0.12744434269437607,0.2054030192521602,0.07914210872900077,0.2940545089452724,22.5,0.23244245005056716,0.06793750589550775,0.3076215615360859,24.5,0.25121611632437096,0.079114477298347,0.30715413102088684,0.2620486091093731,0.08848387897458693,0.28423647815414255,100,100,0.5166666666666667,7.636666666666667,0,9,2025-06-07
0.22165582392441718,0.07903837460383803,0.3135387398011315,0.15013581632381404,0.21404247187722764,0.09023444192028637,0.3112671907275534,0.14726725541053656,0.18829729186474414,0.10053357649030824,0.3190179392505856,24.0,0.20175725456186983,0.08302809137271683,0.3073772020455455,25.0,0.2175793492526622,0.10468483042761537,0.3437898085378551,0.210814417280571,0.08427192004295073,0.32397784365899585,100,103,0.54,9.183333333333334,1,14,2025-06-07
0.22695315297148225,0.08464680997455513,0.3015929536710057,0.13349360856946657,0.20981881899294963,0.08219456650314133,0.3052192957594393,0.13422247613711358,0.20035905708067805,0.07327433574888213,0.323041087075597,23.0,0.2270590822148441,0.0891281476386348,0.32078043196995637,22.0,0.20039100452144443,0.10883284525008899,0.32276348797309273,0.22425996961122502,0.08635275651931712,0.3054949348480016,100,101,0.51,8.626666666666667,0,6,2025-06-08
0.2147187625434659,0.09195759913880486,0.32791855819571986,0.13374854742468334,0.20804550845280745,0.09202265395573683,0.3228695918861243,0.14785619556821564,0.20412722654070406,0.09162246154701986,0.31072274067887007,23.5,0.21705773630554637,0.0948039700886408,0.30582879899473936,26.0,0.21298502395909935,0.09467844228065198,0.2865683628160503,0.22379786709271376,0.09551534431614225,0.3320392050729718,104,118,0.56,10.216666666666667,1,6,2025-06-08
0.2182119333759562,0.08753993700351942,0.33306035015171215,0.13422485351391575,0.23458216812919566,0.08338593381325672,0.3038948506209854,0.13469922573067347,0.22871856746704788,0.09100181996315237,0.33429473858758874,19.0,0.181459701910892,0.06233593266668548,0.29375875810296437,25.0,0.2207766471378071,0.11717678783599372,0.34992025977358787,0.24134239766342552,0.10568515675886889,0.3417968948508244,96,96,0.51,8.883333333333333,1,6,2025-06-08
0.22093522250071773,0.08861291337954025,0.309546673985494,0.12779741172488565,0.2080748049550116,0.10097075020133474,0.33135400123538755,0.14558561569142048,0.2200538218286115,0.08425232517660913,0.297826280115898,22.0,0.19636050309048086,0.094391547735109,0.31491208232068696,21.5,0.20204583585165387,0.08628899023814791,0.30559814803818963,0.23409472524978053,0.08116389392421691,0.3298810181873391,98,96,0.5566666666666666,9.23,0,10,2025-06-08
0.22843244974520177,0.08334624802847394,0.31575723253692933,0.12891522573046285,0.20640471900953536,0.09109190963415967,0.32992654251728837,0.1439175266682868,0.2689655884277554,0.07395320598867233,0.3004695069259937,26.0,0.23294703726908075,0.07272123784670559,0.3245113322246824,24.0,0.22685932331547587,0.09079185068671328,0.33345856213411396,0.200726935097043,0.08952654743990962,0.2893018378649873,101,106,0.4666666666666667,8.193333333333333,1,7,2025-06-09
0.23450020184968087,0.08305906925527368,0.3079616356634795,0.14403587354517913,0.23141919551682363,0.08522152301887428,0.3277103863766774,0.13714967036341058,0.23253591597484133,0.08701239217528625,0.335805895275029,23.0,0.2264896850241406,0.08300961380304114,0.2956908187013015,17.0,0.24131321280554968,0.10448478117471105,0.3385358349605481,0.20757970855245184,0.08235420762570644,0.29184801390450965,101,103,0.41333333333333333,9.233333333333333,0,8,2025-06-10
0.20073416141065872,0.08116504964537441,0.32295413584682264,0.12100156125929581,0.19505359124716884,0.07669909065074071,0.30941467017991253,0.12294597004629172,0.1805389831763345,0.07573188730402301,0.30393854309230595,22.0,0.22591556824996398,0.06953430008475896,0.33538198869923713,25.0,0.2003292503628617,0.0883043527834837,0.3066686450361312,0.2620128800212342,0.08885404802110852,0.28893034041562077,98,96,0.54,8.496666666666666,0,19,2025-06-10
0.2051140854440196,0.08708729189485123,0.3202569581479108,0.12800000436354977,0.20882726100509513,0.08606677304295678,0.3269666850889046,0.1423328809480918,0.22393796544448416,0.07467654616902714,0.30651188450135614,21.5,0.19871722821599286,0.07921546811424095,0.3229050868976867,24.0,0.22434950930829484,0.09114805083826406,0.3292328017814371,0.198970467551226,0.08900220244662081,0.29384030146431234,101,106,0.5633333333333334,9.413333333333334,0,12,2025-06-10
0.22903418831210237,0.07848566111015139,0.31369074314382644,0.11086716429985294,0.22636858549028271,0.09571646192338999,0.3268555446099604,0.1557149579800559,0.20212985946311549,0.08508950064189855,0.26934383417792995,26.0,0.2330275808241568,0.0763001618362842,0.287300247768559,26.0,0.21426206994671165,0.08775341911876064,0.30378738533645777,0.24354199115063518,0.09436049322399223,0.3161642372744465,104,92,0.48333333333333334,8.39,0,12,2025-06-10
0.20175389011034695,0.0950054441850288,0.3060008220242655,0.1188421010980521,0.21756821336970777,0.09370208105395882,0.3244750273343212,0.13750860520982086,0.18434602697153513,0.0973928177510459,0.2931314193649922,23.0,0.23115618558850942,0.09350400591181646,0.3003046674942114,24.5,0.21817445843775896,0.09521580190664125,0.3077628835923166,0.22968240558811054,0.10257720940106405,0.2994659199787586,98,102,0.49333333333333335,8.183333333333334,1,5,2025-06-10
0.22748443159209034,0.08279941942937405,0.313525681678986,0.1569627699956658,0.22829905162232114,0.08824434477934531,0.3414904493204441,0.14207907168647824,0.1885963036459362,0.10162604024926494,0.3290668490615497,24.0,0.21778638247633858,0.08365960515808399,0.31131079996357186,19.0,0.21536624100329715,0.10288164904946204,0.3427814367060358,0.2213015795311381,0.11378598730234071,0.3498973780283312,100,103,0.44333333333333336,10.55,1,3,2025-06-10
0.23846906541791568,0.0758902664414009,0.30620096555088566,0.1481629829114713,0.22021814218641747,0.09390545171908406,0.31633317360737134,0.13951633194478053,0.18162215906957216,0.07786317095245743,0.31029152883142774,25.0,0.19757431324845426,0.07106656567658297,0.31742692762474933,23.0,0.21489880015377832,0.10183959986902186,0.3413805401164176,0.21946650626813696,0.11444942511393696,0.3493269399762789,100,103,0.5533333333333333,9.726666666666667,1,11,2025-06-11
0.21527496361835297,0.08558568114298562,0.32735631723735703,0.1424063166498205,0.21615278377670713,0.09007835059157057,0.3229342003140564,0.13872325460002624,0.2000187458234592,0.06486422245267168,0.3122665124561169,24.5,0.21230858819167547,0.07903917607462012,0.3134458081878282,25.0,0.24062810308754085,0.10301149715275476,0.33678027728171556,0.21092890505124656,0.08116923429508457,0.2914085318335188,101,103,0.5,9.413333333333334,1,11,2025-06-11
0.20606627324317411,0.079388982173882,0.3202057980067444,0.12948695750909847,0.21846684061837662,0.09657445640947808,0.29876877925612905,0.13673617798063067,0.21858066938132759,0.09503542735944168,0.3389065732600417,20.5,0.1957405955876797,0.09886826042699715,0.3019622674001478,23.0,0.26079158808355823,0.09642555876321221,0.2959562539771424,0.20966606123456535,0.1046853555855164,0.3109474943339854,99,101,0.54,9.016666666666667,1,12,2025-06-11
0.20849372825357065,0.08930392682090688,0.31932812750761586,0.12365173118705489,0.22615177591815458,0.0796598159653297,0.3073458727582172,0.11673897275232359,0.18254092752926832,0.08651981633226298,0.2889686387054846,22.0,0.1989432529110771,0.08056287102378398,0.328323739296317,20.5,0.2155959198832103,0.09659734310794264,0.29095089614301806,0.20537372101350135,0.09070432312401035,0.31744327546946993,99,92,0.6733333333333333,8.34,1,7,2025-06-11
0.18654570788257363,0.07679374962470994,0.3188377467119603,0.1167149104809203,0.2114685146167579,0.09176155588782693,0.3146186652535621,0.14110697629776522,0.20658017090559025,0.07906846136220477,0.30411190557187245,24.0,0.2542422207745548,0.09615119875541975,0.32909082053142696,20.0,0.21355177791861207,0.08737202340865252,0.30742299207112156,0.24026475300186095,0.09386611996909702,0.31974284405207887,104,92,0.5533333333333333,9.043333333333333,0,1,2025-06-12
0.2004550979767865,0.09432482413222168,0.30539017490186754,0.12353190684016337,0.2063217520293904,0.08219949470544403,0.3197786606242134,0.12691313831905793,0.21797178703520692,0.08628257206435375,0.3140597920248254,22.0,0.23967146300668857,0.06449902256127518,0.3249395449475975,26.0,0.21989572015302017,0.09394927209896925,0.30709608233852326,0.19946710775096532,0.08745560886402107,0.3080668017976823,98,102,0.49333333333333335,8.166666666666666,1,6,2025-06-12
0.20957613019138702,0.07938504635985627,0.32053892393730304,0.12917141454547013,0.23934328070155372,0.07922073501157932,0.31197107196805784,0.1298312079305789,0.23620908814099126,0.08462510413308935,0.3012684194833022,26.0,0.18295051611349827,0.07057817244191415,0.3038074364744909,24.5,0.26296172055035916,0.09559594910989588,0.29548682737476745,0.21029616779847976,0.1048093444284117,0.31420697467449366,99,101,0.7066666666666667,8.003333333333334,1,7,2025-06-12
0.22654145258655012,0.08197806409949328,0.3112900860955676,0.1318485943070062,0.2101067932789238,0.08836679214317548,0.315613448295202,0.12560750482977787,0.16431385183809455,0.07927746217923691,0.36148238891281287,24.0,0.22720768275313868,0.08920953475386278,0.3109624196228046,21.5,0.19525160220265717,0.10544569783260682,0.3189722731038403,0.22766153479283852,0.09043273316604988,0.2762958257902664,112,104,0.3466666666666667,11.263333333333334,1,15,2025-06-12
0.20247148070814666,0.08949329350253615,0.3178133280964646,0.14871953847621866,0.2007720686567568,0.08412436638267232,0.3125287202544556,0.1288589549839019,0.22677464581218593,0.09777094851642618,0.2964553592237385,24.0,0.2211126844162709,0.0703314127833857,0.3080006196627738,24.0,0.23911641900520703,0.09373869344410163,0.30124152173195384,0.20073117174538083,0.1080074018532435,0.32302397140665895,98,97,0.58,8.506666666666666,1,7,2025-06-12
0.20570846026863104,0.08639848477725905,0.323009660891749,0.12890930901683328,0.2154711763573121,0.0877081280047886,0.32083864098295284,0.12581184626691844,0.21600683393068032,0.07713559165711306,0.3050064748449634,27.0,0.2310122706536834,0.07089114017406763,0.30522995976252437,25.0,0.2212745487579832,0.09066704131376718,0.3296662965429528,0.2622445327103844,0.08748088551550312,0.29294843370832935,101,106,0.48,8.78,1,8,2025-06-13
0.20037336103765416,0.0838804581183837,0.3108748384552224,0.12783848436812242,0.2249503153185844,0.07869409686141106,0.31195525985076383,0.12310484323227827,0.1898686844708325,0.09242114257833378,0.2973879964356151,23.0,0.2295694147842003,0.09030730151166425,0.33432526969530374,23.0,0.19909749555095446,0.10836728449821226,0.3235898859881209,0.20494659694673395,0.09143940313394051,0.3158329986078897,100,101,0.53,9.04,0,20,2025-06-13
0.20754254238197575,0.08693649056717073,0.3291400728100422,0.1452935169150964,0.20967566877602029,0.08921404254902353,0.31884516806675056,0.12332542132911373,0.20827907174147922,0.0753280101083053,0.3175579125200768,24.0,0.2427038194637916,0.07099847405973107,0.27088314879152714,26.0,0.20337946501404375,0.08783320503144842,0.29184887663091164,0.21791247632945876,0.09747955257595664,0.28849197147473604,100,101,0.47,7.956666666666667,0,3,2025-06-13
0.20340995065419099,0.09194685657431216,0.3334601174211257,0.1496554063874451,0.19428669401188167,0.08946162001602737,0.31983939637796704,0.12349178077923678,0.21077565263550785,0.08463092510693343,0.29195059882714114,19.5,0.19740851152475597,0.08937355854974041,0.30377336530947197,24.0,0.22246624053627978,0.09605747865347797,0.33272207088328465,0.23872747082880164,0.09406382501247947,0.2960380090680186,103,102,0.5966666666666667,9.8,1,6,2025-06-13
0.22797683021985357,0.07525477730107477,0.3119366117671145,0.11385902858801848,0.22040903450335747,0.08220964496778392,0.34053608104791244,0.13825391703170867,0.20539180296285747,0.07853137475551626,0.32545344305962026,25.0,0.23204188809850274,0.09118031540496012,0.3339836943396565,19.0,0.2153122397159824,0.08719041482565904,0.3064213239145378,0.21901394400409677,0.11529237113054129,0.35048901194296134,104,92,0.52,11.493333333333334,0,4,2025-06-14
0.2067633150162054,0.08710574901814933,0.3241403532924784,0.1283468381704254,0.21331179589738564,0.08656018186584322,0.3266281818306533,0.12080599889054845,0.24096509582898967,0.090107828314402,0.31691919506127825,26.0,0.2012339719856164,0.0874363263264292,0.33558607740806323,23.0,0.22044542168523568,0.09178062787744015,0.32878116164817783,0.2611877116340657,0.08717907166140743,0.29619010440097526,101,106,0.5066666666666667,9.406666666666666,1,5,2025-06-14
0.20965413153426346,0.09153542651018814,0.33005280006578036,0.13070500332373122,0.21711664017478768,0.08136261757104814,0.3198770767089095,0.1280577462628518,0.2173388451245208,0.09158028312572367,0.3063085561008371,22.0,0.21202887998655584,0.09576567585386359,0.32263845005892716,23.0,0.23039653804307075,0.1024672736122253,0.3019357519964932,0.19690372169021034,0.10699772999196767,0.32324151379654975,100,101,0.63,8.973333333333333,1,5,2025-06-14
0.23356367686630242,0.08415253864021827,0.30523496368973785,0.14299893628571797,0.22231893146735254,0.08345125069596518,0.310232454548631,0.1513660410517198,0.17783696553242137,0.061877042197458335,0.30050136401651284,25.0,0.19929484818499466,0.08803751670148904,0.30801106218376645,24.0,0.24384956640793973,0.10031355857318075,0.33393771636888325,0.2163144140995887,0.10326395248478168,0.3406941663530152,101,103,0.5966666666666667,9.073333333333334,1,11,2025-06-14
0.2294193361471127,0.07368114136046813,0.3108403623721236,0.11566064595965063,0.233247774729597,0.08230402110552779,0.311576607862852,0.14202728037499307,0.2043710373656213,0.08261299602874106,0.2765668199880462,26.0,0.20828933328532137,0.09481510564520049,0.30393976932916134,22.5,0.21330687533322373,0.0864269446587077,0.30486149543635727,0.22004934222112246,0.11449139519725368,0.34891698362399626,104,92,0.57,9.036666666666667,0,5,2025-06-15
0.21388734689696698,0.08264235688859732,0.32203101672070794,0.14026842688223695,0.2165532374653941,0.08816905093994692,0.3236188624549764,0.11981252375129221,0.20070934930651518,0.07596616892504904,0.32961519602725675,22.5,0.19828674851670441,0.06920397463541872,0.3165263956393277,26.0,0.202640897332876,0.08834352839159511,0.29277912610994916,0.21591799708484846,0.09592460091816618,0.2857604920707152,100,101,0.5566666666666666,9.003333333333334,1,5,2025-06-15
0.20695785178872103,0.08801473691672486,0.32158105293732425,0.12903170761503996,0.19194440666814824,0.0790984689634569,0.31256770531597516,0.12194854908727946,0.2691289642995599,0.07263474096055296,0.29572799156594426,26.0,0.21065113131848298,0.08793439412019677,0.3022851950722326,25.5,0.2210938319410514,0.09140433846760976,0.32725796104646565,0.25890064421026704,0.08755672449336946,0.2951127754221854,101,106,0.5733333333333334,7.6433333333333335,1,15,2025-06-15
0.20215034415305136,0.08982005707744316,0.31575396390702004,0.14420756304215868,0.22172329519863657,0.08662147792789146,0.32208034728960816,0.1348272902660719,0.21768133673046963,0.09185385788778312,0.31519451820364053,22.0,0.21586394153839267,0.0867832963660626,0.320651751422372,24.0,0.23395262638444483,0.09099930362591421,0.3099442889283326,0.230906776007935,0.08207577724410436,0.3082620099819515,98,97,0.5733333333333334,9.016666666666667,0,9,2025-06-15
0.20971967825020338,0.09459293345774705,0.3267010783894194,0.14997934221052803,0.19002506297403077,0.08748512665359194,0.31620873385425347,0.1204374082061048,0.23453782873778653,0.07323131086710301,0.2899046139103031,24.0,0.24212623588943097,0.07893144827954349,0.3113940790066331,23.0,0.22050125071478727,0.0963643301633039,0.33000182670540984,0.23873344527810791,0.09500958562180724,0.2965652585776467,103,102,0.5433333333333333,9.113333333333333,0,10,2025-06-15
0.23665961783996328,0.08411029264057626,0.31354453531090026,0.13723881033063956,0.22500432801947184,0.08078492351945915,0.31980196468132505,0.12730881574778458,0.23827615660031076,0.09514206917432484,0.3066288055721541,24.0,0.21790011067803078,0.08654810357930587,0.31405300291922433,22.0,0.23389854628316728,0.1015153663908358,0.3012045602179981,0.1973874982922289,0.10641340131904087,0.32250453614682173,100,101,0.62,8.753333333333334,0,11,2025-06-15
0.23241740114085246,0.08375778958177237,0.3084563824867302,0.14188243004194342,0.22110367885925125,0.08312530716413745,0.31369027171966135,0.14867443106124784,0.21357738530206322,0.08762609280527009,0.3116448780483091,17.0,0.2140938887956295,0.10165348241516128,0.3165656978894008,25.0,0.24518353391125688,0.1012515166898528,0.3326940306533429,0.21602364841259833,0.10216069433910158,0.3385760737388622,101,103,0.5533333333333333,9.473333333333333,1,13,2025-06-15
0.21287115311647822,0.0905240243852327,0.31676811964639495,0.14675337210658052,0.22708411094740338,0.07676156991558086,0.3227403431559883,0.12807781080874486,0.2579275868532293,0.07778025124662309,0.30053150745714896,22.0,0.20163412114975915,0.08439829770618618,0.331720191759564,23.5,0.2121493158337177,0.08847600969301257,0.3233666589581044,0.2217216920157828,0.09625769710751969,0.297222407227275,95,96,0.6233333333333333,7.81,0,2,2025-06-16
0.2172609127453519,0.09586559290653339,0.3231999483799492,0.16023738498125206,0.2268716853675292,0.08331482213614967,0.3132177454675124,0.15733731804351195,0.2349927831005331,0.09346434506742271,0.3093039949766149,23.5,0.20270242736311558,0.10079042783230394,0.3251127580210035,24.0,0.2395705775622874,0.0955244066366435,0.31110930402987075,0.21681790804840162,0.10195697819558676,0.341320350180651,99,110,0.66,9.406666666666666,0,1,2025-06-16
0.21743360457852884,0.08381699229205505,0.3273883802987456,0.139132168626396,0.21654376733562414,0.08557319483061675,0.325806979636684,0.14258059808843088,0.22229017585802296,0.07981503710778982,0.2998582019113895,25.0,0.19989303452757418,0.06337347639386051,0.3088714679935696,25.0,0.22985725638355237,0.08445296195937241,0.30754007542881845,0.24627658032699407,0.10095630215786691,0.3307669897516914,97,96,0.6133333333333333,7.55,1,8,2025-06-16
0.2018368785675719,0.10163421931382989,0.3246961403187588,0.15128430278387106,0.1930925703343269,0.08913236875237601,0.31336998219856627,0.1262909781554456,0.21808404082762342,0.08644622973883187,0.31394414538438575,22.0,0.26217755466027287,0.08912483268281816,0.3328733783467236,24.0,0.2315245318865511,0.08351563081210218,0.3295359580633642,0.24184408386161166,0.09434785410550828,0.29688715628079954,99,105,0.57,9.396666666666667,1,9,2025-06-16
0.22467084150796537,0.09337341030107095,0.33282812476833473,0.14241918827813868,0.23770389071104622,0.08156172220093762,0.3192951010842452,0.12718673388053836,0.23584932788027407,0.08338659646052285,0.28458407903982685,23.0,0.22781625844150777,0.0885041481122795,0.31817293733413815,20.0,0.21152782731217218,0.09239809651565116,0.28889889355154696,0.24379122877129739,0.07783158623480935,0.3165033168493091,104,118,0.6733333333333333,9.07,1,11,2025-06-17
0.21666881342996688,0.09299097290666121,0.3307719622977035,0.13342502224443584,0.2229189825579092,0.08518589000718346,0.32940283421713,0.14840470852172963,0.19227241160326744,0.05657942174004412,0.3113156278623135,25.0,0.1984140679235064,0.0733432489357836,0.3256771200078619,25.0,0.22913966598255042,0.08407718806328529,0.3060767497734581,0.2507589605523668,0.09987957114912502,0.3314388186878187,97,96,0.5933333333333334,9.056666666666667,0,6,2025-06-17
0.23671945107650968,0.08406776187394416,0.3112102492457614,0.13619120647210134,0.2025010537197043,0.09387769915310147,0.31446389503018285,0.148514118681747,0.2279477734601869,0.059245203359837496,0.3025316982656893,27.0,0.22172768047596883,0.0793251724893982,0.303025721409819,26.0,0.2308373574208078,0.10269755712359055,0.3047146272183019,0.23473661423229328,0.0923067739782083,0.3111465843704969,100,101,0.49666666666666665,8.043333333333333,1,9,2025-06-17
0.21513766917958976,0.0907709110674611,0.31694447224185834,0.14611957303520084,0.22545467616098344,0.07631951583095054,0.32188004339035,0.1311481558164805,0.21808662745146107,0.059631799190986136,0.29958756437704004,26.0,0.21455800683075077,0.07737232584870146,0.3236950393243957,23.0,0.21143949350506297,0.08909123547750467,0.32054725188565536,0.2232817865990981,0.09781661449075821,0.29648505568488537,95,96,0.57,7.163333333333333,1,8,2025-06-17
0.19624160956610792,0.08315753337330913,0.3085637707213171,0.13085075042042452,0.23735741066940172,0.08464164962384817,0.3246503034936508,0.13227102664330498,0.22160900543966794,0.07395427553695183,0.3029224616131696,23.5,0.16110302735589427,0.08154941695231047,0.36569092773064793,24.0,0.1969894784110599,0.10560852623659056,0.32630394158909753,0.1978346679281781,0.10646200371771723,0.3199811570355357,100,101,0.6866666666666666,10.206666666666667,0,16,2025-06-17
0.2310969505521666,0.08403537176489645,0.3335313029681438,0.1411765850183546,0.2110780658663285,0.09016307380989437,0.31542153669768336,0.11615709396025181,0.21587940924288934,0.07903674614767008,0.32260385978037875,25.0,0.18165430689462003,0.08496394145467549,0.2899857210147642,22.5,0.20636605626193097,0.08072088372339589,0.30176091531059523,0.21405890682234227,0.09568782743373652,0.2851106908759637,97,95,0.5333333333333333,8.4,1,10,2025-06-17
0.21276624021920545,0.08409619640976385,0.3078543294359938,0.1425768655933963,0.1964976932908169,0.0751594955627961,0.319265530961114,0.11095437048368142,0.20501764460930627,0.10295035206214984,0.28835368927224575,23.0,0.20178861584156194,0.08214899315187271,0.29548081976263163,24.0,0.22557945470918456,0.08147598585555037,0.3060627331576944,0.21302086724445765,0.08702236175486268,0.30620560419289866,101,100,0.5433333333333333,8.25,0,7,2025-06-17
0.22369016475460374,0.09192620389613892,0.3274810384281852,0.14601524700722168,0.22567913971677184,0.08247448315483137,0.3117708787750391,0.15618484746741929,0.250901392188296,0.09425813039146695,0.3246131358088031,20.5,0.17918614680199021,0.07596210485727611,0.31161700582098906,25.0,0.2398874073555516,0.09600326351958959,0.3113931900022588,0.21757796879489855,0.1020707068276204,0.3394316866668694,99,110,0.6566666666666666,9.456666666666667,0,4,2025-06-17
0.21065849181025986,0.10069808285557712,0.31826580282038264,0.1314275376086194,0.23066755746194,0.08046744379286848,0.3110735218920991,0.1284190524539036,0.24896138159486567,0.09311764004048237,0.3003020482095574,24.5,0.22943968320067354,0.08272800375865622,0.32603948996073856,23.0,0.219990950139648,0.09401072132989913,0.27813155297476255,0.23266735298443875,0.08918323644653002,0.3324266271130555,94,90,0.6433333333333333,6.69,0,5,2025-06-17
0.22013151511507192,0.08218769438514287,0.34290772243209466,0.14498183156905395,0.22308141953499078,0.0803272003541129,0.3124950350941645,0.1282413616281714,0.20806304516913857,0.0689841861475676,0.31756363464320075,23.0,0.20977497328751588,0.09239872289710913,0.3326959711600179,22.0,0.22414489672829946,0.11261720542780508,0.34671906822817883,0.2647548529382632,0.09237102027756605,0.29468392399116405,96,96,0.5566666666666666,8.336666666666666,0,16,2025-06-17
0.21487758933662574,0.08507579511482666,0.3209245153813225,0.12815214141795908,0.2154664680723935,0.08439916387109961,0.31091682928954545,0.15611843717346863,0.2227968903274295,0.08549863268900368,0.2854648314267345,20.0,0.22180917163721206,0.08023108782012359,0.34557901772845384,23.0,0.25375868602255247,0.09174594192285371,0.2993619769929978,0.22041672225571682,0.0935857631903999,0.332429587488373,101,102,0.65,9.95,1,9,2025-06-18
0.2058464214499475,0.09550464429829718,0.3250331399007671,0.12972509433851917,0.23625567541573908,0.07496628828947836,0.3150022326079711,0.1361064854915587,0.2140323813426893,0.07264840452199378,0.3162768263333988,24.0,0.1948171403376319,0.07583768165469604,0.3214619017010556,26.0,0.21363901814133113,0.09301393204320055,0.28698962402785283,0.24274790698594034,0.08090181316463008,0.3155202038536423,104,118,0.6066666666666667,9.566666666666666,1,6,2025-06-18
0.20940622319101376,0.09174968783559732,0.3299844151294636,0.12969410496635195,0.2244208839037841,0.08882306816733505,0.31310793256849323,0.1461095776059513,0.2670449095335121,0.08522479563845767,0.3241972467928519,25.5,0.2067322612098218,0.08028235105187996,0.32663650263460253,20.0,0.231779029846586,0.10163730247381778,0.3035328421335466,0.2340484020143649,0.09298404631909327,0.3104903482308577,100,101,0.5366666666666666,8.723333333333333,1,5,2025-06-18
0.22979589682807713,0.08324602841072894,0.3330748232243368,0.14452999557061885,0.2263905222950372,0.07807159758112886,0.3078752638356215,0.11088007641725506,0.2724697371754076,0.05657102509517237,0.2959560342965244,24.5,0.19947579637709253,0.07852687041889417,0.29387816870568384,23.0,0.2064999552836846,0.08011731683466164,0.29935806105400464,0.21360421664229695,0.09607261293288431,0.2871957888351879,97,95,0.6333333333333333,6.803333333333334,1,11,2025-06-19
0.21740795756433823,0.08317709063677803,0.3077799249022778,0.1415444785655714,0.18998536238559505,0.07422751456971316,0.3168186814482674,0.11264723631249046,0.23807421739321968,0.09109679415225211,0.2856885139639536,17.0,0.19752923404075884,0.07244912656376057,0.3092812929601985,25.0,0.2245156772253895,0.08112685744889311,0.2994077153671322,0.21568299812243344,0.08512480023290947,0.3059110587129388,101,100,0.6133333333333333,7.69,0,5,2025-06-19
0.20797383689045382,0.09195457953414334,0.32889958376572553,0.13091228410341618,0.20023593096460035,0.09288678519224434,0.3164637243181,0.14646373222972284,0.2397177637702309,0.08858300246885552,0.3076646167810259,22.5,0.209860753207492,0.08051375097475325,0.2993811888309918,24.5,0.23149629791359438,0.10152795244979645,0.3030989636787979,0.23290775080359416,0.0931802146581692,0.3091077001811108,100,101,0.57,9.183333333333334,1,8,2025-06-19
0.22075907074623513,0.0905072924275565,0.32986205648592004,0.13426271619845426,0.21352035817430007,0.07996326734781352,0.32102360417631526,0.13830118093750324,0.19577293748897234,0.06940696476230152,0.31581766849646387,24.0,0.19159904745377515,0.07762146707372197,0.30365093890103323,23.5,0.21359740090561927,0.09298849170525764,0.2869800665703064,0.24268143204740955,0.08088885751988249,0.31548442520579106,104,118,0.5933333333333334,9.59,0,17,2025-06-19
0.21589437966611236,0.08781770340497945,0.31960148070774447,0.1402710648514734,0.23548347387164398,0.08072333158747108,0.3009710584719909,0.12514153180562676,0.21527537461811153,0.07693111998214147,0.3193425767844393,17.0,0.24291071342271872,0.07189503415188075,0.27181765504191086,26.0,0.2064999552836846,0.08011731683466164,0.29935806105400464,0.21360421664229695,0.09607261293288431,0.2871957888351879,97,95,0.46,6.546666666666667,0,12,2025-06-19
0.21832225487644055,0.07848186812696235,0.3200457580644252,0.15213338651099084,0.2274522619551347,0.07812798062429525,0.31272037667650154,0.13282831750715168,0.20593266437278362,0.08548674127860564,0.31109782042885753,22.0,0.27910648336321287,0.07462425464536837,0.33586712542730857,24.0,0.2284579572413285,0.08417766353115078,0.32566976509591106,0.19867145281042317,0.10402566104292048,0.3256626062092311,99,105,0.5766666666666667,9.453333333333333,1,11,2025-06-20
0.21508730435900938,0.08395295714433501,0.3195020444446659,0.14322312097934367,0.20389033596168885,0.09202208459375726,0.3088956563838796,0.12524874915503376,0.24661920764591028,0.07136696222374705,0.28496478774037903,23.0,0.22286662500277254,0.0921030453178091,0.29339453841304886,18.0,0.24502566303967782,0.08061540292930033,0.31694577877510255,0.22141417616126624,0.09304128377083272,0.3078087272001446,100,100,0.59,7.623333333333333,0,23,2025-06-20
0.2191137406059396,0.08610559751487869,0.3071267921446273,0.14926591284925303,0.2176007168271673,0.08282795085453497,0.3146818618826272,0.13276601327155568,0.2214745913161994,0.09971383425881003,0.3253216495490608,25.0,0.274127495217818,0.08314205363333065,0.29430173087340816,24.0,0.21660543640397073,0.10171905791714939,0.33558760475543425,0.26585252462670134,0.09181757472899257,0.2954540182878377,100,103,0.36666666666666664,8.233333333333333,0,5,2025-06-20
0.21295056245039512,0.09043754610497519,0.3127102101047396,0.12138220331178899,0.20476916649406635,0.08189286375634658,0.30633357514673865,0.13630562330592827,0.2247277594164866,0.08165536729520353,0.3235674122878519,21.0,0.2354719170054521,0.06876278982543474,0.2879046216509158,23.5,0.21168645873398884,0.09387666609464054,0.28578456052862633,0.21949753120243665,0.08175325240485694,0.29624966266501984,99,92,0.4666666666666667,6.6466666666666665,0,8,2025-06-20
0.2128725781895818,0.08506283077973165,0.32452188370229285,0.11940307819016811,0.22232316367099603,0.09406601705957232,0.33707846359912536,0.13789071382625334,0.18993040186909124,0.08146162864108132,0.31478955051300306,24.5,0.19986706340149057,0.09443643437711668,0.3075922957191295,23.5,0.20279841624913075,0.08724859882060809,0.308502166778052,0.21220993626623072,0.09645354736387438,0.2911960187285889,98,96,0.49666666666666665,8.626666666666667,1,7,2025-06-20
0.20774795865149898,0.08686611227281629,0.3246146780316371,0.1469114433848146,0.24010696545913715,0.08293319936099434,0.32151346415307075,0.1351873869449837,0.22141891780799006,0.07495129061895964,0.31578794543007044,24.0,0.2366875910714283,0.07894409032998664,0.3300033584324356,24.0,0.202844188199917,0.08962665172333231,0.28959497356976327,0.21353251268149287,0.08786311785987151,0.31771800390957294,100,101,0.5966666666666667,8.65,0,13,2025-06-20
0.20536402184944308,0.08744969030651034,0.32299699289813,0.13019492146946798,0.2058430460070905,0.09172742506827063,0.3080041621531657,0.150241110031408,0.27410844720803873,0.06958034645300695,0.29568988497819226,25.5,0.20867923308497427,0.08925022638235663,0.32674638115478827,24.0,0.21995228749310305,0.09021578326036095,0.3286874341737577,0.23041655994679341,0.09431961327311134,0.3090381557598088,101,106,0.6233333333333333,9.106666666666667,1,12,2025-06-20
0.20025563900220444,0.10126273836736038,0.3240255557446001,0.15054870481609625,0.19131865902928186,0.08159027045342135,0.3081639642553921,0.13197081278678058,0.21270762563093268,0.08972556545890148,0.31201419559172666,26.0,0.1836171208946826,0.07670317813645099,0.2996792233444927,26.0,0.228416287147367,0.0837466373892661,0.32590456461634354,0.19777522209436935,0.1047187651498091,0.3249230991725922,99,105,0.59,9.483333333333333,0,10,2025-06-21
0.2062880595326978,0.08990571305562058,0.3236492693585169,0.1511960823130808,0.21519913504191646,0.09564842270512403,0.32244636761592244,0.1378956564143876,0.2077248237456255,0.07407509190747276,0.3095128201616056,24.0,0.1952804320811431,0.08195686077484918,0.31724288556929375,23.0,0.20299687053726312,0.08864032658389422,0.29607114059058237,0.21179507151505178,0.08851119473846705,0.3160319588002074,100,101,0.62,9.133333333333333,1,17,2025-06-21
0.21627591322817452,0.08094257421203988,0.3084768676457342,0.12414405558588941,0.19882356605699406,0.07740210904316366,0.31676907911982205,0.11780291963063072,0.26623039067062526,0.08666858990879356,0.3419562959825458,24.0,0.21142994888457545,0.08056177798348739,0.27947829078555475,26.0,0.24023507860839133,0.09737284805045379,0.30024665888273494,0.2117933430306493,0.08461397111522043,0.3061716662197104,96,95,0.4866666666666667,7.23,1,6,2025-06-21
0.20578824779973806,0.08796994187526291,0.32456036169344576,0.12970543969666742,0.21203713584796702,0.09455451679827348,0.31467418429261995,0.15792406078160337,0.2145738076402688,0.07765909479559932,0.30682922489585324,21.0,0.21229258754030692,0.0976470776058044,0.3136476128714607,22.0,0.2189868931436429,0.088958532318645,0.3269695188786046,0.22911494299745822,0.09412517425443324,0.31340766400233144,101,106,0.5466666666666666,9.576666666666666,0,15,2025-06-21
0.23963247584213743,0.08250906958347598,0.31893667577492013,0.13743136289689836,0.2142280860007367,0.09032892524866919,0.31738996548073994,0.14040060909952684,0.1557561000563482,0.08390172451734185,0.3568250936043182,24.0,0.19241239090389473,0.07069670673211659,0.32512371435022236,24.0,0.1950438037087322,0.10256171067012723,0.32338589353578506,0.22241653398686428,0.0916701540790449,0.3339167013301439,112,104,0.3933333333333333,13.473333333333333,1,6,2025-06-22
0.21410070177529936,0.10077358351373052,0.317569374349822,0.12926927926966725,0.23319418858751823,0.08327940910628016,0.32633759093103304,0.12788570327405255,0.2450162723701516,0.09455690363769621,0.29819494348540226,25.0,0.21537467755952883,0.08248083511536085,0.3308439702100784,23.0,0.22131332224074535,0.09044760806855895,0.27289017237505797,0.22512561551531346,0.09868719197784573,0.2895052693514266,94,90,0.6333333333333333,7.316666666666666,1,14,2025-06-22
0.17830766474553664,0.07831192229400283,0.30745406150212534,0.12295763993906705,0.22065654803582266,0.09313193225231448,0.3089270574509314,0.12688291544032654,0.21774481269438253,0.06787340151112119,0.3271242630474485,26.0,0.20906517007380548,0.08555595490810902,0.3081316633197695,24.0,0.2562639775248553,0.09101020173889618,0.2946504429450937,0.20623384127178365,0.10232175687918257,0.3157326338994766,101,102,0.6433333333333333,8.73,0,6,2025-06-22
0.21826432908656873,0.09019180429290533,0.3120927206885225,0.11597647424124337,0.24088179499511048,0.078726022861471,0.31567047484036226,0.13495391750296015,0.1834635216566059,0.08326030445031984,0.2915325434711688,22.0,0.20164914562067981,0.10114324764316582,0.2939228411374097,23.0,0.21066468868137755,0.09656661213255469,0.2872509462954397,0.219860779511896,0.08000279427850213,0.29398476770869253,99,92,0.57,7.786666666666667,1,11,2025-06-22
0.22264108580091493,0.07799221719668747,0.3197380898658967,0.12487373015057351,0.22316392699538637,0.09390253828234718,0.3345204024865871,0.13767861661794434,0.1819465229707142,0.0707462460549877,0.31296389334708585,22.0,0.2326253775409257,0.07958164714943708,0.2920163048765716,23.0,0.20461524226343925,0.08872317796346516,0.3060421735491087,0.21215809218228848,0.09918511684695697,0.2920868709360318,98,96,0.37333333333333335,8.176666666666666,0,5,2025-06-22
0.1927128111369849,0.08783617367842747,0.3181879046354295,0.1242378440738856,0.19059678131526783,0.0760945034943754,0.31688932485027554,0.11737850624765771,0.17565739471477126,0.0968070628361358,0.29092346705841976,22.0,0.21038913821446537,0.08036339886127067,0.2919498053991807,24.0,0.24019544014518107,0.09678035513481273,0.2990586739523976,0.21231874369069725,0.08460590282054985,0.306950882769103,96,95,0.5933333333333334,7.386666666666667,1,5,2025-06-22
0.2017776036172736,0.09437187882829876,0.3140765688349212,0.12094386463458849,0.2155849553363356,0.08953682333464846,0.31532286654022057,0.11414260914716039,0.21994955790959528,0.08089874179461028,0.31859010726554826,24.0,0.21534374938406553,0.09218787512805027,0.30755969591876386,22.0,0.22003809095614152,0.09345386448268103,0.30937746250139075,0.21275137264457317,0.09568984415723991,0.28526214522485127,98,102,0.5233333333333333,7.19,0,9,2025-06-23
0.2108239660868531,0.08250873921742169,0.30425802193524143,0.12182997406475243,0.19070332866425024,0.08191652583695867,0.3083193617111626,0.13528574923109765,0.1935855872698485,0.08506911913835839,0.30830385235802615,25.0,0.19493380955836107,0.09066181567656734,0.30814373103121456,23.0,0.2396628046402086,0.09711685565599848,0.29960749889327465,0.1965825096668014,0.10370863433655941,0.32773070821557837,96,95,0.5466666666666666,8.543333333333333,0,16,2025-06-23
0.2255760047122375,0.08166568371761514,0.3235886280783152,0.12232005311631101,0.20912959986690408,0.08473360839500718,0.317948221892799,0.11958149780104838,0.2335960021180784,0.08984722514759297,0.28842997180757185,23.5,0.1942235670972809,0.08069177576860127,0.3016522412174242,23.0,0.22229951365163814,0.09297997942217295,0.3117198721963951,0.2121707551563203,0.09521925593375884,0.28834177789921994,98,102,0.5733333333333334,7.68,1,12,2025-06-24
0.1944494729388745,0.07565379627151235,0.31481554540690015,0.11913130821577934,0.21808996725069385,0.08661625720310412,0.31462586546444116,0.12703167615297684,0.23289713044584492,0.08353872390065342,0.3065219170544644,26.0,0.2150468302642069,0.09356223579590614,0.31526600777735514,24.0,0.21163050293128033,0.08612219236910901,0.30764599715124197,0.22982864324911687,0.08292287454523017,0.3092173569360658,104,92,0.54,8.783333333333333,0,6,2025-06-24
0.20300560490415998,0.08475706411256684,0.3168230256059664,0.12764237494590588,0.20727174931751077,0.08605219210255993,0.32627387773287314,0.15462611452241218,0.220197561870693,0.07496445715101796,0.3042514260786039,23.5,0.20368059088668297,0.06563741873788542,0.29413579236332543,24.0,0.20441772353261908,0.08779340937874601,0.30427387047795684,0.20127765945179416,0.08737023358435234,0.30129652016274366,98,96,0.4166666666666667,8.1,1,15,2025-06-24
0.19158315025181866,0.08477673696237258,0.3160594938626961,0.12480892207895611,0.2034412110421633,0.08451442486384664,0.31046289876062305,0.1436512561621984,0.2149871692464833,0.08926685459365659,0.28920969890684023,21.0,0.19637676141243837,0.06797285366614839,0.3312419332068175,23.0,0.24171594469700847,0.09562921652536135,0.3070273815010942,0.19618822859533347,0.10344532535205894,0.3274287816602056,96,95,0.6966666666666667,8.183333333333334,1,7,2025-06-24
0.21896861392282452,0.08601594517734946,0.3227014226833066,0.13913022022595298,0.23424475902702818,0.08235918075172545,0.3124586386763175,0.1456760785357728,0.26967890843938935,0.05917217280282771,0.29839430556904056,25.0,0.18167459839066197,0.07814012941103138,0.31256530221444084,26.0,0.20815282919554,0.0825906242412994,0.30186484396969027,0.2233930370025321,0.11102548515864692,0.3474238780953944,97,95,0.6566666666666666,7.883333333333334,1,15,2025-06-24
0.22556979218521805,0.08478555704854959,0.3386204660262755,0.14511383014240611,0.22174495634067684,0.0800496622328471,0.33559124517442057,0.14352150130938154,0.2516789848739101,0.09204912850785715,0.3156023122638944,23.0,0.2462593916119901,0.08911216742025535,0.3225208006348607,21.5,0.20657743888378327,0.08195724184878474,0.3018649061144971,0.22228720677948002,0.1108057225025957,0.35001417350502795,97,95,0.56,8.76,0,3,2025-06-25
0.22097240154816594,0.0906109151085333,0.30016947370765734,0.15122278349895404,0.23339059468298748,0.08517732964763958,0.32994377772784306,0.1363421424977992,0.22627276733174398,0.09523829367383248,0.3269173718787537,25.5,0.20521663193700107,0.08569959408560103,0.3087257055198126,19.0,0.22212349352596505,0.10220116431248755,0.334210685365714,0.22524127666651372,0.09913487427867324,0.29548106130833085,100,103,0.53,9.036666666666667,1,7,2025-06-25
0.2064502817957108,0.0879865698482632,0.31766380359180474,0.12718695739097186,0.21118871585813354,0.0870479885072528,0.3155908734988817,0.1224864338311544,0.22818712387945644,0.08865877717679027,0.2822501405047524,19.5,0.24718672951933793,0.07721048642260138,0.2727219758501351,26.0,0.22264191586534304,0.09209716440238275,0.30956120810548254,0.21108580565746393,0.09458959158095698,0.28933482869935756,98,102,0.5166666666666667,6.733333333333333,1,6,2025-06-25
0.1898039391559491,0.07999726889095019,0.3121826031712105,0.1155204148018116,0.2042135719383614,0.08865560368141888,0.3336340317367931,0.125917151917775,0.2020556564537328,0.0824247893765125,0.31901279481499845,25.0,0.2172818128959594,0.09282195125664786,0.31316528838327606,24.0,0.210389737872054,0.08533359633116142,0.3070192394162355,0.2314760744496795,0.08210226545253817,0.306562861694812,104,92,0.48,9.57,0,4,2025-06-26
0.22018797188374037,0.08157522631413984,0.31498155481865836,0.1360874121926178,0.20246711831155148,0.08757997062824754,0.3144600720347015,0.13050148611469192,0.27062711818863155,0.08387197657119791,0.2884159303465562,24.0,0.23348345496160172,0.08288412892168823,0.30414683063004655,26.0,0.2702637581536136,0.08993852675312024,0.29950719164466716,0.21823368973662113,0.08881520653456013,0.3274892333015088,99,101,0.6633333333333333,8.033333333333333,1,3,2025-06-26
0.22972678958910192,0.08265962800815942,0.32627074106786697,0.149111327801882,0.20648830807680685,0.07922364100307984,0.3301786072528865,0.1334092324736654,0.1790102238546032,0.06619843254309235,0.3084206400832378,25.0,0.2338281959898083,0.07933063455435921,0.2974018619326392,25.0,0.24492794770373771,0.09907368911504537,0.332434183579095,0.23071558705337014,0.0818154328632649,0.30758919388785766,101,103,0.4866666666666667,8.773333333333333,1,30,2025-06-27
0.20256445539377885,0.08693198573613228,0.3052128937969654,0.13140901442966066,0.21199349870326187,0.08999604924889258,0.31676297155687394,0.14273810712651755,0.2431936143441354,0.06464744550023924,0.2855677886640767,23.5,0.2719484078244344,0.07121619218351491,0.318341589256538,22.0,0.2180775701869696,0.07966606432313769,0.29688696818871435,0.21087494331996162,0.08870566330627497,0.31228968133648116,101,100,0.5366666666666666,7.633333333333334,0,13,2025-06-27
0.22591481180792566,0.08649878161206176,0.3107759019159825,0.12875289224866104,0.20790577523158044,0.08577755608482443,0.3216093431693678,0.12762614950707538,0.20831260772198767,0.07910474721536312,0.3232961705223152,25.5,0.22873176244000862,0.0698529562633259,0.30682364443265436,22.0,0.23603274157983944,0.09754528472930175,0.3025791552635742,0.21676887753009794,0.08820460086570364,0.32629676763882887,100,101,0.57,8.93,0,13,2025-06-27
0.22411110841800147,0.0819861178070424,0.32352947842716767,0.12362488236086902,0.23974770987516317,0.08144056371830627,0.3212257883041976,0.13833469973964796,0.193700083027172,0.09470121121985647,0.31072739170864416,24.0,0.19917695319663067,0.06912757250449678,0.3432152328319523,25.5,0.22372571790773937,0.09180812860543305,0.30830505715383066,0.19579911489755641,0.10009679422583223,0.3255466473797303,98,102,0.5766666666666667,9.566666666666666,1,16,2025-06-27
0.2181094577952802,0.07954446486343039,0.3231845553235836,0.15107652251249457,0.21556502247081,0.08458475697092388,0.3180272686581262,0.1497555976592518,0.20699543924391256,0.07291252241590016,0.3086637777976666,21.5,0.2178473091189183,0.09297784989515612,0.33227344519209606,20.0,0.20501162091513886,0.08126370860680045,0.2994943905254909,0.23417673417466586,0.08003357202210451,0.3329097045628005,97,95,0.6433333333333333,8.553333333333333,0,5,2025-06-27
0.21152954545368202,0.09758591487106112,0.3116203032187925,0.1269468231781004,0.20972099968622074,0.09882176059639453,0.3146258821671673,0.1325810399733822,0.20054553764005628,0.08423812518869128,0.3225154156521096,22.0,0.2098954742083078,0.09149577773815439,0.3182912014715943,24.0,0.20294747105350247,0.09855008827335474,0.31291114494894023,0.22131951220468898,0.09039365759285559,0.28352471183137373,99,103,0.5233333333333333,8.606666666666667,0,4,2025-06-27
0.22384766354626345,0.08608837225575855,0.3083638768896773,0.13678561217422003,0.20210959178885174,0.0847221149908634,0.31723028838343176,0.1286731613306461,0.2403403059061876,0.10198959241447261,0.32376363640325956,24.0,0.23743946916836475,0.06534158091067102,0.3338140616491054,25.0,0.23058307288237806,0.09230610761875538,0.33392178087627705,0.2054230690006426,0.08695665132982716,0.30243506322505775,97,96,0.5033333333333333,8.226666666666667,0,5,2025-06-27
0.22712341055956248,0.08955931995252221,0.32973948759276395,0.1349320190682698,0.21224154846966814,0.082932729604513,0.30674024848269643,0.1250116194530537,0.22630100142479248,0.07583476449618223,0.2846464379337752,23.0,0.17061205808857016,0.09526812256954467,0.2865276714295246,22.0,0.21383804089871822,0.09999212592940818,0.2889541033333306,0.24392673373820456,0.0921849559605615,0.3027618095770327,104,118,0.6133333333333333,8.77,0,10,2025-06-28
0.23878105699122276,0.07303544385950463,0.31943422465818205,0.12030590873197139,0.20585260600143668,0.10165348638822977,0.31417259530356084,0.1343476269881078,0.2034764383543277,0.08677861375963142,0.3098199663933112,24.5,0.24666876868506574,0.09308094755895915,0.303582763800352,25.0,0.20326239370272214,0.0992958674023166,0.3120984288083293,0.22064830456171053,0.09028773528331266,0.28036183134733894,99,103,0.4,8.15,1,1,2025-06-28
0.23058149607497772,0.08874645545400323,0.31268680158458995,0.13277659713538253,0.20662903451888795,0.08665741993116415,0.32510914090014476,0.13057707778469652,0.2289252558846395,0.05916041339586336,0.30115624247614464,27.0,0.2569192521256996,0.07904377059473697,0.34521316135620816,24.5,0.23581769631652932,0.09726860186976952,0.30587163607928697,0.21553903875870706,0.0886625919249793,0.32557960948296216,100,101,0.63,9.083333333333334,1,7,2025-06-28
0.21286216892518642,0.08628773396608659,0.3166080550220109,0.1137067331579184,0.22186376541785932,0.0835406253841844,0.3066899677002403,0.14763598245443535,0.1785151444728314,0.08674522739588494,0.29241563568353907,22.5,0.20223588301659157,0.08547597810673846,0.33126854713334447,20.0,0.21010955901857098,0.09413292735587644,0.28596603231848994,0.2313059954122379,0.09474450296961123,0.3119650286065242,99,92,0.54,7.92,1,11,2025-06-28
0.22257916407151793,0.08606123739399041,0.33078644388145806,0.1480796480672214,0.20251652203285775,0.08749538829346291,0.33401689703419213,0.1279935517690093,0.19317911522263778,0.0657722149959117,0.3338864276022429,25.0,0.1911953216827389,0.05220677565607253,0.3093459182447809,25.0,0.24325970115253304,0.09790845138803882,0.3318211735677849,0.22898469818838407,0.08421230313405222,0.31616309392235725,101,103,0.48333333333333334,10.363333333333333,0,14,2025-06-28
0.21616968217917282,0.08712177534900417,0.32297767701189684,0.14358707138659843,0.2111222182085314,0.08133673423582638,0.3213860788339453,0.14034768033310493,0.21486886849499742,0.07209152819119677,0.3214808839971138,25.0,0.1973498370074979,0.06846851706418161,0.3264429559060177,26.0,0.20523894446708685,0.08171846080331027,0.2980540873593396,0.23535090136027487,0.0799848085877752,0.3341341741500521,97,95,0.5933333333333334,9.29,1,15,2025-06-28
0.22136249655103582,0.08821856358398909,0.3024613419259397,0.15826024110900258,0.20637112090509907,0.08407781035663195,0.3151066832240056,0.1399466786021384,0.18396092850468024,0.07315563076474786,0.3133670550751747,25.0,0.23891685295601972,0.07432031841848732,0.30183568152520324,23.5,0.22027857274728632,0.10345688080614335,0.3361942619462346,0.19538865870571587,0.10380268827745148,0.3214094251180466,100,103,0.47,8.87,1,10,2025-06-28
0.2102765615331741,0.08918502872330189,0.3217980824957158,0.14833922557469398,0.20703060649286278,0.08331882076750484,0.33061820376526885,0.12228248543463249,0.19814044114155707,0.0698150064134602,0.3297712509517519,24.0,0.19712125671050892,0.09359027633792459,0.3124618143755852,23.0,0.2220312045743763,0.09091216807457655,0.33015495863026373,0.20143650519622305,0.08707685719452166,0.3142413449648732,103,102,0.5833333333333334,11.37,0,15,2025-06-28
0.21456204465315326,0.08831810397672386,0.3080231861539901,0.13603093558501578,0.19556653092505197,0.08471487052905557,0.31772974561047507,0.12828760350320645,0.22307967677942736,0.08238025094195564,0.3200899139109505,23.0,0.1867932605118902,0.07003290928589362,0.3132256258269238,22.0,0.2313703531179963,0.09330900370766909,0.33334034116728106,0.2053923442964068,0.087018113027199,0.3024946938955641,97,96,0.5233333333333333,8.1,0,15,2025-06-28
0.23838548932960432,0.08292083619185578,0.3254523992333587,0.12695429795855642,0.19254241089840546,0.08423150679371078,0.31281343900633973,0.12687843089893022,0.20510282201018692,0.09383965976553282,0.3267269379911756,23.0,0.22927049593957077,0.08565739920767465,0.29310251490578365,21.0,0.22349792679666847,0.10308559812503637,0.3005938435002248,0.25103677704256244,0.0949160736975461,0.29603955198278387,108,97,0.4066666666666667,9.093333333333334,0,8,2025-06-29
0.20254222084113815,0.08798139514617215,0.30630248489529494,0.1306947934547562,0.22059739035093912,0.09148695151084874,0.3213834791217494,0.1387163065507988,0.19800149110591012,0.1008827837555535,0.29629621632456954,23.0,0.20434845947179983,0.08180954334912555,0.3095510892854068,25.0,0.21384839667933583,0.07912432132179192,0.29732655000668307,0.21126404399055707,0.09206311017710442,0.30897805190771055,101,100,0.53,8.203333333333333,0,10,2025-06-29
0.21748869927850983,0.08959431486095248,0.31188352843466205,0.12221419593407863,0.20607850933148728,0.0939101863784509,0.3177274230377362,0.1554139535892042,0.21890395164970494,0.08019056514974376,0.3206045440737396,21.0,0.22006796436870696,0.0904998075513484,0.31119690049003473,21.0,0.2115110424814987,0.09352875990062774,0.2868237873110421,0.23040562829810873,0.09629041356847334,0.3113998980260529,99,92,0.5266666666666666,8.28,1,13,2025-06-29
0.21987495233869994,0.08107978408963279,0.32589212167837267,0.1451763837442267,0.22659773998396796,0.08523590889551934,0.31885587472478755,0.13145391285187577,0.27182286841899767,0.05822030488642274,0.29998189405672093,25.5,0.18948996125167,0.07325969196178547,0.30485501582085706,23.5,0.20610135842545985,0.08109331022968727,0.29911686659041814,0.23401082813301244,0.08192794281006838,0.3353031610232309,97,95,0.64,7.553333333333334,1,3,2025-06-29
0.2037166148959271,0.0826193263282462,0.31609860151944885,0.13815697358174858,0.21733326325498073,0.07964321566945683,0.3187378923880286,0.1500452345232875,0.23562551919994731,0.08907185979252155,0.30468873391128415,26.5,0.20097966145127683,0.06662714427703255,0.3013311766390561,23.5,0.2700466999741583,0.08868707826666059,0.3017204452626755,0.1995815667498817,0.08499520707243832,0.29347505175568617,99,101,0.5666666666666667,8.076666666666666,1,2,2025-06-29
0.21916022679283712,0.08635909824452279,0.3349155145476066,0.1382204572632291,0.20748110610650605,0.08281408048737451,0.30360652849579006,0.12390075479210988,0.21252531297168722,0.07000494991578893,0.3132353042102735,24.0,0.19604547064361788,0.0828328141405659,0.3099635900439467,24.5,0.21146573927239254,0.09924814127927865,0.2895899337329688,0.24375342735059283,0.09280766236319904,0.3005130866076243,104,118,0.5533333333333333,9.886666666666667,1,5,2025-06-29
0.19850374085970454,0.09147418156750817,0.3143462521236296,0.12313871545315783,0.23722759100706256,0.08077934381773355,0.3162360416264899,0.135171858581993,0.226621589415768,0.07927151482852764,0.3306560964386783,24.0,0.18502339069535098,0.07279225209464223,0.3422539956119286,24.0,0.22464763900959492,0.09192566604524269,0.3090962862357485,0.19357854774093758,0.09938996037231454,0.32411481223168426,98,102,0.63,8.706666666666667,0,7,2025-06-29
0.21150354175097263,0.08978942134917035,0.3246030502606204,0.12489026935218789,0.2173376473623629,0.09795086251884166,0.33035203914167194,0.15699895216635967,0.21201737866592002,0.08680681972337864,0.32061211032029213,17.5,0.2581601151955511,0.08280044035456925,0.2826442651672527,25.0,0.25161365931935903,0.09437089472359553,0.2934448157157938,0.23696874392821632,0.09835174081894864,0.30865844711521684,101,102,0.4633333333333333,8.573333333333334,1,9,2025-06-30
0.2124306189304858,0.09541982337299729,0.32487765955614756,0.13929763505949092,0.1983313114124906,0.07535506353734214,0.3132372755707948,0.1166094964578912,0.2242523071571534,0.07492456033377519,0.32214374268022034,23.0,0.20443957597848122,0.07148548783431544,0.3112427647837821,25.0,0.2113684917721909,0.09211750659124782,0.3059557513716249,0.2114457391038194,0.08426197904484245,0.3052173080002202,95,96,0.5433333333333333,8.04,1,8,2025-06-30
0.21535752224191812,0.09108825558863988,0.30877186894791986,0.14881289998915653,0.2146947099827614,0.09605026421631885,0.30970827160392855,0.12766614318060596,0.21402334217455032,0.08662267364720391,0.28179959246409003,20.0,0.2501399782458853,0.06610761759850174,0.3286413367966473,26.0,0.22390980502399616,0.09437160386366121,0.33105454793837974,0.21836747862842606,0.0895277932985199,0.28489138669046976,103,102,0.5533333333333333,8.353333333333333,1,6,2025-06-30
0.2097031040882379,0.08574528759020461,0.3200660320880264,0.14832824906763054,0.22386924988227433,0.09998604012018104,0.3176496695971397,0.13080242082633217,0.2090087205956664,0.09280572715728705,0.32135422177428113,26.0,0.2164200639793291,0.09088540615445367,0.3150080715463709,22.0,0.22470572340707895,0.09365938240063848,0.3308831060896812,0.21816879081222612,0.08905136689888006,0.28432633530283113,103,102,0.4633333333333333,9.803333333333333,1,10,2025-07-01
0.2079184615225065,0.08617050765554295,0.32202102356350326,0.12124969794488205,0.22333752945408758,0.09442767302821303,0.3302405843564239,0.1438526015513506,0.230662507443358,0.0756327785873773,0.3021241050876999,25.0,0.23693517979608772,0.06943396064740867,0.2924521984888353,27.0,0.2514875417565768,0.09576833140337007,0.29430771304022096,0.23610790866113737,0.09730340584954916,0.310537882976627,101,102,0.55,8.043333333333333,1,17,2025-07-01
0.22724562641096796,0.07924544589933584,0.31697092587241693,0.125386579330393,0.1979350717919574,0.08078179204383891,0.31401739980758286,0.1391803863900706,0.19672363031357978,0.09102885255082181,0.3114679577156069,23.0,0.22214068565947204,0.06632991423463415,0.3356726431398545,22.5,0.19428072797687126,0.09916360593513777,0.32224253968564753,0.2724555495105522,0.08793679554521015,0.29993934105592596,112,104,0.4633333333333333,10.72,0,11,2025-07-01
0.22501857618511442,0.08013084449054511,0.3193001639828217,0.13824423721865187,0.21858112622467007,0.08595343806380111,0.3347559133260147,0.13669352096660772,0.2123138768059415,0.08429160785746971,0.3116497924837165,19.0,0.21032045317411371,0.09322022046254658,0.3095797188569151,24.0,0.22221680775380526,0.10222842250494946,0.2968497972106103,0.2081054954719987,0.10154729988043479,0.2903790954729422,108,97,0.48,9.65,1,8,2025-07-01
0.22707877014721844,0.0849140227492029,0.31241653779658923,0.14287664192431196,0.22863073775748546,0.08670016609504096,0.32284642101523997,0.1452788039573664,0.2236787378761066,0.09010139212135956,0.3078970832956217,24.5,0.20421231277271928,0.08750898116293607,0.30218013489856926,23.0,0.23204918385548112,0.08280778441922015,0.31609744357878156,0.22459421577352226,0.11059252003151637,0.3483750540628721,97,96,0.5766666666666667,8.69,0,7,2025-07-01
0.21556924254372184,0.08583014300431184,0.3255058199668981,0.1207907909941433,0.20703059926839185,0.08540149976436502,0.3232803567113645,0.1301338740256883,0.2456593451878377,0.07798056384386687,0.27441774355826887,26.0,0.1861101597161749,0.08036307847435575,0.3128107982031864,24.0,0.21051497633630897,0.09159346360316553,0.2841822571492595,0.2097858404647774,0.08796644085820782,0.29831220675196096,99,92,0.6833333333333333,8.166666666666666,1,1,2025-07-01
0.22260033124289041,0.07847856691236998,0.3166288811970947,0.13471515158784786,0.22941947612933788,0.08382050432365787,0.3082824545326485,0.13289183043534958,0.2042511553741661,0.10043380024462378,0.3043040765945621,22.0,0.1972347818788794,0.0684944922630889,0.3048195147551377,24.0,0.22176571133080863,0.10158192861839124,0.2929113429471461,0.2098672830168652,0.09995629827596314,0.29203277690508844,108,97,0.5133333333333333,9.546666666666667,0,12,2025-07-02
0.22213682612815788,0.08004664726954874,0.3181221687124627,0.1306785418074926,0.22120797288065086,0.09029737504867669,0.31994209188457085,0.1392381291665271,0.19370001845895896,0.06899598309972974,0.33174768185506687,23.5,0.20835855687145563,0.07362284805404345,0.3217752545816277,17.0,0.19363901789252097,0.10484784078697934,0.3226774460733761,0.205884257524539,0.08072599842063483,0.2983293718257747,100,101,0.4033333333333333,10.206666666666667,0,13,2025-07-02
0.22262223676159054,0.07985474001004761,0.3199330693275766,0.15022929000296487,0.24067158290813792,0.07464787750495222,0.3227891418533811,0.12287453509152504,0.20800848969149063,0.08524647091859808,0.303970228418305,22.0,0.23139759905881882,0.07391599562326628,0.3288322953861901,17.0,0.2279824370467613,0.08453348224058194,0.3311804270240845,0.20651877924119788,0.09956725409058756,0.3078341649923716,99,105,0.6733333333333333,9.03,1,9,2025-07-02
0.20204788882090616,0.0901990249486255,0.32920651807901247,0.15328649677868936,0.22526028185066294,0.08515476561950976,0.30263724145269477,0.1275062426140704,0.21247032191574042,0.07811101801127084,0.29297178193527784,23.5,0.2138740640659648,0.07270364217272884,0.30638073931171017,25.0,0.20063398355766598,0.0846116955796554,0.29149318075120545,0.22897491393579333,0.09235131229605294,0.33939091598611815,100,101,0.6733333333333333,8.956666666666667,1,9,2025-07-02
0.20691593198168567,0.08280326074831751,0.3294499414189455,0.12146820998105166,0.21725682772703664,0.08317209731741484,0.31706233678447654,0.15048211153145188,0.21161443538008823,0.0632163217865275,0.32255401839478764,20.5,0.20718740881858808,0.08677941521394705,0.3148146028968688,21.0,0.20431448758517443,0.08563557006006037,0.31014402212171577,0.23402008061040724,0.08215404146896715,0.33764501749956255,96,95,0.57,8.506666666666666,0,3,2025-07-02
0.22149463576494902,0.09430752605052525,0.33081750793045844,0.1355749086184216,0.22905272025752307,0.08670767608726536,0.3150657441736306,0.16135770424701146,0.2041671154586781,0.08471461771608879,0.3334310080527535,25.0,0.21093948911598392,0.09787779066794106,0.3297159808554793,24.0,0.23348233765729082,0.09655311446485776,0.30516193947656745,0.21797737665514744,0.10533718778913215,0.33752444816494576,100,101,0.63,10.106666666666667,0,6,2025-07-03
0.24154538577398343,0.08185263229340145,0.33651331046835475,0.1370865271683421,0.21065265549027895,0.09300953959231523,0.3001496052758736,0.12235289265665632,0.1572121952061848,0.08386391679143775,0.3557801956781914,24.0,0.20123263299130872,0.0837534580997904,0.3027518358464877,25.0,0.19437813120497768,0.09816326758833777,0.3258519639435036,0.20606726020135196,0.09907877818319058,0.3077057090516693,112,104,0.4633333333333333,12.246666666666666,0,5,2025-07-04
0.19202837458386116,0.08253790996498182,0.3144455704748917,0.12818764000226904,0.22412414633108702,0.07901082642803463,0.3206354072459199,0.1367104608801431,0.23985490723461353,0.0734263248039464,0.29483802374233137,23.0,0.21317910662281336,0.07965519105189971,0.32130503946519273,24.0,0.1962430482044536,0.1023514148763801,0.32645331869553373,0.21847405006601495,0.1006335847918444,0.2947830511783237,100,101,0.5,7.923333333333333,0,13,2025-07-04
0.19464870414831595,0.08812841426237145,0.3194890308960423,0.13065624301011156,0.2347530946484084,0.07393440644896603,0.31677309183604524,0.160306221423824,0.22767102515263044,0.08154846081747477,0.3025509202337554,21.0,0.18688446070716228,0.07044958642889655,0.3151831890175721,25.0,0.24766080797189782,0.09864107744831192,0.29654626409461576,0.2196332105677114,0.1046764130016235,0.3381739579527572,101,102,0.63,8.623333333333333,1,7,2025-07-04
0.21399225220918408,0.08842653714966965,0.3023532896221228,0.13978471886388183,0.21981244628508567,0.08651076118422775,0.32856154487904893,0.1418375316144536,0.22376602203681958,0.08299351212045854,0.3220257494367246,23.0,0.2314650225567562,0.08827574196285581,0.30089389043855924,23.0,0.22841466063422527,0.09270103416848934,0.3334854631069673,0.2028318792012106,0.08234920961126144,0.30409855721467277,97,96,0.4066666666666667,7.83,0,3,2025-07-04
0.20828074857016654,0.07874352823691622,0.32886427989839545,0.1218246167158053,0.1998270202414988,0.0949042057546322,0.3125244039950073,0.12580168271245823,0.19403116216745703,0.0878956494803074,0.3176543421118448,23.5,0.20305913887116975,0.08430433371619846,0.3005245956773984,23.5,0.20399921243865157,0.08504691239811926,0.31102261341050746,0.22601902855242917,0.09051901660387923,0.3081695568871158,96,95,0.4766666666666667,8.256666666666666,0,11,2025-07-04
0.238356718483671,0.0817250774401262,0.3237198543823418,0.13725204452575893,0.20994780842245894,0.08628167833583952,0.31988981499365,0.11334644906327328,0.23163728923662194,0.061135992899557325,0.29678687303693807,25.5,0.1773389436181031,0.08653912408598839,0.29629142353338306,22.0,0.21356641703635215,0.0932863287708531,0.3038954461551716,0.2091020515818187,0.09359224589939605,0.28157590539892574,95,96,0.61,6.833333333333333,1,6,2025-07-04
0.20518264608206285,0.08588185554679802,0.3025561898672,0.1299564437472122,0.22033245919141817,0.08926671388016293,0.3292218996729665,0.14625997053091366,0.19920734601127904,0.09173791225774332,0.32091929036820754,24.0,0.21386305762099728,0.0705105195715618,0.31756116540342816,25.0,0.2290756234539544,0.09261549781173647,0.3321063530658186,0.20378178710603922,0.08254222470544609,0.30335002622663276,97,96,0.42333333333333334,8.11,0,1,2025-07-05
0.1924961668110169,0.08241057302744731,0.3136593902741741,0.1278741923635377,0.23832056203646632,0.08120528872723783,0.3285610366049868,0.12737732551651815,0.18614304416154032,0.09183818879677197,0.30998214927050133,24.0,0.20343409364496862,0.09599097077396597,0.3258360087916796,23.0,0.19483215028829398,0.10272467029770582,0.32728354540190163,0.21829979077337897,0.10008425689453986,0.29565109008357393,100,101,0.5433333333333333,9.813333333333333,0,13,2025-07-05
0.20845914771276638,0.08163958053077229,0.3048489483572618,0.12231015403235501,0.20756319631228826,0.0820699895331703,0.3103617398784786,0.1393307972005147,0.19851011103650862,0.08168169690424582,0.306789143031323,24.0,0.20631758310241843,0.07779421267199188,0.31466512278420367,24.0,0.24195155456336218,0.09479777076969809,0.3018614049994749,0.2136641004368272,0.08174825982975406,0.3019360227778498,96,95,0.57,7.786666666666667,0,11,2025-07-05
0.1977881260566947,0.08557339603523179,0.32426896920778936,0.12123968076299842,0.2006041498485085,0.09176151873547149,0.3131711481704817,0.12610073314676798,0.19999048029245087,0.07738195141052638,0.32225232554595395,21.0,0.23280652781481265,0.08018981811073475,0.3330053048040852,24.0,0.20613811203107596,0.08560410233996818,0.3120656023204573,0.22702035362119183,0.09039387995417944,0.30662167275411933,96,95,0.52,8.4,1,6,2025-07-05
0.20987102512766773,0.0871847955055123,0.3190553104298902,0.14476086642035363,0.21669673305346612,0.08761932676214818,0.3219341630274202,0.1141668272395085,0.20239836984953402,0.08139789378865436,0.3118623120411596,25.0,0.22249168476917452,0.07909938898737887,0.322730123181398,21.0,0.21466379696763976,0.09314956210481774,0.30379796293722416,0.20897429665201483,0.09284084578117377,0.28315068772035035,95,96,0.5266666666666666,7.496666666666667,1,1,2025-07-05
0.18307075218158683,0.09074292916878086,0.3184359787350467,0.13121236009465118,0.22876005992563675,0.08675186445659888,0.315835169210881,0.1615654079096177,0.22394749577204545,0.08120000706487215,0.32131340150823406,19.0,0.1886349642084818,0.09576567291593494,0.3274239639674933,24.0,0.24807495647646394,0.09941740278612823,0.29531740615846225,0.2207952963649301,0.10437917782223216,0.3361728510021639,101,102,0.7033333333333334,11.03,1,7,2025-07-05
0.23266276741403807,0.07976181803379455,0.31024326594684354,0.13379604204014203,0.23783304074788628,0.07848161198612995,0.3274475721983674,0.1260304522206633,0.2175963649475666,0.08552240456383528,0.3145687871578342,22.0,0.26446009609388066,0.07484393054679025,0.30932035843702643,26.5,0.19489335166918811,0.10198565453671796,0.3256043366146213,0.217602232239209,0.0990432834971984,0.2933416371113938,100,101,0.46,8.193333333333333,0,10,2025-07-06
0.2040332986522509,0.09286637535677575,0.3237661449947277,0.13440665852990819,0.22943988169085433,0.0872346643628048,0.3360529986622254,0.13915098539004075,0.28054664589292727,0.07107931591455613,0.29724618875947917,25.0,0.22255502886998116,0.08353319804186468,0.3398948629828362,17.0,0.21549989374255202,0.08926668871033022,0.3221825557978711,0.211626811694938,0.09826036243167062,0.2919392935251653,101,106,0.58,8.826666666666666,1,4,2025-07-06
0.20689427010020578,0.08597168760909077,0.32221486092849116,0.1281294066535999,0.22029565787697492,0.08761076191323292,0.3155767368277913,0.15946939057915016,0.2256703676938348,0.07932483178201588,0.30451610483997504,25.0,0.20256923427820844,0.0865542948352762,0.31844928400227135,25.0,0.24728252665213696,0.09906630937912178,0.2920799803820915,0.22136334246528927,0.10459131021684603,0.3378314748483805,101,102,0.63,9.143333333333333,1,5,2025-07-06
0.20476172080910782,0.08964984528082613,0.31766450947084074,0.15707243995283704,0.19394734387387375,0.07580767113277975,0.3001074688186878,0.11903031460681247,0.21917945073501388,0.08168189926041591,0.3145776456087223,22.0,0.2030973720247099,0.0758841463350292,0.32688697329931216,25.0,0.2230577759308402,0.09046955531472471,0.32897266389153834,0.20879608124773014,0.08421801015998936,0.30371358801685433,103,102,0.6466666666666666,9.496666666666666,0,4,2025-07-06
0.20975802278179065,0.07835250470783811,0.3297001317577047,0.12458166647656327,0.20928539500659307,0.09016309232170276,0.31798310736820284,0.12674828808771366,0.23416987922818325,0.09190428276111065,0.3080887712805071,23.0,0.2175963649475666,0.08552240456383528,0.3145687871578342,22.0,0.20748581588776172,0.08442292016134798,0.3110101294210032,0.22704035353669355,0.08958324458109679,0.3074953432524508,96,95,0.6133333333333333,7.61,0,4,2025-07-06
0.21682377560533114,0.08188219090648845,0.3125523641611561,0.14844750140236215,0.20189878480992382,0.08654370600970646,0.33568364023963476,0.12890215743729264,0.2492944602016027,0.06788461743537456,0.27985275806217946,23.0,0.21660863867877894,0.07337211541162388,0.29320182669064526,21.0,0.2290477865807482,0.08185467022520737,0.3407859218092887,0.23775476905172616,0.08333372968494127,0.3230326559703163,100,100,0.48,8.123333333333333,0,12,2025-07-06
0.23063303198997462,0.08233791644257821,0.33226605448797636,0.14892077626557407,0.2301362042093896,0.08444918680532637,0.3062098991561257,0.1418793321735877,0.24032784859132772,0.08606499286224259,0.31509581374674234,21.5,0.2204287822759793,0.09540165937275102,0.31579367447815554,22.0,0.22532334206538468,0.10840762944003113,0.346980609477746,0.22397379840530313,0.08554212660739727,0.28944305033671547,96,96,0.54,8.186666666666667,0,8,2025-07-06
0.2414336388284663,0.07895667008749545,0.32272741351446194,0.13467598305420278,0.20698412110931463,0.08870369795599983,0.3077826057359801,0.1254166170287122,0.19193604893235275,0.09222599070666913,0.3200822251630614,23.0,0.21568244906506612,0.09482730861299368,0.30614020093356825,23.0,0.19508952507081037,0.10091019521122555,0.325211375913106,0.20624677692742255,0.09850019091634517,0.3079492512743302,112,104,0.4666666666666667,11.373333333333333,1,10,2025-07-06
0.23020365830048195,0.08741083974294904,0.3337133288853606,0.13764240198575503,0.20894040176180814,0.07983154083673635,0.3254565668126228,0.12143721562722685,0.21225837204193568,0.09431918945017656,0.311153432281857,24.0,0.21771906874687122,0.05934763606289993,0.32588349880703116,21.0,0.21422505395157468,0.09846222753624537,0.294515764873511,0.20630378765996604,0.08389199793384132,0.31227394568304634,104,118,0.5433333333333333,10.103333333333333,0,6,2025-07-07
0.20654944443460088,0.08933503082826998,0.3143141394728588,0.1211221089328497,0.18249958523470836,0.08926019977943682,0.3191214834622198,0.1290825988944157,0.2045802148195621,0.09262716989951142,0.31331904973505914,23.0,0.21176112609648165,0.08166613765305286,0.3088039454425447,25.0,0.20552404138997812,0.09880254462401983,0.3075969980103218,0.24831425118993078,0.09946600091746281,0.2918742569296916,99,103,0.5033333333333333,8.386666666666667,0,12,2025-07-07
0.22420998917530552,0.07236356012948371,0.31240464792525857,0.11966440754309948,0.23079667646850424,0.07908823260223916,0.31384835109151143,0.11473934206655091,0.2079201412971357,0.0837953293454948,0.2840808338119373,22.5,0.19858332307391152,0.0817516942284336,0.3033616779725332,23.0,0.2090343389445754,0.08357316270211923,0.30276679700658493,0.20995609690249978,0.0918112457914308,0.2819747937955007,104,92,0.5833333333333334,7.53,1,12,2025-07-07
0.22601230749451875,0.08936010728566417,0.3154898069277323,0.15395859510590273,0.23150702981173904,0.08265157986768407,0.3072438244699916,0.13942067815631531,0.23793117571817735,0.09222480442174838,0.32539411086513415,25.5,0.24041383043778794,0.06729651557918558,0.2827125342801265,24.0,0.22230599445183613,0.10394483641301441,0.33587350127349186,0.21224187544381123,0.08388846950129267,0.30405413159009426,100,103,0.47333333333333333,7.843333333333334,1,11,2025-07-07
0.22224413835737902,0.08440149929132539,0.3254138723870692,0.14049347969406997,0.20127606163413603,0.07964291360739405,0.32262097309941973,0.1273087494236772,0.19242724160679203,0.08501649733106671,0.31708375128248745,23.5,0.23244919523478222,0.08728389941817626,0.31284621290794973,25.0,0.20342872846760968,0.08339003793141649,0.3018605803634913,0.23868696206987855,0.08409359351192025,0.3197818005994316,97,95,0.49666666666666665,8.383333333333333,1,6,2025-07-07
0.23073805987113008,0.08270572308909838,0.3330797774230431,0.13762990391877544,0.23654584308044166,0.08085459354240185,0.3274081144420655,0.13609935971293313,0.20791367634715727,0.08409489996131164,0.3075340498366461,19.0,0.1849072276964445,0.07808236270285031,0.31547043800495844,22.5,0.2172895888100523,0.10052998033117172,0.29300285527504744,0.1954059524764346,0.10148300677507602,0.32302372176215416,108,97,0.6466666666666666,10.643333333333333,1,12,2025-07-07
0.19731056814072478,0.08830797311865822,0.3145544320537219,0.12911100459987818,0.20648721453103253,0.08243844914078219,0.31735103262435094,0.1505119803099542,0.21803162842058774,0.08536998856106404,0.3144522012878677,22.0,0.21712924281749005,0.08870895514186862,0.32183825968984014,26.0,0.24271593102215627,0.09368092918725782,0.29718674855357574,0.2212990787172872,0.090594306349261,0.3279841685912593,96,95,0.6,7.87,0,9,2025-07-07
0.19060771774892163,0.07632015083400143,0.30134949629791624,0.12244226602096517,0.22272702159864657,0.08538883015712723,0.31781059632489544,0.1203817879116617,0.2219341729340074,0.08182145237011997,0.2881652440739618,24.0,0.19981501357537823,0.06816054194698096,0.3034819093320874,25.5,0.20839522674612154,0.08451355867511746,0.30182890288890973,0.20901009717405025,0.09046044844627185,0.28286431364294146,104,92,0.5733333333333334,7.123333333333333,1,7,2025-07-08
0.22626982562088008,0.09032504309811824,0.31608553778614623,0.1580586052262064,0.20754880236634302,0.08156167522934489,0.31183980616055834,0.1393372137263089,0.21364440376085636,0.09682819659013372,0.32363079985286103,25.0,0.2408895126175547,0.06692230816881786,0.28865654700971544,23.0,0.2224970286946132,0.10345561490448849,0.33406287325143647,0.21178390194512667,0.08441536524318605,0.3061141295871186,100,103,0.44666666666666666,8.14,0,14,2025-07-08
0.21746706150437,0.08229514540129718,0.3271992789146634,0.14630976638607626,0.20414251489773969,0.08522843709577646,0.3313273744956724,0.12182481338536842,0.25844553207348625,0.09457373058222651,0.32196833902566274,23.0,0.23636532024630652,0.08280093834303684,0.30299520604604435,25.0,0.20321305573306989,0.08350094909211618,0.3005197116915195,0.23914916314416804,0.08435557049977842,0.3206246328707508,97,95,0.5066666666666667,8.37,1,6,2025-07-08
0.2222630374243771,0.08155890220236149,0.31925629831165725,0.127135522811321,0.21558503812054633,0.08930642828998804,0.32397788430326757,0.1463299465854095,0.23215473046155205,0.09337897516932393,0.28931935685570187,19.5,0.20176287514192381,0.08191846936208887,0.3102953406814107,22.0,0.2293327971171325,0.0887092486767475,0.30615903903812103,0.22713571088178441,0.0870845555382305,0.33148359249922776,98,102,0.59,8.283333333333333,1,4,2025-07-08
0.2310217709685591,0.08414144676662828,0.32937399163838804,0.14920749983766912,0.23242327385356157,0.08323618034043646,0.3155997909085714,0.1324050420583507,0.2020230266687601,0.08779571181876633,0.30076808989936077,23.0,0.2088353370547506,0.08226561938419992,0.33124924422688823,19.0,0.22541581209390613,0.10916859572225637,0.3465505752788638,0.23827238483095792,0.09579617454631933,0.3029678504696895,96,96,0.5933333333333334,8.313333333333333,1,11,2025-07-08
0.22609131777605793,0.08572958073256126,0.32739589693660126,0.14972509896393837,0.20398807294657223,0.09458093780497107,0.31919254703094874,0.15642120385748018,0.21174877831736408,0.09383814791167991,0.3347780302154252,20.0,0.19921550238663277,0.09475878439932686,0.29098479009594524,24.0,0.24386996529224048,0.09853137621289867,0.32838035945947924,0.23176885014320875,0.0950815455252222,0.32187120670560865,101,103,0.51,10.153333333333334,0,13,2025-07-08
0.21596254456853947,0.08752293344251548,0.3107383017946164,0.12791255064500665,0.18370239343965586,0.08899855939220386,0.32019264534266884,0.13576765282259062,0.19972974515421948,0.09031530068304264,0.31998350840732503,22.0,0.22474235190446634,0.07315123272178567,0.3398903209515405,25.5,0.2045717444985214,0.09895011894319053,0.3060254506728019,0.2466059268518427,0.09894634470129704,0.29389700031689414,99,103,0.4,8.79,0,7,2025-07-08
0.21789163017128654,0.10419162196231209,0.3209331644988682,0.13289666746342052,0.22083228688690457,0.07960361960471757,0.3267031478322627,0.1340769361091788,0.24401678180270958,0.08961033719350903,0.2928501186234853,25.0,0.20492327809492683,0.08820348095619696,0.304365711994958,23.0,0.22187831556427962,0.08584692483013716,0.2865106422203872,0.21528085786560655,0.0887240540596692,0.3209485548887764,94,90,0.6233333333333333,7.78,1,7,2025-07-08
0.23203754937242513,0.08700918799271001,0.32963779441410207,0.13849351462687756,0.22395545950328632,0.08199268472016004,0.31528495696303793,0.1201104773093805,0.21805223942085383,0.07381247836678687,0.3028956222936685,23.0,0.1928646307859084,0.08534647057010084,0.31418192568969583,24.0,0.2113791825940507,0.09876700410699407,0.29403399901157734,0.20805041956970305,0.08433200488178069,0.31140120341559135,104,118,0.6133333333333333,9.526666666666667,1,9,2025-07-09
0.22950378391936196,0.09085681121173574,0.32759236358622335,0.15582107633885392,0.21263747178182804,0.08708570890334,0.31977566499204874,0.14405953029913596,0.21771230535117603,0.08536516001701346,0.3141505462107232,22.0,0.20053761192978545,0.07792690638681685,0.30931665831966415,24.5,0.23250172511466943,0.10014901590183733,0.3180418579563976,0.21787730166561858,0.09177895871924359,0.3054391547339158,99,110,0.5466666666666666,9.47,1,15,2025-07-09
0.21272096502841145,0.08060993987528607,0.31179327710093063,0.1457751766635307,0.2014011173951611,0.08995761880761077,0.32711260739160447,0.1563949701237396,0.19055975018936366,0.06806950867820492,0.30693132019946817,22.5,0.18894918549848827,0.07035225796457983,0.32030821364500583,24.0,0.22752997758252783,0.08047309596673843,0.3379098847408828,0.19942619245322496,0.08308510606412936,0.2963264061761349,100,100,0.44666666666666666,9.35,0,9,2025-07-10
0.22210083109082546,0.09499643669133825,0.3314029442586063,0.16833538983994012,0.21039322397062676,0.09027899858801285,0.31816736086451636,0.14993140946492517,0.1979842397556073,0.08992838612074316,0.31587888142622234,20.0,0.2357760702285021,0.062149189274835974,0.29494253506734147,25.0,0.23545103893083474,0.09886319888111075,0.3185250072146518,0.21621779505643599,0.09148803933917664,0.3057026644587987,99,110,0.53,9.21,1,11,2025-07-10
0.21704866152225982,0.1040432095578771,0.3209115006627114,0.13343692510017363,0.20822294195548804,0.09075274578965725,0.3234497446215368,0.1507034970481409,0.2477071171423994,0.0667119256962698,0.3308759494201242,26.0,0.21496970703801657,0.08777070771994441,0.31194528013681977,26.0,0.21729476329150277,0.08638104881971523,0.2931243295326347,0.22739412456841357,0.08616517655694703,0.3324646855002462,94,90,0.5233333333333333,7.683333333333334,1,15,2025-07-11
0.2226499986775831,0.08800446248425331,0.3182096406834139,0.16301327652348285,0.21153475143663356,0.08328930934079991,0.30948926858462256,0.14823619038225244,0.19903156212440426,0.08625615226392537,0.32293480085179205,25.0,0.21739000317923016,0.07796412369128108,0.2792329770714023,21.0,0.2167651713513334,0.10345040956430016,0.3318299567134169,0.21893713020531314,0.09380102820850794,0.32545901963662316,100,103,0.49333333333333335,9.406666666666666,1,11,2025-07-11
0.21782557292806218,0.08104296390615283,0.3125172845862998,0.14995592362607685,0.2165500098568497,0.08441686585437502,0.3177980656129238,0.12095029893673656,0.2530542965041772,0.06697478031279949,0.2852036674159313,23.0,0.25371563369329564,0.07427247628504298,0.2830053350822571,25.0,0.22784830801277228,0.07963686584468857,0.33712644338487946,0.2090029491192538,0.0895781914179398,0.28567900094954546,100,100,0.5333333333333333,7.116666666666666,1,3,2025-07-11
0.19939244524656516,0.0789352078233399,0.3150282344921651,0.14547587658148065,0.20517183446873433,0.08257893889479848,0.31469349584318124,0.14088509909754598,0.2250634834839379,0.10354613049268846,0.3161461268338162,23.0,0.2046053434794471,0.09554663463587736,0.3049737282134621,23.0,0.269048954125812,0.08694333787225034,0.30188747355656087,0.21210556758773924,0.08242704502313698,0.30603287293092807,99,101,0.5966666666666667,8.886666666666667,0,10,2025-07-11
0.2152945726202307,0.0925745362654598,0.3223685821243643,0.1545574596534632,0.21629164947548676,0.08029469028715498,0.3188404911757021,0.1537845169007171,0.2525058546451906,0.08372966576047405,0.28518610156178026,25.0,0.18952283927626085,0.07894400630298401,0.2806627637795124,17.0,0.23581376700344314,0.09886557051558166,0.3173849250604666,0.20137298697265155,0.0834153047457805,0.29633476213529675,99,110,0.5833333333333334,8.42,1,11,2025-07-11
0.22464763843825342,0.08648398735296142,0.3266252425802795,0.14950623103987284,0.19629047013797388,0.08375128341607846,0.32241133557847396,0.12178066666855927,0.20344023592970817,0.07146128769478151,0.3241078121134724,25.0,0.23148558433870775,0.08703464321579565,0.30299496887935473,23.0,0.24650405166485084,0.0989045626487849,0.3281837365391399,0.20854990593542921,0.08495451255013438,0.3104289020927994,101,103,0.5166666666666667,9.343333333333334,1,7,2025-07-11
0.21664048924178714,0.0806954123879828,0.33159385886954834,0.13885759641146317,0.2237325913387386,0.0858881256082464,0.3113051256865373,0.13761893578839354,0.26439382758022983,0.07444219101289194,0.31558199592288727,27.0,0.2333341044794608,0.08638254460318634,0.31636013012310715,25.0,0.21664432970809305,0.09926828172544241,0.2933523160875692,0.23630163770000437,0.08782906329929752,0.31755096451349246,108,97,0.5933333333333334,9.643333333333333,1,1,2025-07-12
0.21994447859997457,0.0914757814178284,0.32118401622814563,0.1453160043330587,0.21388461945159376,0.08697965687827496,0.3200611209345375,0.14859933436547396,0.20975616895712929,0.07060922178340566,0.3111183419284034,25.0,0.23255944011982888,0.06741244221644345,0.3141428557053991,23.0,0.200933806975366,0.08250783037569472,0.30535018873121345,0.21530787101774954,0.0933325239070352,0.3040223932295254,97,95,0.5433333333333333,8.053333333333333,0,22,2025-07-12
0.22422934416231252,0.08222439717100818,0.33384439778503533,0.15135614734691927,0.20264713400659554,0.08555307603005459,0.3240334536245359,0.1262093245358316,0.2464241817154653,0.08430049132117595,0.31922331167281137,21.0,0.23014473011170275,0.08091501979907981,0.3108738258527759,25.0,0.22379084474382016,0.10866947425768775,0.339263584177878,0.24980789784495003,0.09757894086980284,0.29532113336123467,96,96,0.47333333333333333,8.91,1,7,2025-07-12
0.21657060645730553,0.10468343132963857,0.3204326546142599,0.13488585463575628,0.21601726897884327,0.08749823946601865,0.3230682136278896,0.14841296345980648,0.20499236235626123,0.0937066616762277,0.31965366809257184,23.5,0.22220214998260107,0.0824136968680313,0.30971576817351204,17.0,0.2145757285370239,0.08614279822338461,0.29372317461663827,0.2268966645057705,0.08658448349372422,0.33276319788208997,94,90,0.58,8.303333333333333,0,3,2025-07-12
0.21533943320821652,0.09152093374217818,0.3063648876839362,0.1259654630813687,0.19992019005743644,0.0852702502481999,0.3004940102843305,0.13840697009993352,0.19951303792242314,0.0941039586898698,0.31365188605781585,23.0,0.2123322374818939,0.07610585275225845,0.3100595061643028,25.0,0.20372568823373177,0.09866006306264362,0.30552474173310246,0.22708416108276774,0.09581367535332311,0.32086542294121173,99,103,0.57,7.99,0,8,2025-07-12
0.21592828914001114,0.0793401149475221,0.3140827319159601,0.14954144981556838,0.22126700374483374,0.0874385427560545,0.31037637263705886,0.11767291035534128,0.20725418410204216,0.07508828145159815,0.31770789114956965,17.0,0.22515741724461907,0.08456763467153287,0.3191504117474021,21.0,0.22842926208796677,0.07889209329703198,0.3368430918570575,0.2106323597513458,0.08885933457134645,0.28570463367142745,100,100,0.54,8.506666666666666,1,16,2025-07-12
0.2230921668186342,0.09249039447684454,0.32829444854951223,0.16396492173359162,0.2174221247613798,0.08230484728873044,0.3162591805211791,0.15096727968635618,0.23248612396466672,0.07003832070550181,0.291327580840416,26.0,0.22687430220884783,0.06960707518662487,0.3014853427271362,23.5,0.23579962846180486,0.09859657350855973,0.3174776354839899,0.2010358849813726,0.08256866641400247,0.3029536092062924,99,110,0.6333333333333333,9.103333333333333,0,7,2025-07-12
0.2151114524423489,0.07781688829079067,0.32005767589456,0.13402817886244367,0.19980933136322568,0.08484518206154902,0.3304740165338449,0.12384752878437959,0.19776338904050755,0.08747130444630423,0.2991888533836443,26.5,0.23684780806450856,0.08466468012372169,0.2989785700649886,25.0,0.2166651049399958,0.0992334844014134,0.29335938274165085,0.2383428036840683,0.08819183228924157,0.3171347234674264,108,97,0.5033333333333333,9.883333333333333,1,5,2025-07-13
0.2139996427831149,0.10469763105613047,0.31816659449379486,0.13491105880368737,0.21781406159402372,0.07931669999755261,0.3287892224102596,0.15099653917430372,0.24185598449400098,0.09007477456551914,0.28918366754319547,25.0,0.24877255828409198,0.08747475695852525,0.2996035829005293,24.0,0.21452850206416307,0.08542850051225297,0.29215620277606325,0.22688664360373925,0.08726564680587595,0.3300843719628621,94,90,0.55,7.076666666666667,0,7,2025-07-13
0.2082726332959554,0.08540317255122645,0.3160851303651558,0.14498163492518418,0.20304856725809511,0.09077836526464025,0.31361942015164523,0.13813143255826912,0.267910687252912,0.0797836140353207,0.29132680699428104,24.0,0.2413670708273104,0.0640470320372176,0.28914281691964117,23.0,0.2724364729397992,0.08600473614191065,0.3052566711959055,0.21247607606754704,0.08262439856919586,0.3057938469856941,99,101,0.57,6.843333333333334,0,6,2025-07-13
0.22194815002652424,0.08288429977331677,0.3148649501340399,0.15646236823865445,0.21408769595086638,0.08271808648347873,0.311913017931222,0.11500083156877403,0.20566783451429346,0.09015306102556794,0.30336055455557676,21.0,0.19940173986412515,0.06713901165106961,0.29928750721020403,26.0,0.22835940600217708,0.07931896336316693,0.3358017734400488,0.2095442457210196,0.0883590031588207,0.2877913279122116,100,100,0.5333333333333333,7.62,0,3,2025-07-13
0.22562713894554662,0.08926600445229554,0.3290752151992169,0.1575788383867149,0.20206650916580052,0.08858512589578921,0.3287034741609926,0.15834532428337308,0.25266269380842676,0.09458934075638048,0.33243003637347035,22.0,0.20400365939584675,0.0714729933733246,0.28545762469895963,23.5,0.23441963417406925,0.09782276054641939,0.3138770949530236,0.20097573767109803,0.0821661897519729,0.3034958604096948,99,110,0.49,9.996666666666666,0,5,2025-07-13
0.18980565554942364,0.07635859340258327,0.3032500470041961,0.12196009077985243,0.22684939274562993,0.08361874932657226,0.3033365472434816,0.14612075572277763,0.21099711412727984,0.08169095333604,0.28037495195744244,23.0,0.1983261814907528,0.09246659979787669,0.2955368117563112,24.0,0.212416327246772,0.08580923347664145,0.3032741700019218,0.2254956058422481,0.0957089225363327,0.31546695109022677,104,92,0.5433333333333333,7.866666666666666,1,5,2025-07-13
0.20798214554256905,0.08383203677586878,0.30715209349954353,0.12162446971323725,0.20926633681998943,0.08851274405162693,0.3247434151361761,0.13212419347780044,0.2533304979123567,0.07378876605034279,0.3054977356054116,23.5,0.23782278603139254,0.07460757428969016,0.3055212525091165,26.0,0.23939825524297326,0.0948468903310826,0.29480340136920624,0.21552521768474597,0.08757988813175342,0.32182354625026677,96,95,0.5466666666666666,7.293333333333333,0,3,2025-07-13
0.23694197284508858,0.08054490308913688,0.3218479522106628,0.12841997646382167,0.20501349561567364,0.08715183490557414,0.30093466491653653,0.13691261275750077,0.1900361176082021,0.09048108556209675,0.32021091395394663,22.5,0.24854862917639084,0.09933737273803316,0.32951045386719546,18.5,0.2037267581045974,0.0992937909011264,0.3057036329817039,0.22977929269422429,0.09503647245949765,0.3192993340506387,99,103,0.5166666666666667,8.046666666666667,0,11,2025-07-13
0.20176055007484006,0.07991365197587227,0.32311168101091897,0.12421024146611163,0.21239378252071042,0.08729851073017504,0.31901354728678966,0.14557776789700885,0.24580284054675264,0.061276554526363505,0.32199777978539795,25.5,0.21785657611734555,0.08430265181596966,0.3105397166399535,22.0,0.2105368755890251,0.08535280054461838,0.30340398368286914,0.24149985611336677,0.09506959650245045,0.2972297674032184,98,96,0.52,7.6433333333333335,1,9,2025-07-13
0.21332574128297033,0.08971137739102814,0.31929810516474855,0.13003765428345063,0.2032994623258253,0.08008714753705293,0.31021213108915546,0.12548467558938026,0.24177737815782505,0.08277017626649281,0.2915552631017809,24.0,0.18560429236218784,0.08200099319527229,0.3082000140682417,26.0,0.2307597856126158,0.0892613937930332,0.30377478605049113,0.1944694580789225,0.09910629470605747,0.3228862285995073,98,102,0.71,8.216666666666667,1,9,2025-07-13
0.22034649809174325,0.0836243030698698,0.3294807857837681,0.1470993463970432,0.20105866016097282,0.0835045879321939,0.3253742967379694,0.12551601845267968,0.21742532686665816,0.0875235859956214,0.3350712428164528,20.0,0.2324473847224255,0.0877722041128911,0.2924583344835649,19.5,0.2441871513418557,0.09742753075074626,0.33093452274780555,0.2071748874466694,0.08557167429902786,0.30947363278010054,101,103,0.5233333333333333,9.186666666666667,0,12,2025-07-13
0.22940024557077981,0.0802728836097844,0.3034329120877803,0.1378228558475446,0.22268599909200834,0.08203572821412522,0.33199516567270343,0.15182588427492524,0.22844969778045301,0.08195703857657433,0.3214991675875297,23.5,0.21048002343106673,0.07171209426685911,0.31421807763091225,23.0,0.22990053007500647,0.09464412037571251,0.3174536125253287,0.22800140176945904,0.10884925419309896,0.3389304700608086,97,96,0.4866666666666667,8.37,1,14,2025-07-18
0.23617560264133475,0.08248310396437561,0.32501438755182177,0.13309331335032126,0.22494489050731417,0.08477192580714848,0.31789328386417975,0.13348597499189607,0.19442706497715645,0.07307954543305559,0.3400955283989471,25.0,0.18572688213965544,0.06690415859354713,0.31505161623979183,23.0,0.19504684856433177,0.09962332153611816,0.33221696105665255,0.22902434025008622,0.07914517649367718,0.3359524343254638,112,104,0.4666666666666667,12.22,1,10,2025-07-18
0.21724354702408039,0.08519496352372229,0.31638426562822264,0.11524378173757016,0.23758585547123262,0.07920733872058874,0.3228566941695764,0.12966411384642007,0.1792249548835667,0.0831418820779343,0.2941475175291827,22.0,0.1967170194268485,0.08502881704908172,0.3207847610648119,23.0,0.21001520773611326,0.0876238438709363,0.2879392232157877,0.205786906376907,0.09879662631495026,0.3048899108544286,99,92,0.5566666666666666,8.436666666666667,0,11,2025-07-18
0.2002172198891614,0.0824974319295506,0.3284165665758511,0.12679291722882158,0.190213626176755,0.07510228169234982,0.2995517396549831,0.125937119716385,0.19156175421551414,0.08500390050522455,0.3207207901111001,24.5,0.22172802642531192,0.08051286680302719,0.2878462112530997,24.0,0.21005929874956658,0.08511609967404661,0.3107281349182817,0.2115493680807523,0.08570891728719407,0.30289828381532025,96,95,0.5166666666666667,8.063333333333333,1,15,2025-07-18
0.1978110701943393,0.08373702413481451,0.3160564657153616,0.1329383763356355,0.20823575938286698,0.08407543820219233,0.31583399185910854,0.1261928952973791,0.17566812075233662,0.09084240072204566,0.3173771773238959,24.0,0.21192473351590538,0.09362929981604558,0.31106675102953224,21.0,0.19462282056697827,0.09980334641310568,0.3268012389814611,0.23929208471609661,0.0937134177496154,0.2980092939443833,100,101,0.42333333333333334,8.603333333333333,1,6,2025-07-19
0.20767820559465477,0.09358673251007903,0.3195370221510654,0.1573064100816846,0.22440723530737866,0.08982144556043672,0.33187520818994853,0.14041393075778663,0.19556436840094635,0.09115115472856936,0.29628606668463964,24.0,0.18548343931144995,0.067039983560199,0.3072867433982662,24.0,0.22607803448106656,0.09628612239490685,0.31845745220754207,0.21454846109427325,0.10042866643196288,0.29308999816871295,98,97,0.5133333333333333,8.583333333333334,0,7,2025-07-19
0.22812689606942804,0.08139189140103661,0.3239192241498759,0.13316865615296097,0.21753996320129376,0.09145223149894373,0.3176637650988669,0.1550787229278826,0.20510569323209288,0.08953945071794904,0.3019014347317636,23.0,0.23409224321449162,0.09035788045015412,0.32494437354926764,25.0,0.21497790281303164,0.0896897184077558,0.3198619396086021,0.2158555824014989,0.1026736380382711,0.32681672794727795,101,106,0.5233333333333333,9.71,1,14,2025-07-19
0.22047342199270073,0.08605505204663905,0.31300186451294937,0.11632163883721239,0.23594111311698343,0.0818485441447759,0.32354329439909196,0.12444745592487225,0.19275754209665655,0.08188312635999068,0.30734411385549243,23.0,0.18679622736052237,0.08933028623925617,0.31200319688650346,23.0,0.2076546774887326,0.0902027639526092,0.2930969659520878,0.2062812819700634,0.09959883094803124,0.30311208502729375,99,92,0.5166666666666667,7.866666666666666,0,9,2025-07-20
0.2207905412392637,0.07769784438356295,0.31309725713239384,0.12607227762440248,0.18442463832249445,0.07423649319037944,0.3059187408793199,0.11937859136064416,0.20586923987000283,0.058246531404495865,0.30560144320765076,21.0,0.2338653126984323,0.08064953908431449,0.31347526135202264,26.0,0.21072820724089442,0.08627941827709654,0.3096448546832776,0.21128546026799075,0.08861436924078119,0.3043614747973096,96,95,0.5633333333333334,6.996666666666667,0,11,2025-07-20
0.2161177255041253,0.08408557930596475,0.3163288369752653,0.15252508730801662,0.2213868369406068,0.07957318729249317,0.3307791138034916,0.13841071199433522,0.19680733672045425,0.08033411011126113,0.3218471755525663,24.0,0.2640834631882943,0.07218593459841705,0.3085005916635382,27.0,0.20483886674668306,0.08041370374434312,0.3023964603689445,0.21655608510894347,0.09806487738123577,0.2943114508535818,100,101,0.5033333333333333,8.786666666666667,0,7,2025-07-20
0.22138944342681904,0.08109138280008342,0.3054409044109895,0.14304053508807857,0.2263569145062725,0.08659133459483136,0.3174548789321146,0.13406016372191598,0.21824788613562307,0.07987735843905784,0.30693227496335895,26.0,0.2155096240296303,0.07402517091203914,0.3014354882896807,23.5,0.22666467038632815,0.09548139998152495,0.31781675973688517,0.21612034583976505,0.1021121401713248,0.2917340688017216,98,97,0.5,7.766666666666667,1,5,2025-07-20
0.22309499189760057,0.08210053077525384,0.3108304895168087,0.13239019541007543,0.22262289113479314,0.08371120164205809,0.32809705044682524,0.14676686611917308,0.23191951217265835,0.08287236166305531,0.30108144842398576,25.0,0.22411740297681854,0.08594381748259351,0.28122104928905917,24.0,0.23797744920660974,0.0868780843620012,0.31677609905204684,0.23966022341470328,0.09822806133596063,0.3351233925083299,97,96,0.5,8.0,0,8,2025-07-20
0.21022099463125327,0.09317803801905698,0.3220803841672961,0.13841743741134696,0.21732758314691203,0.08106525112310473,0.3313222091406878,0.14194046238370245,0.28365098054716975,0.06684397438328651,0.28904348610854114,26.0,0.19377041645697154,0.09233145478602683,0.3231143068198157,23.5,0.21553332782598908,0.08872469710765413,0.319437460551276,0.21721384151204712,0.0974021950293705,0.29248991956931053,101,106,0.6666666666666666,8.906666666666666,1,5,2025-07-21
0.21293701345129154,0.08743965635868017,0.319194301972433,0.14465993720478731,0.2160794015170714,0.10160676838440631,0.31836675667045955,0.13495891214294492,0.20566253429609552,0.08406834067474128,0.337958910998988,26.0,0.22254584144333192,0.1006722798266109,0.31451639613982185,22.0,0.23752263791355532,0.09463603409250168,0.3041275469282153,0.2153478056928717,0.08377003618022137,0.2904781895786918,100,101,0.47,9.563333333333333,1,14,2025-07-21
0.2054157114730647,0.08856339543218077,0.2986984177198319,0.14072043219852579,0.22445930201544423,0.08285130405570768,0.3294223761681909,0.14867073909327808,0.21317206862987967,0.07662200082493309,0.31353913448574355,25.0,0.17348324085535513,0.06693900942379567,0.3169359484716363,25.0,0.23078519683830567,0.09282478977611791,0.32127512327084284,0.2400230431974741,0.09917124594172419,0.3347247247365448,97,96,0.5033333333333333,8.566666666666666,1,15,2025-07-21
0.2329300485885702,0.07916291081134436,0.3063671083023281,0.14056639218538616,0.2094290555835031,0.08389379857684748,0.32717672118824814,0.1528975638374383,0.20694600351681183,0.09842136906459259,0.3067551770644342,23.0,0.2454224828833512,0.08459857673630336,0.31741387806229515,21.5,0.21270183488221014,0.08395457648564027,0.30369307857529415,0.22851669879955772,0.1087779641968308,0.3348329969805671,101,100,0.5566666666666666,9.253333333333334,1,9,2025-07-21
0.20988613962309213,0.08314399285876692,0.3135359271626767,0.13977633007961404,0.2080775073343134,0.08822654646280467,0.32865597079231174,0.1356107407020527,0.18672964843312256,0.08067066637776202,0.30661968054492084,25.5,0.2158770003751354,0.08973217687714073,0.3190823582082979,24.0,0.19427565617307374,0.0990086971694644,0.3235813723019843,0.21590628902549017,0.10279552071378306,0.2910578313750924,100,101,0.45,9.44,1,18,2025-07-21
0.20988610624200538,0.08885665651875291,0.3228214282035189,0.14982207719651405,0.2209764592852476,0.08192412382324667,0.3202013914960987,0.15819234700413562,0.22767590746541755,0.0824140109230929,0.30656506075585344,17.0,0.22213774499486888,0.08555679051814512,0.3149080006849664,20.0,0.225247884697223,0.08787940924260158,0.3303736318090905,0.22851834350997063,0.07771952263336881,0.3386474061856606,99,105,0.57,9.343333333333334,1,7,2025-07-21
0.20443409903606086,0.08912899890103165,0.30030594262275406,0.14166163306581944,0.23858134916757776,0.07708373836032704,0.31135105350400755,0.14177043364933103,0.24830337866923954,0.09327460071489316,0.33645470955104195,21.0,0.21542915767874782,0.08184706802646546,0.3458863549315818,20.5,0.23199822919434623,0.09239230126578551,0.3201493409660229,0.2376851534650175,0.10020309360019108,0.33644243969879295,97,96,0.5833333333333334,8.87,1,9,2025-07-22
0.21028380101983693,0.09334846108132469,0.3217244259221942,0.13755649402103018,0.2284007890862155,0.08497332707664412,0.3359455322315327,0.13519749078128462,0.2349767509334931,0.07614950618492312,0.30187217162352914,26.0,0.21237288072497998,0.08202215501112825,0.3083593977320872,19.0,0.2178269845836152,0.08908265759356561,0.31804469882606146,0.21856028214367587,0.09816541644811419,0.2922464749269017,101,106,0.44666666666666666,8.903333333333334,1,5,2025-07-22
0.21384648330621017,0.09009765466900027,0.3206543168873432,0.1433182258930625,0.21156404793749345,0.09686001005923124,0.3146541636366897,0.13861864349085293,0.22251489215150005,0.09010744869968815,0.3044931614184022,18.0,0.21017524770051166,0.09109312327509582,0.3242488836448578,24.0,0.2359946233637844,0.09346500001962632,0.3034320500698626,0.21750944336209,0.08573458194927337,0.29287716281117765,100,101,0.58,8.54,0,9,2025-07-22
0.2020747384618682,0.08601886906404799,0.32446215880792634,0.1193128387285259,0.2064993854784849,0.09085624115112381,0.3095602707722429,0.12536178604027073,0.21469182322875244,0.07297872209599243,0.2986454928866424,21.0,0.18539018073740182,0.07176610331187855,0.30632119531554997,25.0,0.24196044981689474,0.08548538856133509,0.31684653874494556,0.2083208140122183,0.10015747209894571,0.3010959422892212,97,96,0.5266666666666666,7.6866666666666665,1,7,2025-07-22
0.21561104515055948,0.08801834705549996,0.32516634462500504,0.1491340017234456,0.1995368751661677,0.08688798892017578,0.3121279326635482,0.1269099683312797,0.27550505198809905,0.07516255041266257,0.3289042867087497,22.5,0.2499369410429329,0.08910688584742804,0.29745228499659426,20.0,0.21615088833823254,0.09222985354241059,0.30914492161321494,0.22804986839294406,0.08869736360514044,0.30023863378562343,95,96,0.5466666666666666,7.23,1,1,2025-07-22
0.20541613605856793,0.08310177433916684,0.3175979389463472,0.13541122713597184,0.2212719547229075,0.09116023591016618,0.33273935489327466,0.1369647412919058,0.20993957958886858,0.08417874492725595,0.30521928595289444,20.0,0.24353419250654107,0.09316160195734029,0.3353725239402836,21.5,0.19265061016424523,0.10093840430309384,0.3213441577418058,0.21591081827010872,0.10489493428737079,0.29502983725954746,100,101,0.52,9.293333333333333,1,7,2025-07-22
0.22235576237071555,0.08220193650972965,0.30291054025515396,0.14710651458494597,0.2415949147167741,0.07674181955340079,0.3195600264183094,0.15476741412637499,0.2388007552938355,0.08333373833742948,0.3198944797888522,17.0,0.21137545868645685,0.08390950852161772,0.3126220309902722,22.0,0.2274745137523721,0.09431052883952813,0.31743501869470975,0.21511710035515252,0.10553193057391017,0.3223160249197761,98,97,0.5733333333333334,8.43,1,9,2025-07-23
0.2072740696842564,0.08889695754679874,0.3177062964276668,0.13196758222642488,0.21540851229346777,0.0972275629459319,0.32584660116749825,0.16491024202745913,0.21826064198338221,0.06897944334903727,0.33722360348074704,25.5,0.2297580513106624,0.07209300396007522,0.295685781507317,26.0,0.2541673621705839,0.09616804960111736,0.29447262425207044,0.23296083866075845,0.09709701789916746,0.3101784801523327,101,102,0.38,9.056666666666667,1,12,2025-07-23
0.22478609187776583,0.07733690105661079,0.3312368428037147,0.137602417936443,0.19368911112521842,0.07884424218104397,0.32244126643181825,0.12261713818418657,0.20372723653560465,0.07735940377250818,0.3198055599142395,25.0,0.17614684709292844,0.07864847578995825,0.31030922196019695,24.0,0.19619634671089248,0.09980435162954213,0.3349416905267013,0.21814562588981948,0.08462891285741903,0.3029729474032358,112,104,0.5266666666666666,12.423333333333334,1,6,2025-07-23
0.22184081844298642,0.08189160035433946,0.32800991573203864,0.13362789895868418,0.21023027208115494,0.09000416635535596,0.3196748234501337,0.12774508275002874,0.21283795711990008,0.07922070002525135,0.3057102501149438,25.0,0.21276934883737111,0.08069595103891379,0.3015702973999208,23.5,0.2166063260517116,0.09350562409742322,0.30830508448999605,0.2276637886144296,0.08862212882089754,0.29835157403010093,95,96,0.45666666666666667,7.526666666666666,0,12,2025-07-23
0.20368007797047516,0.0823235472713843,0.3221912685963735,0.15953808818772053,0.19130393812538626,0.07578305223515858,0.30585969841081195,0.12700128375424008,0.19157896789346945,0.07513624979146778,0.3141347933953591,24.0,0.22060786468039878,0.07695413331633918,0.2923541819696463,24.0,0.2035200189578068,0.07901096866695484,0.30865216752007807,0.21165955593848557,0.09032279669081211,0.30361766221300085,100,101,0.4766666666666667,8.306666666666667,0,12,2025-07-23
0.20358891530569523,0.08994101884832707,0.2995599250919999,0.14117069809758181,0.22249928622420112,0.07931570996984101,0.3245174663497503,0.14364368566893873,0.21701106970758047,0.07644202083825688,0.31593803790690556,24.0,0.191619833026427,0.06551623581041716,0.33827364467410287,24.5,0.23206375350361455,0.09263152838643288,0.3213777171088004,0.23670985730695895,0.10234183865332847,0.3355888820776579,97,96,0.6166666666666667,9.076666666666666,1,5,2025-07-23
0.2205845070154531,0.09062680047927082,0.3200013302126156,0.15456922100534165,0.23427909157260413,0.07984115131774143,0.3169885664959646,0.15341080201048043,0.23966797653185096,0.09070032649050536,0.3287094933903403,25.0,0.19655070437649852,0.08166424519213891,0.3235292595542133,24.5,0.21519079139736752,0.10398023628465125,0.3236046824182377,0.21696304891180468,0.09349087429660004,0.3108737450931233,100,103,0.5533333333333333,9.686666666666667,0,6,2025-07-24
0.19277009535737377,0.07911927180445097,0.32284593507666054,0.12351114072061635,0.19058936124702625,0.08717036608738246,0.30980869267116684,0.12330935682745042,0.1914694276703675,0.06689953951257843,0.3190560969941314,22.0,0.2536251306709033,0.07285582680037979,0.29585755563679905,23.5,0.2214475241818385,0.08437876211926452,0.30373851239200766,0.23625566947136004,0.09312922556767114,0.2949323917120437,98,96,0.44666666666666666,7.77,1,3,2025-07-25
0.2216443225493898,0.09059420441829544,0.3238688088742367,0.16718172819166696,0.20964269239577232,0.09211368824145691,0.32283686572960557,0.14167461313713073,0.2448893496037689,0.09715488646073131,0.33489368054548163,22.0,0.20503396056609577,0.08774233373778453,0.3153901918055581,22.0,0.2314818693001827,0.09691435431354584,0.3106140128827908,0.22109025222235718,0.08813112650368132,0.3178669942331749,99,110,0.55,9.913333333333334,0,17,2025-07-25
0.22593755578771305,0.08684687116363729,0.3239677496064328,0.15905174265068905,0.20661286672006854,0.08987068046274341,0.3258925957785918,0.14882502709388837,0.20894064281275637,0.10037325975943043,0.31952543921769805,26.0,0.2340948904351245,0.06218072541647569,0.2894371327510201,26.0,0.21753435559470619,0.10345101986598694,0.322107903745977,0.21696972607115472,0.09297744409723036,0.3108702855429568,100,103,0.47333333333333333,8.88,1,5,2025-07-25
0.22361385538778494,0.08363941595446028,0.3243164980682431,0.14327061253990694,0.17644747003855413,0.08708697780822569,0.32571075020565204,0.12756419923612466,0.19403275914578255,0.08501720755646733,0.3170933321024686,22.5,0.20680609342418588,0.08105627771529604,0.30962168460287554,25.0,0.2034768294063069,0.08319360472648066,0.31036058756883134,0.2524071563514859,0.09521849454379158,0.29730973977057895,97,95,0.4766666666666667,9.153333333333334,0,8,2025-07-25
0.22771765263053417,0.07770861599696438,0.3219938093032184,0.13456404450517717,0.21135682013243462,0.08811580140665815,0.3316043897956212,0.14650776308139493,0.22139556524682716,0.07988746896343557,0.33479782385624335,21.5,0.20133977259910246,0.0806542931755016,0.3034816394001991,23.0,0.26612964379637416,0.08785341175093933,0.30363847746886974,0.22764226478396887,0.10739217444024698,0.3350397657375405,99,101,0.4766666666666667,8.733333333333333,0,18,2025-07-25
0.23439295595093831,0.07817300074204131,0.3137214084400412,0.14721218438569084,0.22688555766451377,0.07249981476558962,0.3312133270020643,0.13403509705048972,0.20774032190019695,0.07217191835274203,0.3143193473022191,25.0,0.1925424767872561,0.07481873216723256,0.33633541077541473,25.5,0.23665786926654409,0.1015156357773643,0.3345159236412813,0.19617768967357124,0.09915767561709701,0.3333379123693718,101,103,0.6166666666666667,10.12,0,11,2025-07-25
0.22138208326198647,0.08681002379825443,0.3207167548270158,0.14525673829187863,0.20582608184367207,0.08814359416209466,0.3178761224642275,0.13101547597376817,0.2817620792330665,0.05773925336856538,0.3002311478321269,25.0,0.22752043416799086,0.08072030733979313,0.3043631955154884,25.0,0.20368131868569192,0.08348176941736771,0.3096072636972878,0.25296257052731325,0.09462529879512921,0.29544988472189776,97,95,0.6,7.083333333333333,0,7,2025-07-26
0.18539311514454296,0.07538150273066711,0.30384409938262463,0.12760203384161134,0.2066592910556196,0.08729815084654574,0.2997806876008739,0.14388576873312495,0.19550941603039612,0.0778131294913755,0.3048961054089101,24.5,0.2254480462686264,0.11169692253893868,0.2979093840404877,24.0,0.2105454856244382,0.09032971341268509,0.3035803268901225,0.23176400526835195,0.09304195096452036,0.31716115615567225,104,92,0.5766666666666667,8.483333333333333,1,8,2025-07-26
0.23242235656850646,0.08028053379163917,0.3102594565083193,0.14391473262513843,0.2225873426846567,0.08280605361842948,0.3020270039080637,0.15058128856831476,0.23771796417072355,0.09370286999396776,0.2895255289823658,25.0,0.21663004397259505,0.0784348168671852,0.3026199810794048,26.0,0.22168387138644885,0.08384127926945176,0.29547559506602294,0.2292527596934497,0.09415165330775929,0.31702001692943815,94,90,0.5666666666666667,6.74,0,3,2025-07-26
0.21903087746093924,0.09017554819207943,0.3349805625211673,0.13496068724962926,0.22853948101791,0.08391934914321066,0.31521520439643996,0.13544349147587553,0.2156117459977573,0.07290166061698658,0.3013817728487812,24.0,0.23487653876890274,0.08108052407740136,0.30470831002650084,25.0,0.2167003863545809,0.10450799408969676,0.29258797842997164,0.24209964025043657,0.08500353263615076,0.3182572876814903,104,118,0.6033333333333334,9.496666666666666,1,8,2025-07-26
0.22155716989868335,0.08046286994570191,0.3206799664811987,0.14732998537003317,0.22738422159069963,0.07898235491535607,0.3165736394103187,0.13505151486593334,0.217272189331777,0.08543047586829303,0.27841155673927453,25.0,0.15751517129349596,0.07828419206527891,0.3520464454580301,24.0,0.23816519855588175,0.10140129816620408,0.3337844811564026,0.1966623549833208,0.09833868946468399,0.3332215684912728,101,103,0.75,9.916666666666666,1,18,2025-07-26
0.23661323069752496,0.08176924624870396,0.3282488841760754,0.13565079291638235,0.2253483438902114,0.07645551129939286,0.32747926855027587,0.1546042240198198,0.2619907743806615,0.0732146279704611,0.3135011190877082,27.0,0.19461165691901722,0.078456958064936,0.3068122785364641,22.0,0.21916136803853659,0.09635751317001201,0.2898867067493705,0.22516321060617817,0.0920708482792495,0.3283680019137313,108,97,0.6066666666666667,10.69,1,6,2025-07-26
0.225580148339381,0.07923796552254897,0.31897237657664956,0.1383704314627627,0.21297804856194358,0.09040871010462609,0.33110176513962775,0.1528467326865214,0.2722478897477284,0.0804531289130812,0.3024147766824469,24.0,0.24728223866800209,0.0858201757288993,0.3170467301277125,22.0,0.2657145061957612,0.08919226587987639,0.30742871962552326,0.2278744979273054,0.1071514881928658,0.3346332174246556,99,101,0.5766666666666667,7.943333333333333,0,6,2025-07-26
0.19741196030352479,0.08536213037092351,0.314399352729386,0.12244242210135009,0.21598195381399807,0.07724460241310539,0.3123319829948403,0.12309827952156703,0.19497228167265004,0.09048051171216637,0.30138816143643943,24.0,0.197574698261983,0.05779449768543962,0.3047013928466734,22.5,0.22813842589976227,0.08983531579538556,0.29705553183914424,0.21033711629960855,0.08692035605041779,0.30446486501168585,98,102,0.56,8.076666666666666,0,11,2025-07-26
0.22837341731335428,0.0802031501957714,0.31437887587849284,0.14855959544361663,0.20827560286241945,0.07234624993574568,0.32165479874291536,0.1300365980553453,0.17454668024703385,0.07092173376026042,0.3195234273053732,25.0,0.18894084224115182,0.07317011148050084,0.3383061581140028,23.0,0.2382317957162886,0.10149699145753878,0.3330924685461175,0.19388095524753907,0.09907556615885624,0.3372090743497974,101,103,0.6033333333333334,10.58,1,6,2025-07-27
0.20873603667620474,0.08429258783663733,0.31972163836060513,0.1259536786374259,0.2024615488288944,0.08483403809453696,0.334142237461134,0.1296402341696346,0.24985974958560975,0.06880417733180463,0.30493728398397535,21.0,0.2330196236593166,0.08282840630313135,0.28816556110035135,20.5,0.22827011448052098,0.08956497837292687,0.29800174196143003,0.21093236901311052,0.08606581640970726,0.3040055350774724,98,102,0.48,7.543333333333333,1,5,2025-07-27
0.21482595638420718,0.08283123067680573,0.3110299642818868,0.1465772433835996,0.2133302941068592,0.08635509214565797,0.31747119291683595,0.1391287062113153,0.20446345204929642,0.07371270397278379,0.3167784145460654,17.0,0.18319338895904824,0.0828999138816239,0.3092708673244956,25.0,0.2264810191749535,0.07859400140320305,0.3392329860406381,0.19214695762681494,0.09858427985441534,0.3219281169180469,100,100,0.5333333333333333,9.346666666666666,0,9,2025-07-27
0.19952754172535792,0.08886005934587601,0.32510989154304304,0.12434932959252049,0.200296771975727,0.08571976840386071,0.3276897562607505,0.1232235117508671,0.2124091953315208,0.09057763727966447,0.3214987628291075,24.0,0.2265169952257039,0.08625309437049736,0.3197351933369036,25.0,0.21685916144898926,0.10425941129904093,0.29323169650568603,0.2418323839098839,0.08687223697645932,0.32060111563427696,104,118,0.5666666666666667,11.153333333333334,1,3,2025-07-27
0.21478680789838472,0.08646643002136377,0.31797993986263573,0.1501777520850618,0.20695408141233218,0.090284230812421,0.3248082321043221,0.15052630902455602,0.1817587676548436,0.06712026460682818,0.31419739066747604,25.0,0.28413333125875384,0.07174964056515812,0.3227157798721635,22.0,0.2183287651165685,0.10369014354306158,0.32197651132466476,0.21760495853860526,0.09225488258260396,0.308889500873469,100,103,0.49666666666666665,8.803333333333333,1,5,2025-07-27
0.22561555942370332,0.08011153048701442,0.32490352952470664,0.14691489779037636,0.18803292659067458,0.08348188299439692,0.32509145355658337,0.13232367214107754,0.26441934244137655,0.09401759151559416,0.33583651350904276,23.0,0.22765253604323318,0.08059224182538807,0.32189019804420616,21.0,0.2030509492022259,0.08264562472797977,0.3119396597499481,0.25323889021528123,0.09399500290207388,0.29425420599615526,97,95,0.4533333333333333,8.516666666666667,1,14,2025-07-27
0.22594204096718234,0.07576827590388774,0.3171968351727148,0.13851592482207942,0.22032437364671512,0.07908223732006338,0.31040430895166476,0.13860201803127747,0.21914714008281233,0.07699502469969091,0.28964875668277323,26.0,0.24847200953314763,0.09875058033044466,0.33007551335433577,20.5,0.2112843464404682,0.08925876002687111,0.3063091710335534,0.23021467701513842,0.09358690936811254,0.31267314833869986,104,92,0.64,8.536666666666667,1,5,2025-07-27
0.21455560262544335,0.08237119868278811,0.3157066129140309,0.1369121663086645,0.22853786308156782,0.0824019720803174,0.31548349945325677,0.13848446248984203,0.20797068004543764,0.06870491895914826,0.3393127903635152,24.0,0.23233298904530886,0.07718294486992058,0.3295536785950334,21.0,0.26595298091803987,0.08924464126851897,0.30752967401257647,0.22884462829939534,0.10680254515052821,0.3337467504636651,99,101,0.53,8.81,0,8,2025-07-27
0.1976880484164978,0.07798153402723755,0.3158154513781913,0.12197223175820408,0.18984083472630678,0.08591627683387358,0.30941754092250834,0.12170910928882324,0.19684977758601271,0.06822851097794388,0.30740013023526863,24.5,0.1937825587631929,0.07764949896836948,0.3170609458701485,25.0,0.220703158168846,0.08243287418299192,0.302792021138356,0.2347126656945688,0.09248890932804814,0.29346545410738134,98,96,0.5666666666666667,7.786666666666667,0,11,2025-07-27
0.23110411349368787,0.07697726832825043,0.33028483545738907,0.1327107170218338,0.2099559967892384,0.09290064963137243,0.32410580770599395,0.14486747715798168,0.18472960798298543,0.07706808263704604,0.3033509452189801,24.5,0.24323273237520537,0.07288344627007806,0.2964254348269155,26.5,0.2112718603481452,0.1024352437278838,0.3072121505532897,0.221645443281279,0.08942279839895555,0.31564994757587606,99,103,0.5133333333333333,9.013333333333334,1,8,2025-07-28
0.21064496857674964,0.07562598052894301,0.3180069135703384,0.14244340521880222,0.23304377348622088,0.07913725513721981,0.3069621583111519,0.12667638072949006,0.23583407632987655,0.08238047314388411,0.30029798810521535,26.5,0.20466632409974916,0.08103711885959894,0.3082534202393937,19.0,0.2648284562179024,0.08817177244290351,0.30780028741611987,0.1918827357755,0.09803797956268216,0.321651463067978,99,101,0.63,8.14,0,3,2025-07-28
0.21344896083521783,0.09008725168033024,0.3302637723925056,0.154134211403727,0.23360502411635237,0.07649647247662741,0.3243815250933335,0.16302435127285,0.2151531445850688,0.07033577874710568,0.316899099026112,22.0,0.21565932400805438,0.07551264484652236,0.3144602589675553,25.0,0.22765426010232612,0.10665721980375695,0.33360070108189466,0.21745873084435297,0.09227992800596904,0.30763098227391117,96,96,0.5633333333333334,9.283333333333333,0,4,2025-07-28
0.2172986759444848,0.08294802902361148,0.324219671055157,0.14714198952161628,0.1865580131899599,0.08607285480402202,0.3271732390652654,0.1292762450245381,0.19570556658565536,0.06521698937817977,0.33253901326279023,24.0,0.22181948719115244,0.06605038004519105,0.32987019337086826,26.0,0.23873033786076633,0.10188075096378287,0.3327608164382262,0.2527512335228137,0.09405307703989832,0.2988615740051865,101,103,0.4666666666666667,10.033333333333333,1,15,2025-07-28
0.20046739977176478,0.07954732094455935,0.3241538269889532,0.12174031808442552,0.19576996789615653,0.08201985778159467,0.31927712784048334,0.1193184124729681,0.17812015801385578,0.07881816507246206,0.31562523874007836,24.5,0.23487368818195176,0.08012712392249324,0.3128400047367056,23.0,0.22052589428572206,0.08198881753150994,0.30545348964639896,0.21047792885180627,0.08637394389562594,0.30670736742689053,98,96,0.5133333333333333,8.633333333333333,1,8,2025-07-28
0.21306567776149143,0.0822073609968586,0.30957548476001545,0.14330901261175988,0.21935483126871716,0.0806098777538524,0.32793851639429195,0.14007694233035992,0.21791145776519538,0.08517474908858508,0.31408541867764805,22.0,0.21516082688475735,0.07717634462043306,0.31583743034110073,24.0,0.22560468435455927,0.07988152640829471,0.3383548987279255,0.2193184197456332,0.0978770116514626,0.2883857159971952,100,100,0.46,8.696666666666667,0,13,2025-07-29
0.2289258498989581,0.0802272884457383,0.3114066448821432,0.1303688493111157,0.221091059645212,0.08005642752374652,0.319131796384756,0.12946190187064996,0.19118383804248618,0.07604804407419169,0.31669108557363335,17.0,0.19096987969643103,0.07320615136498941,0.33782822295814247,26.0,0.23046900902112033,0.09482941713180633,0.31183055885164723,0.19354705983810627,0.10169107087651594,0.3386036718109259,97,96,0.6366666666666667,9.263333333333334,1,5,2025-07-30
0.2233370743435559,0.08074788085236463,0.3246211928508838,0.1517370923432396,0.21377781417151154,0.08436379763338067,0.3177266969871482,0.15426465974267464,0.19386025391630127,0.06563285685036703,0.3202282563013904,23.0,0.2075337429522347,0.08171908736687672,0.2735849978433897,22.5,0.20323672883490732,0.08390106301262588,0.3104864156146623,0.21376778751254896,0.09136154750557278,0.3304278698459882,97,95,0.5066666666666667,8.513333333333334,1,9,2025-07-30
0.22641760967618277,0.07529439185162572,0.31724408125672926,0.12887975238671745,0.22577954591084548,0.0851453602877877,0.3117163269072838,0.1365172176876982,0.22542037799406198,0.08558631362577947,0.32065496405889826,17.0,0.21524487739653353,0.0954599109895759,0.3248883479437634,17.0,0.20604668949509922,0.09145976396608993,0.3082357101405393,0.23251679372256304,0.09570348875500018,0.30643351171213196,104,92,0.5633333333333334,9.153333333333334,1,1,2025-07-30
0.2238814430744063,0.08969746645597018,0.3214134053670369,0.15951002002564918,0.20729956589913778,0.08869183402877721,0.3194745265072464,0.14073156773987183,0.20903642329174266,0.09810390714842165,0.316375505267159,25.5,0.24693152777810076,0.06866586027923553,0.2898024779782833,23.0,0.22008010589728513,0.1021940889880661,0.3217500196510987,0.21522874351058774,0.08520659801913871,0.3006238792728856,100,103,0.44333333333333336,8.616666666666667,0,9,2025-07-30
0.230825013072529,0.0892312134607785,0.32234093204881326,0.15764260325314083,0.20186992032677156,0.08059141674534862,0.3344862072230031,0.13396079201499803,0.19539902225095263,0.0898409900872483,0.31827005838103106,21.0,0.23521105244813353,0.08475411255331278,0.2997169483944655,25.0,0.22765699565993633,0.09561571484993284,0.31295507941991435,0.24297755895908507,0.08519910787121514,0.31930731095436493,99,110,0.4533333333333333,9.316666666666666,1,11,2025-07-31
0.2186517986139414,0.0834565276609858,0.3167578395000464,0.15788789339246279,0.21597084992174465,0.08009741322737263,0.3223104365481692,0.14472751454997426,0.19470957322678317,0.08126943674033277,0.3091592622269916,24.0,0.21844983101997983,0.08402607543237234,0.2694090307260627,24.0,0.2028569990179338,0.07885602295504775,0.305578282404282,0.23566427350141733,0.1016167862861109,0.3323623359504072,100,101,0.57,8.816666666666666,1,1,2025-08-01
0.21640612105369073,0.07845554088205503,0.3166611961992061,0.1265618991649396,0.2307206886174085,0.0908652423117536,0.3238695476223497,0.1626806379506015,0.19952175797264077,0.0555706159325375,0.3133723026705817,23.0,0.2543540540842553,0.0837621779569554,0.2837577723414825,25.0,0.2141987494116196,0.08823158463410091,0.3075236462079265,0.22955001022728116,0.09477493690620689,0.31177662631063746,96,95,0.4666666666666667,7.416666666666667,1,25,2025-08-01
0.20427267300995114,0.0834039487751348,0.3110069530727317,0.1222845792256588,0.20564558907127092,0.0831895471062175,0.32384760711410354,0.12703452365977322,0.24898739161011824,0.07333559738241738,0.2890195277577605,24.0,0.1994448874014021,0.07327194646372315,0.31824908434996685,24.0,0.23751336021342107,0.08998445426976033,0.2901702099022715,0.21812895937883547,0.08081818616468636,0.30372502651025823,96,95,0.6166666666666667,7.723333333333334,1,5,2025-08-01
0.20724630166158553,0.0879818101813064,0.3051617488753102,0.14186035789346538,0.20819287856653557,0.08150082747370667,0.30254607781780496,0.14333135506677008,0.22123797658593117,0.11033040629365522,0.29634486512003594,24.0,0.25764760296797556,0.06476816919855508,0.29288299196408446,23.5,0.2310870936427875,0.09436197021533277,0.31004405426551684,0.22368574992787726,0.08030408932476926,0.3381480097702259,97,96,0.5233333333333333,7.863333333333333,1,5,2025-08-01
0.18487425051075584,0.08760428368443204,0.32630319668485425,0.12577647169836723,0.206080526004721,0.08498642517896944,0.3170254494373564,0.13172083593692327,0.15631140695179752,0.09528250565135682,0.28850577046268333,22.0,0.1886618447485371,0.06920916948955319,0.31480827155060964,27.0,0.23698559057522653,0.08953670523572085,0.2916601424983668,0.21803133869593533,0.07997798349173871,0.30307949525525507,96,95,0.5633333333333334,8.873333333333333,0,13,2025-08-02
0.21828002218163906,0.08987301760138308,0.3335225163453039,0.15369810913014187,0.21375709512813643,0.087196235805673,0.3204946098688904,0.13813563856680933,0.23020671240296928,0.07317287826171402,0.3200811700162382,21.0,0.21803465109229217,0.08311162120641655,0.32531393982488493,26.0,0.22520983899539815,0.10589887446391398,0.32881273702922365,0.21176877337982097,0.09108874882035942,0.3308234824732111,96,96,0.6,8.98,0,9,2025-08-02
0.22061354385994242,0.06873444164471705,0.3191496908393017,0.1358710230068968,0.23431360877706764,0.0844398890335423,0.307544318526299,0.12884857621958223,0.18450374120290092,0.07853157193422383,0.33490435838406607,22.5,0.2585686520524267,0.06987444286605445,0.28161785550241514,25.0,0.1949631599908363,0.1008805593434115,0.3397937428408053,0.21633045763365558,0.0872469234680304,0.2935108113136519,112,104,0.36666666666666664,10.206666666666667,1,13,2025-08-02
0.19863508046016057,0.08248285998205827,0.31430197938890814,0.12504188501448735,0.21204836835201327,0.08721133192741409,0.3220468088057433,0.12800758643010104,0.20146518640644556,0.08009961291940315,0.2983586266940613,19.0,0.2436691918480901,0.08273150406022284,0.3134048804794539,21.0,0.19088841377476176,0.09707872178777216,0.3287942541273977,0.22532810464797565,0.09016171272296555,0.299500177779443,100,101,0.48333333333333334,8.293333333333333,0,17,2025-08-03
0.20365639446637857,0.08562656841042231,0.33227198481760367,0.13457275973674984,0.2274516394288834,0.09362979870858873,0.3230774076201104,0.17143549699805996,0.23119347040933594,0.08216656064952696,0.3089558152081726,23.5,0.21787645561116192,0.08466473502518973,0.3147683469166669,22.0,0.21443102934903596,0.08687405309096233,0.3091116086676672,0.22824581780704448,0.0952426830565197,0.314068260235372,96,95,0.5033333333333333,8.43,1,10,2025-08-03
0.20863976702145468,0.09185816334610805,0.32291191067559494,0.14391392757780622,0.22169456816546063,0.0828721464941103,0.3254972656848843,0.14924524709711004,0.2402920239099564,0.07134545098348385,0.297024197967943,27.0,0.21427329308250606,0.09352187848497863,0.3309335090817822,24.5,0.21681985827760902,0.08798737735658405,0.3208324980626533,0.2038408390412625,0.0832852469696769,0.3143087233098092,101,106,0.5866666666666667,9.463333333333333,1,2,2025-08-03
0.1819845997594297,0.07923380022471195,0.3213864204107193,0.1315739051131687,0.1871570983287745,0.08184460659093241,0.31261483422860775,0.12659598780632672,0.22277363494298932,0.06601822104572261,0.3382746721259402,25.5,0.2202876242436063,0.08060377365201082,0.29480239949093096,24.5,0.25019090746203354,0.09256181813178063,0.3094721219758405,0.20781240499221998,0.09008839971975152,0.30719406375646235,101,102,0.55,9.04,0,11,2025-08-03
0.23109892796099707,0.08326397004110887,0.3289472254079791,0.14489904629296008,0.1953608037643039,0.0756303124314344,0.32440434346849983,0.13191108153457584,0.2140300331243159,0.07698571967329104,0.3134152860280417,24.0,0.2414303864189389,0.08300823630654378,0.29978967682831126,26.0,0.2201878831507412,0.09662715169881862,0.28869089871419307,0.27054346351158925,0.08938487298652217,0.3096897578114885,108,97,0.5533333333333333,9.53,1,7,2025-08-03
0.20936392527447256,0.09282370468710938,0.32737056513794793,0.15749054001079077,0.22018286039832408,0.07891695885175397,0.323813717226301,0.14301590829395458,0.18648853341898436,0.07124697359491472,0.32084007631754907,24.0,0.21458408752011743,0.08469756710283285,0.34288214251904103,21.0,0.20341210154052275,0.07956239239498863,0.30474576203100656,0.23690895279396187,0.10218587470299378,0.3324344783701804,100,101,0.6133333333333333,10.393333333333333,1,8,2025-08-03
0.21268607250255048,0.088462510808373,0.30904619724387034,0.14154053093760524,0.22337710508237205,0.08327824264653887,0.3023573470960128,0.14481957178314978,0.246501876535428,0.10396725007989843,0.32793327385326876,20.0,0.19712459971173038,0.08007463611078774,0.3191184415200792,17.0,0.23784637793283686,0.09223450492820359,0.3086661166729908,0.22214428539489559,0.07989843509143957,0.3369338781952811,97,96,0.59,8.943333333333333,0,9,2025-08-03
0.20533441619245027,0.08574074258191389,0.3281215065752283,0.1303758183368863,0.2017668001853546,0.07552304598409124,0.3276432927533628,0.13178582932625782,0.18671994139986817,0.0840273613466406,0.31428367189360895,24.0,0.20126389339409795,0.09222450752590375,0.3304834612085903,26.0,0.21683733112689774,0.08676402333957298,0.31100952201641274,0.27054333481677395,0.0895009242331218,0.3090727912104122,96,95,0.5566666666666666,9.35,0,10,2025-08-04
0.22921938303510142,0.09463961203595034,0.3176107527138723,0.1627901440026742,0.2200860954326503,0.07290040414579166,0.30084920867115794,0.1341272437524563,0.2361153243950383,0.08688689833019217,0.33855045239583526,25.0,0.19259395580097888,0.08207115987625832,0.3088037355708949,26.0,0.22085456805521458,0.10133055363498802,0.32452954768711273,0.2453642557029701,0.08450713151814856,0.31844215750419946,100,103,0.54,9.253333333333334,1,6,2025-08-04
0.2084365131235387,0.08435786756592903,0.3221055129181586,0.14311349482802752,0.2221827414906392,0.09381633475711358,0.33108350297414163,0.12552672299059017,0.23617812286792583,0.07670515748928222,0.29951819378217037,23.0,0.23027545602191785,0.06525476720337955,0.30968588655039103,24.5,0.20513821656740217,0.08000731960906843,0.3042066441251365,0.2156075761490007,0.10276588683095288,0.2989941292935252,100,101,0.54,8.363333333333333,0,5,2025-08-04
0.2141416507246479,0.09489167315925699,0.32295969840547206,0.1591921818229882,0.22823547606505545,0.07944680688560551,0.31213774952941176,0.13079228284818964,0.23692143017238276,0.07979867090503368,0.3036422581418805,19.0,0.20638437542667218,0.07685565909432188,0.3109952970784824,24.0,0.23164877932710948,0.09481731753217362,0.3205597116844148,0.2378679784134076,0.09220146257939593,0.30841797051499986,98,97,0.61,8.056666666666667,0,13,2025-08-04
0.23666466132606268,0.08128900699485986,0.32781820432490844,0.1490794665410976,0.23292226253496867,0.07826705261283293,0.3097426790859518,0.14297545057656744,0.25849472969454823,0.08390700471829043,0.3381634257456223,24.0,0.2307669055487196,0.08409732213016832,0.3436235325845849,23.5,0.21714209387952546,0.08777599122360552,0.3201616369722594,0.23719443217228553,0.10115499635547961,0.3343283593745128,101,106,0.58,9.94,1,16,2025-08-04
0.2209196736003748,0.0786955721721912,0.31341199767878347,0.1503366639387646,0.20431815728745176,0.08300360228350823,0.3076546890511975,0.14516920988962204,0.1960947693279826,0.06345183604318903,0.3167413101497243,22.5,0.240403970720261,0.07513853109880306,0.3433628158284101,22.0,0.20451058158203145,0.08282710372816512,0.3131286141436317,0.22220147326784145,0.07993631617509497,0.3406417783907523,97,95,0.5766666666666667,8.406666666666666,0,9,2025-08-05
0.21820955907124107,0.08383462333098718,0.3022237262104029,0.14631598535111523,0.20804380984500728,0.08427146179755558,0.30809131947820445,0.1415118013376523,0.18775450064992755,0.08897208879655696,0.30383174351449416,24.0,0.20052640136101596,0.08440960842236954,0.3121715306090405,24.0,0.23288617291346436,0.09435748310785555,0.3193805755763066,0.23719042597418413,0.09160166085531193,0.31124873599383457,98,97,0.5666666666666667,7.916666666666667,0,5,2025-08-05
0.2151626445356184,0.08373479252311437,0.31317734585323675,0.13233126556746583,0.21936784683376478,0.08671963069513094,0.32381860358112036,0.13402562700957663,0.2200204250017761,0.09754960947549285,0.31469120138543927,19.0,0.24258829522592515,0.08637269359353744,0.2948435131893651,24.0,0.2302910663985347,0.09528817899028685,0.30891198741289505,0.2261372948142411,0.09032462016540388,0.2994796404121687,100,101,0.44666666666666666,8.24,0,9,2025-08-05
0.19993116525331045,0.08241127379020768,0.3172657761447729,0.12793369444633865,0.23193200604718248,0.08085317023055559,0.3179808738143617,0.1550587426518356,0.25059241759429873,0.08723299429371116,0.33268504763585505,24.0,0.18924639702118956,0.07691870651067136,0.31259198567829516,26.0,0.18995429678910003,0.09924819221004742,0.33171255169217145,0.22472727791116331,0.10556104890518736,0.32950423236396725,100,101,0.43333333333333335,10.003333333333334,0,23,2025-08-05
0.20476330668819098,0.08756715843777291,0.32065912546031594,0.15027838049502165,0.2238561477910665,0.08150274788236526,0.32223183763329794,0.12582862065910955,0.2095493862763506,0.06515750700504346,0.29698735492073947,23.0,0.18451606108560667,0.057196476636014466,0.30443484024301476,25.0,0.20682947763124515,0.07855947367449295,0.3037114515630299,0.2164516425857693,0.10220392580025689,0.296867160469388,100,101,0.6166666666666667,8.473333333333333,0,6,2025-08-05
0.21216994350745283,0.09049966350099853,0.3229263640444641,0.17469670611088972,0.2182559871063435,0.08561585957765591,0.3169916198686168,0.13754676957681164,0.23347533839911738,0.062431803137908956,0.2934981325138887,26.0,0.1895328351954618,0.07941851014316788,0.3087183783008129,25.0,0.21787018407189965,0.09080253014201953,0.3026259731848584,0.21248928149870266,0.09990834920392998,0.30436777476780974,95,96,0.68,7.803333333333334,1,11,2025-08-05
0.20727902354026917,0.0916066398413355,0.3116395521743693,0.13898847548280402,0.19339969302003118,0.08455806875975141,0.32012259348717864,0.12253728445834147,0.21334432769220235,0.07795475067385613,0.2799117890550935,23.0,0.20678259995721726,0.08377394388300144,0.3121176182998975,21.0,0.21305822694393337,0.08963206077041458,0.32714869440433725,0.23841821394684792,0.08920806437792077,0.2940356482236146,103,102,0.56,8.513333333333334,0,15,2025-08-05
0.22126222763716058,0.07940022662631147,0.3142501222760719,0.12986499384017114,0.19583536191768253,0.07212388874358609,0.3226631863087921,0.1285620445815208,0.20480260138595469,0.07209792367702686,0.31393643812844874,21.0,0.2512885493331851,0.0770370076997216,0.29317896948090116,22.0,0.21684219914089964,0.08637613082273338,0.310846457553031,0.2706272816228478,0.08931525832043202,0.31066570390699194,96,95,0.39666666666666667,7.663333333333333,0,10,2025-08-05
0.21237517743462087,0.09339204011612146,0.31430390141608383,0.1558031664726478,0.22280195534404523,0.07740330041075806,0.3123965141406463,0.13449192830169063,0.21586389021392385,0.07852641930485713,0.3061244375045954,26.0,0.22599329562902348,0.10909330528761665,0.29579472903850323,24.0,0.23233366267564137,0.09328557630568632,0.31804581415228594,0.23747406811465727,0.09088764675065987,0.3086760472481259,98,97,0.5233333333333333,7.6,0,5,2025-08-06
0.2244616924602426,0.0868472383808464,0.30929177458056906,0.134759202671033,0.20431174737288663,0.08892796754147379,0.31909564836148374,0.1276362189664706,0.24878821389888978,0.09194440479762679,0.31231765504056075,24.0,0.19087922836699484,0.08942018314669278,0.307850077861051,24.0,0.23038653333825956,0.09636550657874036,0.30737415162889664,0.22580639087009932,0.09221730924232013,0.2999555198230939,100,101,0.5433333333333333,8.313333333333333,0,9,2025-08-06
0.23479427481949186,0.08212960771582399,0.3283170213031681,0.15627578771251363,0.23331631334625197,0.07586222011666152,0.3103565208978843,0.1419985053659484,0.22563460744450342,0.07371082427020517,0.3054580762701543,27.0,0.22202768172935763,0.07839910269613828,0.26550513074716137,25.0,0.22288038504635063,0.08720707170250416,0.3187186033311422,0.23665372678694604,0.10010814641868584,0.3386271638641517,101,106,0.5566666666666666,8.34,0,6,2025-08-06
0.23899192573181605,0.07563449337791038,0.31625203799888557,0.13706258207904265,0.22686746240356215,0.09647592887129676,0.3262195243795656,0.17681957616995753,0.21945759809506168,0.10331132805358259,0.3001670205287681,23.0,0.26067297066335604,0.08794269362434559,0.28373552656397916,25.0,0.21873979818608874,0.08477593545186843,0.2996983971519649,0.22838070595526921,0.0951571025048126,0.3144719390740404,101,100,0.4633333333333333,8.396666666666667,0,5,2025-08-06
0.21764423386666462,0.07814856678236719,0.3194492512008364,0.14983879771063668,0.21653382838778493,0.09014248891306724,0.33153911880665504,0.1289206809653075,0.19381771097048894,0.08388775283692888,0.3041068915554676,24.0,0.21152229181962912,0.07934103711718883,0.29722467874606445,24.0,0.20553755475383478,0.0784725880972248,0.30555352333388375,0.2168467533172484,0.10169579330521616,0.29656690806307523,100,101,0.44,8.903333333333334,1,7,2025-08-06
0.23655146077030645,0.07749672797820628,0.3134433596571042,0.13355953823049138,0.2233320472969725,0.08095477565730154,0.3139590136113023,0.15870366255208235,0.17397158814104063,0.08587738147073165,0.32489176932625186,24.5,0.24340639786919965,0.09018130094178253,0.3172348931862542,22.0,0.19326624290850328,0.10074422766204595,0.33528707383838585,0.22448791134683913,0.10557315154095448,0.3317340031213033,100,101,0.48,10.183333333333334,0,6,2025-08-07
0.1936395467765042,0.08797263783688208,0.32637283161204883,0.1297545394975549,0.21098235855461883,0.07820622616215328,0.3213874561767626,0.1368725246776664,0.24796739975720686,0.0707235940574806,0.28036993754996387,23.5,0.18418693598128272,0.09635405005706194,0.3264517590255074,24.0,0.24037145851502517,0.08941301069894528,0.29054158499378185,0.2200355614756,0.0949888444604929,0.29118388111160115,96,95,0.6666666666666666,7.65,0,12,2025-08-08
0.22456717045220584,0.07479833030845613,0.3297946926136233,0.15510860721762676,0.23679720824256612,0.07790915606849873,0.3212425360765082,0.1568750747938915,0.28506473991818737,0.057801785640363444,0.3039023497936577,25.0,0.1787001081243694,0.06736824780283597,0.3063181612481495,24.0,0.2010564717275615,0.0856933221625481,0.3098557154096421,0.22546656121033132,0.10083372875726779,0.3211796033970259,97,95,0.69,7.573333333333333,1,11,2025-08-08
0.22620079005360683,0.0979013322361029,0.32597041723436637,0.17606803269882,0.19950923310603041,0.0757583814503684,0.3269357938996271,0.12881198826459825,0.22195987794850244,0.09401343626637636,0.33326848463269565,23.0,0.2675748961723502,0.07897067640823298,0.29740542182895485,24.0,0.22982852345253876,0.09606241821889026,0.314018426166756,0.2675555208833063,0.09160281218854985,0.3072453695853993,99,110,0.52,8.81,0,8,2025-08-08
0.20673966586673928,0.08301192773861558,0.3087604380339587,0.14493986818097018,0.22286004623417308,0.07653327351407932,0.3350607199722914,0.13760738111311877,0.21383508126431036,0.0796941702516426,0.3277838487161012,26.0,0.18833005333376418,0.07731305245441714,0.33339336976945555,23.0,0.20840941934169216,0.09229416002699548,0.326706563201788,0.1899160515584533,0.09963101326822703,0.34667415846947264,103,102,0.6133333333333333,12.02,1,7,2025-08-08
0.21119643241986966,0.0839073397667104,0.3077675912567507,0.14488001529672934,0.1870373045352935,0.0809444629255027,0.31420766233438485,0.12607831569269184,0.25462286287556646,0.06391886189395701,0.29158821445389704,24.0,0.21616106948200392,0.0846180453899252,0.29494138581690843,24.0,0.22197779437191853,0.07871619894606585,0.3391139188643948,0.20705702547319743,0.09017239076826482,0.3089370264364317,100,100,0.5333333333333333,8.22,1,13,2025-08-08
0.23628553777821093,0.07637192087629431,0.3185652889804071,0.14079066998033332,0.21165601009680543,0.0908958434843539,0.32580600273702803,0.14703152604568545,0.23090978228395945,0.07595414265547676,0.2898604448974581,24.0,0.2392833901211714,0.07007420435717415,0.29317447530501706,27.0,0.21718623803354442,0.08638518670199277,0.29823302505058835,0.22216646045316593,0.08663185223512643,0.31748687272638726,101,100,0.5633333333333334,8.07,0,10,2025-08-08
0.2235193044987533,0.0820926442817162,0.3159636771622705,0.12358773567160035,0.21042356619551278,0.09249740784505286,0.32560689103775353,0.15799600324077054,0.18763716883982576,0.06740551396041197,0.31778614515896947,26.5,0.2273192653441202,0.06756603236033484,0.29548372677959567,24.5,0.2176902449264994,0.08004223279688821,0.306622963745368,0.20787533708899192,0.07784890612226424,0.30592970405178577,98,96,0.3933333333333333,7.98,1,5,2025-08-08
0.2109297349759662,0.08991324037391096,0.3124813302952238,0.13191541076225555,0.21167367055790048,0.08246783559528038,0.3340633774041573,0.1366448169230566,0.19785526367688883,0.08903836505084772,0.339042834626039,26.0,0.23517822223701232,0.08042207177529972,0.30373842502271486,23.0,0.2304387078679595,0.09521258492513876,0.30492330329227835,0.21669772352805222,0.0857570558834998,0.3127585362880333,100,101,0.41,9.65,0,6,2025-08-08
0.236651796862752,0.07673529006263437,0.31626994256335567,0.13897910867006275,0.21014746475882762,0.09402365106832938,0.3257941986449858,0.15041936477603401,0.25202201100465027,0.06881608462857303,0.29168513483871583,24.0,0.26286747871983995,0.08076454381414518,0.3370721975676868,24.0,0.21739029190132797,0.08746327857611878,0.29957551416989014,0.22302992692655743,0.0867509273462761,0.3169894912587147,101,100,0.5866666666666667,8.61,0,5,2025-08-09
0.22222129365571627,0.09428639891246114,0.3252356631452884,0.15459359778179838,0.19859768857790908,0.08229324753935474,0.3194509886112625,0.12929706013042705,0.21988177411195275,0.0867425261120548,0.3189895870855416,23.0,0.22258501182838075,0.06852440960255715,0.32933124281948856,25.0,0.22631217313841528,0.09107069224820732,0.3275959560867563,0.24798300179720398,0.0934260386424343,0.30599971518404867,99,105,0.47333333333333333,9.49,1,10,2025-08-09
0.23282587259863138,0.07792042980971442,0.32254386134009905,0.1335013437019569,0.21030233223187347,0.08919553131943722,0.31270089924202765,0.13548364691195935,0.21388735046601942,0.09504976102886906,0.3152016349406843,23.0,0.2505456715870556,0.10288102487725773,0.33249548406200635,20.5,0.21397021427931745,0.10188898946270097,0.3001057237131065,0.23723415662433323,0.09031638646685841,0.3085788819990677,99,103,0.5333333333333333,8.243333333333334,0,4,2025-08-09
0.21690608072441797,0.07833615212187338,0.32100592863728844,0.13533390229811357,0.21471071902314925,0.0920212365961073,0.3285248786159582,0.15868649961693482,0.21416012373548995,0.08517539516700295,0.3423510022767317,21.0,0.22366917667040004,0.0906843607656861,0.3025849339423284,18.0,0.23774970492450065,0.09953432457238123,0.3380662104143813,0.22455653965771089,0.10513740731344734,0.328694072801053,101,103,0.43666666666666665,10.133333333333333,0,14,2025-08-09
0.2237668898291551,0.08810081226754732,0.31723147621703174,0.1289946300750028,0.21360538863766143,0.08363079967256641,0.3306760471328923,0.12310524573261285,0.20947362158147143,0.0842844640586409,0.31836195872012885,17.0,0.19100059628783672,0.0686741356130787,0.30761601308787073,24.0,0.21935681252632194,0.08457398763171506,0.2961730651148924,0.21545145155228376,0.10279207411469458,0.29793288725385275,99,92,0.52,8.253333333333334,0,3,2025-08-09
0.20901408429030685,0.09106671391322808,0.3066041462479614,0.13198001216847385,0.20892572235214346,0.08303074440172785,0.33523147317381735,0.13669756582100728,0.16612134864013875,0.09572080159336155,0.31302108247368154,23.0,0.18568153682012709,0.08181813084540362,0.3159193038083752,24.5,0.23114963633163832,0.09449908162257234,0.3046067033891272,0.21615202287122282,0.08615335828704343,0.3118832606255523,100,101,0.44333333333333336,9.546666666666667,1,14,2025-08-09
0.21689172665756634,0.08452162410027507,0.3118807898146069,0.13592694578730283,0.20497479894227785,0.08320659076193097,0.3251258905684578,0.13036829148122425,0.2147093925293897,0.08543697031488487,0.3043426020916465,23.0,0.2226041747199752,0.0768464451159235,0.339134807767973,21.5,0.23114963633163832,0.09449908162257234,0.3046067033891272,0.21615202287122282,0.08615335828704343,0.3118832606255523,100,101,0.5733333333333334,8.98,1,8,2025-08-09
0.22996060631710868,0.08233456327721755,0.30865579706308793,0.13682803440249092,0.21937037445027135,0.08482809344510477,0.31411971912696457,0.1365333188934501,0.20457638208976314,0.08379222017895835,0.3278831141686199,23.0,0.24226031628068206,0.08564163395003593,0.3446116182486422,24.0,0.21816454759960024,0.08395207177446985,0.3004317311586753,0.1939776564249967,0.10008649816528073,0.33677780886787567,94,90,0.61,8.09,0,8,2025-08-10
0.22096724666902148,0.09003543814923848,0.32237983054219344,0.1813079323234144,0.20405609764936677,0.08148014100407061,0.3260510953290032,0.1404913441354282,0.2391581722144115,0.06019906179026285,0.289108147922823,25.5,0.18803693146140832,0.08000362792397078,0.31834946446469187,26.5,0.220590173052636,0.0905285831889649,0.30205612859698483,0.24838765288568887,0.08431403966704484,0.3145373541159145,95,96,0.63,7.89,1,9,2025-08-10
0.21270841347300487,0.08801865838598122,0.3122122462507202,0.14702695066168536,0.234973654599322,0.08162904154845463,0.32336760600669556,0.14973096356918952,0.2109885470446345,0.08048280015622636,0.31931484043766034,23.0,0.2898927612022275,0.06227017821642351,0.30623579084173613,26.0,0.218001006290525,0.08771496202118252,0.2991498782612406,0.2228435951885259,0.0861760387550907,0.3163076433493933,101,100,0.5133333333333333,8.496666666666666,0,6,2025-08-10
0.18386651641597415,0.08853712446455858,0.3262295619033243,0.12628533714963897,0.21626236521706346,0.0791834745071747,0.32622944124424075,0.13951274118154686,0.27408581783512276,0.08899575286797905,0.335283178761699,24.0,0.1957159755091634,0.08201264690733967,0.300645267663889,26.0,0.2419811236537548,0.09225058717880213,0.29278735775991765,0.21821123436761447,0.09760533460175003,0.2892513406312183,96,95,0.5733333333333334,8.273333333333333,1,8,2025-08-10
0.21800436410121393,0.08101212207798508,0.3255710591766149,0.15545061608896138,0.19030015995004987,0.07770567365931651,0.3289754054248936,0.13624942278209062,0.2460603017320308,0.09665328983214866,0.28855823024425276,21.0,0.2293937280992863,0.0692558069173575,0.29628639048095684,21.5,0.22646185560687754,0.09147709239738225,0.32669294224115153,0.24875561847902392,0.09438853124234653,0.3067300235372977,99,105,0.5533333333333333,9.23,0,9,2025-08-10
0.21559097189574064,0.08793435915825391,0.309271430709443,0.14700793060139727,0.21706019334023563,0.08852832036890249,0.32102898039312455,0.14256537821282375,0.24154266341090896,0.06597488139680421,0.27874479262376917,24.0,0.21799779324929783,0.07845731089888594,0.2856346066318062,23.0,0.2176705637788306,0.08673489274921228,0.2979338923470002,0.20888161580339243,0.09209538130251904,0.3265602770781067,101,100,0.5666666666666667,7.05,1,13,2025-08-11
0.22158126895598537,0.0820164186500368,0.31115677058808683,0.13832772915622957,0.21205334146675792,0.09183238979896699,0.3240367507284576,0.1783001032662913,0.20903834567172236,0.07152454557720109,0.3216305990842713,25.0,0.24037846293959408,0.07314035065884089,0.31081541278663505,24.0,0.2399058311635356,0.10017799871662116,0.33922741060042305,0.2208991044599905,0.09055906948335724,0.3009887118689794,101,103,0.37,9.013333333333334,0,1,2025-08-12
0.2244698751526458,0.08076013245458237,0.3210141877522038,0.12530765080043424,0.20758380166529433,0.0917175941335227,0.314286005271039,0.15165841701423466,0.2203731744211427,0.08957343129193937,0.318290574292388,24.0,0.2184383688314177,0.07043066991502597,0.3082593290603376,27.0,0.213811788283655,0.10484049494585568,0.2996240334491983,0.22291285421549786,0.08528894014099597,0.31519334228496665,104,118,0.5133333333333333,9.95,1,7,2025-08-12
0.22954007897109,0.09497377484431505,0.32913811440073704,0.1777657082890935,0.22156584807275317,0.08552239597583837,0.31286459659504373,0.14640341145554533,0.2554669450426592,0.0908148640691955,0.2885581916817579,25.0,0.21630745573777216,0.07514947977237091,0.3273887982179198,18.0,0.23245422264515117,0.09798159134895305,0.3115114221275387,0.21930621577892118,0.08036008060131747,0.3378568040251363,99,110,0.7133333333333334,10.036666666666667,1,10,2025-08-12
0.20860279774429008,0.09192422043468719,0.3090988351111059,0.1368496178923687,0.2218379768590457,0.08046859742565568,0.31412992167158155,0.12426445365920016,0.2041914652920679,0.08866626728610225,0.31224973798358957,24.0,0.19506879813950895,0.05761799999578109,0.3149116626751118,23.0,0.23440634447854647,0.09099174867213111,0.3039228728291417,0.21646134034680392,0.08733327792331363,0.3156292724746036,97,96,0.53,8.046666666666667,1,7,2025-08-12
0.21122708366609005,0.09476917036677146,0.3186055940419779,0.16204672904216746,0.2098789097720491,0.09345055584310427,0.31302224713752674,0.13280510097727344,0.19197168342087764,0.08741413912837717,0.3028317165458559,24.0,0.2483139470215912,0.0892614687926729,0.32848855340719774,25.0,0.22984606846390854,0.09204444684157348,0.3160288931611858,0.23025930289047147,0.09294453153581085,0.30254025975085447,98,97,0.5266666666666666,8.276666666666667,1,18,2025-08-12
0.21448040701878376,0.08807708850786036,0.31541347395660513,0.14418815715655198,0.22639434638224554,0.07987621160018839,0.32846953175067145,0.1543017094636407,0.20614535110643573,0.09586178111247057,0.32062180336186585,22.0,0.2605434414362933,0.09083895100869978,0.3318047394318656,23.0,0.2168280916687021,0.10094498311930497,0.29747445656689997,0.20110257380125396,0.08492522516360257,0.3062767468301245,99,103,0.4666666666666667,9.09,1,15,2025-08-12
0.17667676884177905,0.07892259245917758,0.32035087742149054,0.1357590636001626,0.2048488693110947,0.08926505571685345,0.3244689234526797,0.15782538615733518,0.20723761877520014,0.07765587430319074,0.3145114167922777,25.0,0.21804049319087804,0.08465867877317879,0.31498089188672196,22.0,0.2477165897787727,0.09826463318734857,0.3051617603037782,0.20893229733681803,0.07838055102863369,0.3086777033595935,101,102,0.4866666666666667,10.143333333333333,1,6,2025-08-12
0.21068728716578114,0.08373178026523255,0.31048654945326704,0.1433877391397904,0.2019787368644415,0.08738599168562322,0.3338115779997364,0.13415495616521972,0.22419367215169406,0.10963874721331164,0.28400295203394865,24.0,0.22564474957204675,0.08578859191884455,0.2831680100167824,22.0,0.2332300928270171,0.09186784301487638,0.3016038118055887,0.21687232049822125,0.08722865136983005,0.31446922390010423,97,96,0.5366666666666666,7.46,0,17,2025-08-13
0.21387256774924954,0.09054468615785988,0.3223556538457488,0.13082626057585053,0.19313851739908092,0.09043863804983535,0.3247318736159624,0.1283588086630144,0.21850350556116838,0.08741112750062904,0.3114091180924239,19.0,0.2422604459416148,0.07276457369205824,0.2794355465536741,24.0,0.21476674595514572,0.08357296138853215,0.30139605519956847,0.24501548937214265,0.09097328861563955,0.29146244932587023,94,90,0.44666666666666666,6.593333333333334,0,12,2025-08-13
0.22244498535955415,0.08170302252865522,0.311801705219664,0.13805733035934345,0.23789238158057024,0.0821676723127772,0.31836834530320424,0.18391798107589744,0.22285009510403736,0.07799308888969415,0.2732494660730752,25.0,0.28404715166842576,0.07461485213026126,0.31331527602492154,22.5,0.23925281527364656,0.09993516497351479,0.3387735884592966,0.22084698806770353,0.09071991519179098,0.3013026138710454,101,103,0.44333333333333336,7.216666666666667,1,7,2025-08-13
0.22202157369544842,0.08127891595847819,0.3127684371384154,0.14057353636746076,0.23018924218099476,0.07638130571640282,0.3259203942043912,0.15282027393039835,0.19724440613652228,0.0664304551486324,0.3295707416772189,26.0,0.2838536234826343,0.05892204212428738,0.3058574683272708,25.0,0.21752110077378695,0.08271620903044777,0.33736200193429,0.20090176921987943,0.08737475561639937,0.30562013457751536,100,100,0.37333333333333335,8.456666666666667,0,7,2025-08-14
0.2399035763779343,0.07855204860712811,0.3152072443113008,0.13237324903623365,0.21207495177044772,0.08880717581318809,0.3208964779411527,0.14807877229188243,0.206254188393032,0.08157644443352474,0.3028546647252439,20.0,0.25942128946676424,0.07957202641923478,0.3377777262167217,24.0,0.19470196736953488,0.10155361904339638,0.3359890558525759,0.22337808574408127,0.08501006029494224,0.3148503322667566,100,101,0.45,9.873333333333333,1,5,2025-08-14
0.22811555369365896,0.07615151165737288,0.32119149995667734,0.13920677575877544,0.2155524921909765,0.08660197099654847,0.3233731949261957,0.15973408916894852,0.18029800099697216,0.07128579847177113,0.31430148083545406,25.0,0.1974985501009902,0.08334012479253369,0.31822275263554733,24.0,0.2391051733091321,0.09995451240544076,0.338709290307063,0.22110729695002423,0.09002042475620167,0.30337606908067316,101,103,0.5066666666666667,9.223333333333333,1,8,2025-08-14
0.21456179186757007,0.09404920150086749,0.3208102336996616,0.16238348638416425,0.23123537910024805,0.08263202295460921,0.31305669499392264,0.1717004546680412,0.22877536670195728,0.075925847501597,0.31305090168473626,20.0,0.2134492593528064,0.06897791508222856,0.3070684468953565,25.0,0.22853601785343705,0.09117164885267473,0.3122385267865566,0.22057185052069145,0.09098058681015456,0.3012823280209791,98,97,0.6366666666666667,8.573333333333334,0,20,2025-08-15
0.1827393113012014,0.07966669540478795,0.3282434668165184,0.14032466825594442,0.21134245877429741,0.08981689664281398,0.3122061808217988,0.1440943168289129,0.21846213354250316,0.06926212507150126,0.32835329029488797,24.5,0.25336818547929346,0.06775155190097204,0.2938093105282444,24.0,0.25179918081700364,0.0990195533853081,0.30659704645680935,0.22178245437960084,0.08532351832524773,0.2980806989043181,101,102,0.5,8.75,1,11,2025-08-15
0.23262821191324534,0.08354728608434688,0.322370520597207,0.16040433797784417,0.23248750669357202,0.08682285325279158,0.32534398917600504,0.16087947618737924,0.21533657599182882,0.09999949320062551,0.3104122404662807,17.0,0.19263908911631336,0.08710293042854281,0.3221503021565607,25.0,0.22737696824925696,0.10415229145582328,0.324628434602778,0.22745287272628617,0.10292568040253783,0.32172629751841764,96,96,0.5833333333333334,9.693333333333333,1,9,2025-08-16
0.18167050981728003,0.07830299401756304,0.3136270778055554,0.13265289348868708,0.21286177461147013,0.08530972434105938,0.3133794569670385,0.14410138291991326,0.20779356705772228,0.07476186815553297,0.3191407284822508,25.0,0.21864915099295806,0.09673676629473402,0.32140071641838797,23.0,0.20748052581903814,0.08649056985585613,0.30835676302876014,0.2175534559295012,0.10027588453876293,0.29836725246480134,104,92,0.5833333333333334,9.726666666666667,1,8,2025-08-16
0.20388451474684,0.0857996663230112,0.3149252187522784,0.13849441715838173,0.23051748987570425,0.07366939917468497,0.3174450351509202,0.13526645160997453,0.2275611443550452,0.07535580523438377,0.30517065692908085,21.0,0.20694439955184746,0.08290652760698758,0.3186748924992837,23.0,0.25373310530733667,0.09944235256570515,0.3057076923948623,0.22076541374467473,0.0856999887287759,0.3000266371594613,101,102,0.6133333333333333,8.54,1,16,2025-08-16
0.19924370242606257,0.08131400659251492,0.326014811368333,0.11911157821467414,0.1969286204567613,0.08382402001413676,0.3185669329101994,0.1297263473200267,0.18758593432004103,0.05627699618718884,0.30594177967233827,25.0,0.20230524655864024,0.0786123871044317,0.3064951833953905,24.0,0.21587025776915708,0.10337886111162393,0.2997397340236647,0.22906773408870737,0.09049462713914812,0.29615652819520044,104,118,0.5833333333333334,9.586666666666666,0,11,2025-08-16
0.22971722920822202,0.08065421582808069,0.3195891339607974,0.12620996705277496,0.2350196557727474,0.10293426393187158,0.3239491785184858,0.16846403031041793,0.247308430704328,0.05504648544078097,0.33787514830929655,25.0,0.2332798021280868,0.07313637595068476,0.3037815640595237,26.5,0.22036703837270297,0.08039403057933972,0.3023443200971965,0.23469773136003452,0.09787320967333088,0.31188726049868015,98,96,0.5333333333333333,7.796666666666667,0,20,2025-08-16
0.20743133499569152,0.0733611163564574,0.313115208919689,0.13014281008556178,0.21500610686814156,0.08096800143357682,0.3127476901362193,0.13819365649796758,0.20199535942280716,0.0912989112733464,0.30726829007810075,24.0,0.23032441819797478,0.07968760947181988,0.31055824305270074,22.0,0.2624469162515797,0.08947831292099769,0.3121522475414337,0.2378313915507576,0.0997875876412476,0.3381463244027451,99,101,0.59,8.03,1,9,2025-08-16
0.225436281278513,0.0720554401010564,0.320783435514439,0.12986647938011325,0.21894743436840014,0.08535899945823781,0.3060871887629223,0.13814574804348223,0.15731483684157166,0.08128855725915246,0.3609494320946524,24.0,0.2179723140970808,0.08478012647860245,0.3145587703837367,22.0,0.1976658105786998,0.0960986574751208,0.34230815085364086,0.20609054305262392,0.09311107160012508,0.3207738497872624,112,104,0.49,13.086666666666666,1,11,2025-08-17
0.21885008190381622,0.07611168573043783,0.32303443441158064,0.12152328023016865,0.21619855908392083,0.08668801781973635,0.3207959903303703,0.13899527704631617,0.2093939135016405,0.07588312297867694,0.29538957972490026,24.0,0.19469615011533853,0.08460050356410231,0.3041456162403142,24.0,0.21522027056903603,0.10573466230033506,0.2997298288994621,0.23100038404835674,0.09055160856480203,0.2958405627172568,104,118,0.6066666666666667,9.18,1,5,2025-08-17
0.20102671065499778,0.07224734884230032,0.3143921816421614,0.1238544972419467,0.2269180813989117,0.08389672072844381,0.31747370492927945,0.14984855792899754,0.1763016111961267,0.08974083886902914,0.32047806748243823,24.0,0.22392704314534595,0.07990753234429329,0.34153830113585815,25.0,0.1954681351119416,0.10147258045536003,0.3345908705596675,0.22353167589437448,0.08392955782706957,0.3140589744237927,100,101,0.46,9.96,0,20,2025-08-17
0.1894277141401597,0.08564318560288818,0.3153469455690284,0.1348980357216153,0.20787466501002283,0.08637389620638429,0.31165039403883654,0.1386121074414574,0.22360333819849842,0.09470878836998024,0.284532064879869,21.0,0.18663090849132322,0.08090079063692326,0.3105167795754785,25.0,0.20750270658744602,0.08597913806624966,0.308828883089592,0.2193710362134192,0.10039513391834479,0.3002770376866301,104,92,0.6366666666666667,8.803333333333333,1,8,2025-08-17
0.19246546371531784,0.0762814303861256,0.32076400737666866,0.1323153571610144,0.2218972866167597,0.08197192224146177,0.3196540219945819,0.1402342543008991,0.22118910567147335,0.08627515383033049,0.3096492951185522,20.0,0.20980665754138525,0.07040725073099,0.31853627801945955,25.0,0.26398178042817133,0.0894256757766001,0.3121819882766971,0.24036091749201077,0.1021751596020842,0.3369168803034095,99,101,0.61,8.433333333333334,0,12,2025-08-17
0.2025470702160075,0.08861821189377911,0.317759536889918,0.15236151325980496,0.19792062763537152,0.08525896911206314,0.3128727768714863,0.13739202610690648,0.20574381265894268,0.08179344399873784,0.29298403315328103,23.0,0.246907304566563,0.08659730733650592,0.29342280616810645,23.0,0.2095453078606777,0.07658330348543753,0.30656837458493413,0.23051151376148815,0.09158372035222373,0.2955897842352291,100,101,0.56,7.883333333333334,0,7,2025-08-18
0.2100161947966468,0.09749433632582828,0.3209588509571852,0.13683955650919183,0.21442258371499,0.0854888112614832,0.31307777303719103,0.1427601751876448,0.24186561592189654,0.08905237925626075,0.3343530624493041,24.0,0.21534361494276938,0.09277180863956863,0.3068830221479443,21.0,0.22969167490733677,0.0913005605363218,0.30224035783011904,0.21891822787443704,0.09968928638998226,0.3033295683442545,100,101,0.5966666666666667,8.516666666666667,0,22,2025-08-18
0.22431915523013146,0.07459215408417148,0.33456528666982405,0.1353813640906269,0.21730428277786082,0.08144564753762285,0.32353348506412005,0.1499996242685436,0.1823062525184412,0.07260108117807584,0.33106471092166456,26.0,0.25519599535744175,0.08612538586793592,0.3034736318321092,24.5,0.19711871654506818,0.09642594668551288,0.3446451748474604,0.2261315342004418,0.09168867696215392,0.3245608111165522,112,104,0.5266666666666666,12.796666666666667,1,7,2025-08-18
0.2170615774581096,0.08159889532956781,0.3138438931749518,0.11563209369365153,0.18784318351011237,0.08361162377896518,0.32528712724605613,0.14626191430295427,0.2616596265893237,0.06954653782194799,0.2967632311243998,25.0,0.23206527602265015,0.07550431888412196,0.2888518245388508,25.0,0.21655841186115143,0.08996887112836996,0.3026114258633009,0.25037616096986026,0.1000457481271723,0.3044559460519089,99,92,0.4666666666666667,7.296666666666667,1,7,2025-08-18
0.23936094293799584,0.09211404944903881,0.3221285810042914,0.16492629689724098,0.20899126249229014,0.08236645045903418,0.3252936488093122,0.12025560218265784,0.21631553728274083,0.09569894595196693,0.3056342039631249,18.0,0.22237833503737767,0.08683564717171437,0.3152250247298493,24.0,0.22763203817443137,0.10489662641523027,0.3221020377773607,0.21438675780086175,0.10632866712402782,0.29844382783696066,100,103,0.5,9.006666666666666,0,5,2025-08-18
0.22878634041892465,0.08025858137233569,0.3314081866228217,0.1341841640037259,0.22202928294740948,0.07815588133868373,0.3305970153656794,0.13756808721934502,0.21826520760240187,0.08643894506634796,0.31871980781644926,25.0,0.22483631080525257,0.07456404947310685,0.2738303188564192,25.0,0.2133850934006853,0.09580510009099787,0.2915797661812568,0.24210361134290115,0.10162197352587965,0.3382981045192781,108,97,0.5,9.353333333333333,0,9,2025-08-18
0.22937890946863304,0.07609731534928588,0.32503613821997707,0.15272422183256917,0.20292321957649884,0.0736124109125824,0.3232759786282042,0.1315470575727912,0.2605470623229121,0.08924571984158489,0.3391803137616308,23.0,0.21114974431361144,0.09450695394009653,0.3140120721024354,22.5,0.20342842721503707,0.08957549344832245,0.30299911504256416,0.25892043590746394,0.09128262452403747,0.31451379103701477,97,95,0.52,8.533333333333333,1,10,2025-08-18
0.18936080453730683,0.08688484504770917,0.31924155187538905,0.1283105033008451,0.2150463036296397,0.08441428886876083,0.32185722733664834,0.12507031787617603,0.24048320964804146,0.07167012613295998,0.2771552341735929,24.0,0.20954544287457624,0.09832723604511348,0.3202836313061306,17.0,0.24750783525738235,0.09047589245119242,0.2895150832135879,0.2109147752485543,0.08329573882951041,0.3040162471287954,96,95,0.6133333333333333,7.363333333333333,1,6,2025-08-19
0.18838854058016366,0.08606616363249645,0.31482737295567653,0.12758301962124297,0.20816002812526443,0.09179654425883993,0.30551473011926505,0.14322347345539121,0.20623037956081477,0.08787858419498581,0.3036611067622133,24.0,0.2281413968376393,0.07950666923457764,0.2948503642305611,24.0,0.20695582630801476,0.08562525813201734,0.30763031408645314,0.21993472027802258,0.08714477818441813,0.3022756727680218,104,92,0.5333333333333333,8.796666666666667,1,7,2025-08-19
0.21462011359671118,0.08172647255576929,0.3186207792805534,0.1328623098950681,0.2274979645816938,0.08054702424252086,0.3206852973307231,0.14063392557958984,0.180849609641605,0.0980162272485646,0.31724182794953626,24.0,0.17831421160061578,0.07069428004943404,0.3095667818669639,25.0,0.21406334568855578,0.09627137917162842,0.2927890629589831,0.24137891286150587,0.10171729249702377,0.33822258816132234,108,97,0.5466666666666666,10.246666666666666,0,7,2025-08-19
0.23946593098156002,0.0799546010288857,0.31216042968602964,0.14037631839697443,0.2121744618020098,0.09297602919998231,0.3166399052973842,0.15892466986723053,0.17455628850430177,0.08067239651257624,0.31663521223634217,25.0,0.2204473125817022,0.08281033478220712,0.3117734380128737,26.0,0.19583673086787623,0.1007445312691422,0.33504214155246415,0.22674318367920648,0.09108970997464447,0.3152755826567759,100,101,0.41,9.55,0,9,2025-08-19
0.20511602377839186,0.09103103839731802,0.3299517181573951,0.1481307503131997,0.24477150652806737,0.0829910014347397,0.3136549239650588,0.17437142024690588,0.26069418776922215,0.08131786192048011,0.3357502960523282,24.0,0.21429756464544034,0.0681753362189076,0.3149278078959431,25.0,0.22432735231780065,0.08352721682967529,0.31606020264464646,0.2205701982076993,0.08858331180562794,0.30653582913545063,101,106,0.57,9.926666666666666,1,13,2025-08-20
0.2176524676869641,0.08630522167676694,0.306764591188375,0.12857896681188244,0.19189022331125022,0.08242374473587565,0.3249462224461475,0.14673832871984463,0.2226024207581927,0.09355367881672824,0.3356266925953225,17.0,0.21750377847282448,0.07280803161271482,0.3269604383622714,24.0,0.2176188799166417,0.08916458015480855,0.30012380748312517,0.25078040066909735,0.10068363257038929,0.30447795600433036,99,92,0.45,8.47,1,3,2025-08-20
0.20177410062965684,0.08158977140296084,0.32066999209541214,0.13684638169082397,0.21073878603724974,0.09302430156003919,0.31685629106130114,0.16125655512149778,0.20218728564134814,0.07943432299436524,0.30521108939884023,21.0,0.22228713896815375,0.10251788601558848,0.2937436864817097,23.0,0.19588827090285188,0.10102216759081828,0.335035761242538,0.22621902464924737,0.09086316146313862,0.3149640417564902,100,101,0.4633333333333333,9.753333333333334,1,9,2025-08-20
0.22199181355592165,0.08383644351945131,0.31972132336103193,0.16101181031676998,0.21534470511023365,0.09272883702929151,0.3315930071185062,0.16264125064852542,0.19766745206887187,0.0643998090154293,0.3263756561440971,26.0,0.23320919023444212,0.08204734508821421,0.3273455313532794,21.0,0.21720232654466584,0.0831408653061923,0.3303769678966054,0.22837199802559452,0.10558304586797679,0.32273738418670417,100,100,0.47333333333333333,10.726666666666667,0,6,2025-08-20
0.2034585328426082,0.0832958349203884,0.30822260233226617,0.14702618749994134,0.2126894244387428,0.08295527213500518,0.3083477688552051,0.14472355754095056,0.1953390011033521,0.06315012002032624,0.3333818413005336,25.0,0.21788454013633585,0.08484074419263817,0.3150592139760585,22.0,0.2034968658048032,0.09303855609016735,0.31924947807236204,0.22873630643511716,0.09018928848836422,0.3060081502683103,103,102,0.5666666666666667,9.12,1,5,2025-08-20
0.18367096543872144,0.0887092911950062,0.3266624002207464,0.13051619324944033,0.2055694076184597,0.09040417177565979,0.3165010516963125,0.13777375615184312,0.2695590967440282,0.09561506110446472,0.32957737897783557,24.0,0.2113135486557103,0.07849923780191702,0.3316702358933008,23.0,0.247835952589715,0.09060448622122681,0.28690571009989285,0.21081014137486426,0.08288424350967637,0.30504935855564597,96,95,0.62,8.343333333333334,1,12,2025-08-21
0.22690094132137528,0.10064503111858905,0.32351342267095673,0.18129303577280972,0.2344633168903633,0.08024067737065056,0.32827168151892616,0.1312133364775791,0.23360486448639228,0.07269494170878507,0.3101233961242912,26.0,0.195193763272407,0.08080274981292941,0.2989170266047881,26.0,0.23438972050095389,0.09754775068737725,0.3130030935359155,0.21428320173420629,0.09689117724031612,0.2894768055939183,99,110,0.54,8.58,0,1,2025-08-22
0.2163446751554901,0.08698250901767977,0.30727973588742147,0.11769559821502826,0.22811238531485442,0.07436615035957897,0.3263745578585487,0.12422359107465068,0.21526393137018157,0.08028030871272784,0.31335593502393766,17.0,0.15625672047290273,0.08026842859168566,0.35605440003969485,24.0,0.21696751199300338,0.08847636777137274,0.29801623651469533,0.19706686656522332,0.09662882159214807,0.3416117005892404,99,92,0.67,9.293333333333333,1,9,2025-08-22
0.21367221902458117,0.08179678510437408,0.3168926136452284,0.13069759938369785,0.2341392292439239,0.07826953315008521,0.30946464325548984,0.13589946181319215,0.19355569040466916,0.08301146019433775,0.3012342597137871,24.0,0.21364753862267438,0.08955686303225685,0.31047703275039784,22.0,0.2318727256075998,0.08985884731788914,0.2945601163340059,0.21042952130535614,0.08269075841526277,0.30511785133145214,98,102,0.59,8.153333333333334,1,9,2025-08-22
0.21167307944540242,0.07894226410142106,0.32323908211575203,0.13819706395003015,0.2283015085727668,0.08117103917398333,0.3204882301599471,0.1310561253207252,0.1920455207242221,0.07931895553378561,0.31887760052265873,26.0,0.17780396840736726,0.06747781101248293,0.31510700282888077,22.0,0.25442065731608365,0.0817629402598799,0.3186827585270821,0.22283130336409823,0.08636221279579895,0.3032137892864658,97,96,0.55,7.656666666666666,1,16,2025-08-22
0.2157947878706849,0.09317998511887166,0.32016135466721213,0.17428698291306205,0.21197800708421657,0.08922197569499657,0.33336761342981763,0.16089238237208126,0.24557269216005087,0.060171517146582865,0.29750413548720156,26.0,0.2169144154560117,0.09969319283248493,0.3133262662846197,18.0,0.21879537760054565,0.08902281830324621,0.309950873499802,0.22804811858091317,0.10494732630381695,0.3207546684369031,95,96,0.6,8.95,1,5,2025-08-22
0.19862767304966308,0.08281615923622249,0.32205281381221845,0.13000039596476018,0.18369905566715972,0.07716987924488691,0.3176442989968657,0.13949388897581003,0.22637518716531768,0.07712722806204717,0.3353189690960693,22.0,0.21795773046929034,0.08497316589921733,0.315028171252727,22.0,0.2155619184323827,0.08589379715791123,0.308055415226795,0.25055548829001806,0.10120981873792533,0.3047735396544037,96,95,0.5666666666666667,8.4,0,7,2025-08-22
0.2282124536163534,0.08186272130546575,0.32564907766394846,0.13636706427104495,0.2179151149629853,0.08415366663692728,0.32462368839585715,0.12992149510235437,0.24077527778701416,0.08632344748069554,0.3430558079376977,23.5,0.2213059743602423,0.10482760788643727,0.33000074613997527,22.0,0.23903003686132648,0.10329450253476646,0.3351476726886625,0.257012801983323,0.09308456217793046,0.3104991620327794,101,103,0.5266666666666666,9.493333333333334,0,17,2025-08-22
0.20848399385050118,0.09653934060847356,0.3201989642151051,0.1333680490382143,0.2182891823925668,0.09454622959363021,0.31917965148917005,0.14368445198116445,0.24739370027295735,0.08825559425204509,0.28728689506963534,23.0,0.2445230446447033,0.06277637893222779,0.339785783197272,26.0,0.23266428851385013,0.09009544439725312,0.29486415329077886,0.21200872227895157,0.08348035955399745,0.30485718288923724,98,102,0.61,7.85,0,8,2025-08-23
0.2361103737847508,0.08665596541749959,0.32287365306721044,0.16209974098337465,0.2107108269211369,0.08852672187521743,0.3155995914898022,0.15502801168072078,0.20689925500316342,0.09757834258358929,0.3201176321142186,23.0,0.2057765983158833,0.08148911748575335,0.2963692084457029,23.0,0.23018714013031938,0.1043961340091017,0.32009076774129036,0.2145149239587926,0.07989791277562949,0.3085574332058062,100,103,0.46,9.23,0,13,2025-08-23
0.22862080948417476,0.08744176334565419,0.3180401204467824,0.11740837984499601,0.2250033298500506,0.07490524152202277,0.3317759684807442,0.12917477270123376,0.22704083478956,0.08656262505946813,0.3121221450898983,21.0,0.1858063980442379,0.07182485655763524,0.33707017751546653,26.0,0.2170358786771232,0.08784840264451921,0.29680950546923907,0.19617055935425654,0.09577753645097692,0.3419511836325385,99,92,0.6666666666666666,10.093333333333334,1,6,2025-08-23
0.22485914589613312,0.0750241221678447,0.31097372302246473,0.1495309313361025,0.22967009662032373,0.0841403631218651,0.32474114660388254,0.13497749468231757,0.23603423144221117,0.08655950058297984,0.30823186571501027,25.0,0.19255641234356652,0.07433191725336633,0.32302646132718427,24.0,0.254927497170039,0.08121752800305676,0.31933182646420044,0.22238043862147022,0.08627408658178431,0.3038083123012477,97,96,0.5966666666666667,8.296666666666667,1,9,2025-08-24
0.227085766600577,0.09324838019398601,0.31727159099762103,0.1427659790656586,0.21182243554533708,0.09317176303160829,0.3184444798921791,0.16310630890182426,0.19337086623954386,0.08695823440460929,0.34120459656310936,26.0,0.2269446459380744,0.08083985139278263,0.3084383450621203,26.0,0.22391416045824813,0.09068995166257501,0.30628242220292035,0.22629017539043803,0.09098833345188043,0.3183773633473477,100,101,0.4766666666666667,9.756666666666666,1,7,2025-08-24
0.21388058641067573,0.08610010929076264,0.30367505117779237,0.11997622982208922,0.2252324894481671,0.0732243675173959,0.33047418381776583,0.13735604823364186,0.26375629052773464,0.06866720556494701,0.29824556030768856,25.0,0.21781495909136128,0.08483786022603299,0.3149200320747322,22.0,0.21899343200199162,0.08701397917046413,0.2967641142585371,0.19679761823346026,0.09576256524709414,0.3427514329719006,99,92,0.6333333333333333,7.8,1,4,2025-08-24
0.23059276499205394,0.10207241364391592,0.3327950316538976,0.18632144090499014,0.2344354164504636,0.08237094528877659,0.3299878597698788,0.13503401731779394,0.25208066974337945,0.08990050641288783,0.2792055050664086,25.0,0.21616126926360524,0.08556957546067473,0.322378439513821,25.0,0.23270665947302627,0.09720378842983653,0.3158214227143084,0.2160142570012224,0.09643932885655643,0.2891270752357559,99,110,0.6433333333333333,9.136666666666667,1,9,2025-08-24
0.21407530898089075,0.09500282442370155,0.321307666904225,0.1566858454413892,0.2083313425074106,0.08293946133492752,0.32580587104799313,0.11875758654700364,0.2324916734654297,0.08811234740295877,0.3167603554143316,21.0,0.26434570933415336,0.06850789283986569,0.31055587566247633,23.0,0.2231403680655973,0.08984455020011271,0.32187695950254697,0.22093826396375082,0.10493769033510353,0.301499310130929,99,105,0.48333333333333334,8.996666666666666,1,7,2025-08-25
0.21946680737508079,0.07997693243244014,0.31921103791162814,0.1315091201404079,0.1795011426125569,0.07830542323525064,0.3154673292119636,0.13092261399407404,0.22065932988053236,0.09544219994706163,0.30356829062853785,22.5,0.20827956925844415,0.07787986772329915,0.2840961442975299,25.0,0.2170645684635024,0.09969093562417299,0.3073015751772329,0.20545619101384577,0.08446629792803534,0.3092525121844011,99,103,0.5233333333333333,8.223333333333333,1,7,2025-08-25
0.19818508508681035,0.082559704997042,0.3190834454564343,0.12744780593784233,0.2084748157681974,0.09557712519983512,0.32240003769291437,0.13659448415662445,0.24111028649699312,0.07830111614481458,0.3143492380368429,24.0,0.23702428563816164,0.08770905579058032,0.34607505385182225,23.0,0.21213768794980148,0.08793190665909917,0.304914606300567,0.2224097312985319,0.09169273896129682,0.30575155864327586,96,95,0.55,8.326666666666666,1,3,2025-08-25
0.23532535903734145,0.0804504597408918,0.3201728201854296,0.1795751734658865,0.18413538936411655,0.08890193705016955,0.3241137759180345,0.12846412819039157,0.20257262492318923,0.09240794042551623,0.31710716036662945,23.0,0.20886776896248901,0.0725617965695059,0.3246449615836038,22.5,0.2193377315475621,0.09037164871415071,0.3107115499902201,0.24736667332469306,0.09087864531393727,0.28791017762460713,95,96,0.4666666666666667,8.576666666666666,1,15,2025-08-25
0.17310334670158037,0.08139443293663777,0.3172708745698724,0.138195755787717,0.23063494281139285,0.08441921345856035,0.3130957289852076,0.15932853146496082,0.2254359491509939,0.0748071537030894,0.30559704129627785,25.0,0.2561741213210206,0.0629418309200142,0.2969166465734489,23.5,0.24862476717670798,0.10200276431012661,0.30573949366404624,0.2171234254636158,0.08461049608785556,0.32918791535355485,101,102,0.6366666666666667,8.4,1,14,2025-08-25
0.21515975422384226,0.08546766156698547,0.32778868144732703,0.15299708079357824,0.22631739046232655,0.08229206201121925,0.32370395850224104,0.1563427958245289,0.23320932650328458,0.08217970671119354,0.3324492687537186,21.0,0.276913184705437,0.05987286280071299,0.30380390650050565,25.0,0.22703306678050555,0.10345872824324046,0.3175362147502921,0.20271860027955407,0.09056218161386949,0.29896603775605346,96,96,0.4666666666666667,7.756666666666667,1,11,2025-08-25
0.23313126976195195,0.08278052403991629,0.30287731032662013,0.15072137505796654,0.20390950630898172,0.09170185355284402,0.31691082364303946,0.1547106900830413,0.21084440075538646,0.0776079151969418,0.3331330110995193,23.0,0.22182368812336759,0.06659587004677128,0.29580662032732113,24.0,0.21188871706536266,0.08219065592296165,0.30381372984062405,0.21621876536796747,0.0792821854077453,0.30882372246769707,94,90,0.41333333333333333,7.44,1,7,2025-08-26
0.19627136343241308,0.08011298656554051,0.3212955619434386,0.12516402085292158,0.2189797135236987,0.095523566550355,0.3182768489969331,0.14142336806319014,0.19562394547920442,0.08194214548067438,0.3134524872768401,25.0,0.23187494515548907,0.07958661622454818,0.29060655240524097,23.0,0.21223607414079823,0.08742760350037423,0.30487163923870375,0.22313386487067235,0.09144971931668422,0.30603999955760763,96,95,0.47333333333333333,7.993333333333333,0,13,2025-08-26
0.21648885633306925,0.0848137370047034,0.3058910187676248,0.15355319203071136,0.22953639903113526,0.08141086396994458,0.3226992977196986,0.15147632833646937,0.2402578791627956,0.07217374429791466,0.3112689799899354,21.0,0.2698635994326307,0.07914306384024307,0.33454446439216734,24.0,0.22464670933834946,0.09070241059322803,0.3150601953939107,0.22673020557151613,0.08433943606611755,0.3201799139490605,98,97,0.5433333333333333,8.74,1,11,2025-08-26
0.2259377416442445,0.08260730782515213,0.3266529860109644,0.1353250640492936,0.23175429274301607,0.0808411852959521,0.31334201070029793,0.13334710904157834,0.2294942258591272,0.07816129395239321,0.34680997382518064,20.5,0.19644013462167934,0.07930246511671152,0.2950587420654572,26.0,0.23751625312368702,0.10125260866958623,0.33592049306739474,0.21911563121244307,0.09593615117003543,0.2897770553730843,101,103,0.4266666666666667,9.066666666666666,0,5,2025-08-27
0.22051726746340453,0.0793420518473632,0.3182796631038832,0.158587201298295,0.21053736919333643,0.08231593294969516,0.32570151301980965,0.11884201721226668,0.24554431837724378,0.07038871175674943,0.3386706803382802,17.0,0.22974802895767582,0.06560380595759027,0.3073784939511205,24.0,0.22429278009398326,0.09003413787528844,0.32275988994503524,0.22237683716452988,0.10493501530843255,0.30260645438535266,99,105,0.4633333333333333,8.896666666666667,1,6,2025-08-27
0.23022406512590676,0.09173712000677942,0.3281451653898636,0.1626251966408726,0.2279364818027142,0.08237313887568132,0.32530177790198184,0.15630300840934813,0.22292824968766273,0.09265565820476046,0.301708740161709,21.0,0.21137620752544017,0.07016342945293905,0.3257257918907164,24.0,0.2273835765082834,0.10429623034082441,0.31808584270195595,0.2026983811255761,0.09083227475784583,0.29967909375570784,96,96,0.5766666666666667,8.81,1,7,2025-08-27
0.22379809036378903,0.0820261824221218,0.3190457737537271,0.130916407935664,0.2236279754011911,0.08514226442462995,0.3178865187212745,0.12536422937294703,0.175169113208942,0.06715450369019021,0.32425527056892345,22.0,0.2217621047271826,0.08011909716442606,0.30822043248333036,17.0,0.22557919562397674,0.08774578775995323,0.30503053530856117,0.2206418302547094,0.08612475421633205,0.29512560704953406,98,96,0.51,8.013333333333334,1,5,2025-08-28
0.20095758940994674,0.08707181076971211,0.31965571891912203,0.13512271681152155,0.206614551638322,0.08016292732919131,0.31413789825365135,0.14816405563928917,0.19079584820091972,0.08403047907195871,0.2948756051811432,24.0,0.21985171681439478,0.0883364014912763,0.31107289544724565,20.0,0.23280475422328928,0.08795911833628155,0.3049809695470233,0.20172982702960812,0.09309840741961913,0.31621116211449274,98,102,0.5566666666666666,9.043333333333333,0,10,2025-08-28
0.2050924349010319,0.09078365000804747,0.32976749657040416,0.14704154579436918,0.2047394523518595,0.09956412803213634,0.32200293474470365,0.14571515122325693,0.2278940956203793,0.0771994087384741,0.35051864493893037,25.0,0.19170764670186807,0.07759756928430403,0.32191749584123186,21.0,0.22764020033806281,0.0836828176160023,0.32169769842609125,0.22229759690538092,0.0907990973160724,0.30543154088170366,101,106,0.5333333333333333,10.553333333333333,1,23,2025-08-28
0.22378084461054185,0.07209248322031854,0.3168796872518783,0.14708287995820257,0.22949708384915024,0.10000365783973436,0.32983176332910635,0.19973795736936573,0.21485226662181706,0.09240735042779331,0.3046389551739326,21.0,0.24910540392109365,0.0935790597435483,0.2733453493781546,25.0,0.21370571579537959,0.09816696565598851,0.3151064490677728,0.2386226751446872,0.09470899515640414,0.31791735207077637,99,103,0.43666666666666665,8.53,0,12,2025-08-29
0.21938202202238774,0.09440216517071019,0.32188481643399763,0.14693533911195866,0.2364302151908192,0.07482135309215786,0.31097475153913184,0.1354015599737869,0.22346123088525846,0.09053315181316313,0.2874436436155017,25.0,0.21162899096217738,0.06877118363371894,0.3173349897727077,25.0,0.21531401355353383,0.08196313406270223,0.3015172594017679,0.23622966755067681,0.10016614413025372,0.3327243990748802,94,90,0.56,7.6066666666666665,1,23,2025-08-29
0.21222609053357205,0.08843598071712123,0.3244656379273023,0.15437718851849436,0.19782380951709344,0.07820889736676195,0.3211906264476223,0.12053902073286468,0.2184918690375811,0.08473578655933434,0.31523513010296583,22.0,0.23305518330240507,0.08566044861846311,0.2758981278552435,21.5,0.22537447205401884,0.09131256897828652,0.3163264405894594,0.21345746382803388,0.0898211186488641,0.30778467021754397,98,97,0.49,8.34,1,28,2025-08-29
0.21391255658501884,0.08050844504615363,0.3222223380212679,0.1315192197965624,0.2267210094462728,0.08504681201354161,0.3138393616458707,0.1250713618631085,0.2184918690375811,0.08473578655933434,0.31523513010296583,22.0,0.2649412100027475,0.06665313099592272,0.2946856094116258,25.0,0.21959845037540826,0.09612883743249277,0.2891377484163191,0.22052123211683394,0.08605438006564901,0.2954408434194697,108,97,0.5666666666666667,8.443333333333333,0,6,2025-08-29
0.21806367703703072,0.08298389305227943,0.30758944694718104,0.16102108805128182,0.18621954505204633,0.08637890474701965,0.322916002604012,0.12851492598703476,0.24614043543351508,0.08053101986598205,0.35924383991799275,22.0,0.21340019392886347,0.09152034907192377,0.3064831881143043,21.5,0.21672955799302526,0.08583644513186249,0.3309926366417235,0.24647201525619683,0.09051173980162389,0.28929199662230043,100,100,0.4166666666666667,9.186666666666667,1,11,2025-08-29
0.23511566268466633,0.06860654062914992,0.3297650308205708,0.14380149284488813,0.20543961443352896,0.0875722716736619,0.3157445874733487,0.15875018130604607,0.18894615275075244,0.08014860017462122,0.34149156033409556,24.0,0.21103430900741083,0.07992555652074283,0.2937139095277599,23.0,0.1962614705963721,0.09662709331901782,0.3389076093268763,0.2152058513735169,0.07826147753507001,0.30943352729144097,112,104,0.38,11.766666666666667,0,18,2025-08-29
0.18746839880940108,0.08675193978836941,0.32978427727960846,0.1576621040376421,0.20169187026649318,0.08811319825743301,0.3273947774864161,0.13561691831844097,0.23491207165219213,0.0781469184824548,0.3039083501049952,22.0,0.2487039500883806,0.09152064409600144,0.2855394582886337,23.0,0.24769462753078791,0.10340899908439097,0.3050064948117446,0.23203964367924076,0.08695601850804352,0.3055490596353818,101,102,0.5033333333333333,8.713333333333333,0,9,2025-08-29
0.21828991491135286,0.0869453789487582,0.3059810845118008,0.1391398041418697,0.23391629329451627,0.08062534438437838,0.32029362346138235,0.18172842889872853,0.20529990922598257,0.09372182045446943,0.31389052649065197,24.0,0.23245883034249729,0.07397225193973567,0.3147403013862132,24.0,0.22955365378338485,0.08901882458064082,0.30845315628948444,0.21954351671099714,0.08840369819022578,0.3124698587202982,97,96,0.45,8.47,1,9,2025-08-29
0.1788185538749295,0.07559359661734663,0.31625936731982507,0.13484209740866882,0.22710813942744867,0.08095849166886186,0.322852143233314,0.15656223448903864,0.1914013404447824,0.08060817690038306,0.31302219055523406,25.0,0.25792436780415895,0.08442203117763228,0.3399118673519209,23.0,0.20688818993616032,0.08297166323465054,0.3065622173969812,0.20406210784947326,0.09137459050629826,0.30038724071080636,104,92,0.5666666666666667,9.573333333333334,1,4,2025-08-30
0.22681635110816295,0.07960766178096779,0.3068068160604816,0.15113088607174252,0.22769461399027127,0.08194747948864277,0.3255670783829625,0.13403834390762082,0.20575184661260665,0.08907386138424747,0.3115681557037732,22.0,0.23337100485209472,0.07481195615522193,0.27604845848830967,26.0,0.21541139672928755,0.08115214823627155,0.3014902821403165,0.2365130188696961,0.09974046289558028,0.3350968605428445,94,90,0.49333333333333335,6.71,0,12,2025-08-30
0.22703141427080537,0.06999283481134207,0.3291608917192769,0.13626092629336842,0.2075831151023869,0.09199671235365245,0.31900152795825054,0.154226307817861,0.21110535410853662,0.09056506037009984,0.3190752008447523,19.0,0.20451623851979334,0.07842143193586842,0.31334077299183116,22.0,0.19515538649710312,0.09603827170649956,0.3388703695024722,0.21621203395895125,0.07795403846882938,0.3124004302122101,112,104,0.41333333333333333,12.453333333333333,0,7,2025-08-30
0.21926824241336706,0.08269280877089004,0.32912148510396294,0.13887591162713203,0.22418688917586646,0.0896231122103009,0.31793006785494,0.13276162506580305,0.2058894435795039,0.08026438707066988,0.3008477765388544,24.0,0.20345174077438088,0.07434911148618194,0.3187311663531215,25.0,0.21889416050266716,0.09677618823050084,0.2922869242979347,0.21951194682272313,0.08534371617437271,0.2960431690599314,108,97,0.5833333333333334,10.003333333333334,1,7,2025-08-31
0.22500594647049732,0.08340440587404277,0.3181231508298781,0.13420439901321077,0.21578735511626446,0.09311007178875855,0.334273821971906,0.17467752679176904,0.22386488106502786,0.08292570342496641,0.28410663993747076,22.5,0.2142340549347908,0.10644882770061963,0.32555895422098696,23.0,0.21545890949448804,0.09909426782000023,0.31549321879169456,0.23795120259873953,0.09343459185643357,0.3184319953864919,99,103,0.48,9.5,1,5,2025-08-31
0.18088712526508968,0.0807510940051527,0.3175237400091921,0.13516538758553004,0.1981015997046125,0.08409000311155297,0.33068756836284424,0.13602309406260804,0.22548228713334137,0.07343764246295689,0.3021923795547088,24.5,0.26311437092469137,0.07664017072005702,0.2973788373362807,22.0,0.24698044716528386,0.10465270433013736,0.30944732035356926,0.23245566649594276,0.0869370271511451,0.3056148995145193,101,102,0.47,8.763333333333334,1,12,2025-08-31
0.2056208900015173,0.08625343508265756,0.33465395393208547,0.1462586564388331,0.22662702081835073,0.08604826389060276,0.32095444728667394,0.13868052311354703,0.26990088708618176,0.0812060898328327,0.335750900050226,24.0,0.21590541885110387,0.07705703443616256,0.29886073079018877,23.0,0.22767260773759632,0.08218468641496346,0.3189704249957701,0.2205259289887464,0.091508953502567,0.31045035744656313,101,106,0.58,9.763333333333334,0,4,2025-08-31
0.2022844408928199,0.07748600910624029,0.3175431621771983,0.13826242778764383,0.2412691862696342,0.08780160981560331,0.31704052139397804,0.16695732925558282,0.25998163483717956,0.07802955672166417,0.2992886526819266,24.0,0.21518480486181762,0.09130854795420996,0.3187944290965598,25.0,0.2631041834895659,0.09366589856028967,0.31553580101086914,0.22663042658036947,0.10296443339416911,0.32252698669807733,99,101,0.64,8.226666666666667,0,3,2025-08-31
0.22897525919306957,0.09095565061321924,0.32528337722748174,0.14785047115235897,0.22327571055835774,0.08075279931494121,0.3292306708780202,0.13497327090059288,0.2099570330582123,0.07753273927954449,0.33427770345181296,23.0,0.18038318602858286,0.06905248420902274,0.31028198715697597,25.0,0.21645086942002456,0.0809577874276063,0.3036351248607395,0.23650344637950993,0.09992690850919324,0.3337342045785533,94,90,0.6066666666666667,8.36,1,15,2025-08-31
0.2202130778948119,0.08380636555817304,0.3104616652775294,0.1567959508214077,0.21604967071603964,0.08201507055492036,0.3224195132802323,0.13660135409525243,0.20021700601015777,0.06173599140043158,0.33098424169970553,25.5,0.22915756059201067,0.09238243146533687,0.3017561704534769,22.0,0.2143076213433736,0.08777704826787529,0.3351445565623325,0.21554071498801766,0.10051644583014704,0.31457007903415113,100,100,0.5266666666666666,9.433333333333334,0,11,2025-09-01
0.21710467615662093,0.0860387906387962,0.3330100739347959,0.1486235309754881,0.20660192042431372,0.09436892237062462,0.3197642534327618,0.16552769089530653,0.23003908126810926,0.09244160509765575,0.32870488415831106,24.0,0.2458933499159206,0.06938950496472654,0.3211740982912886,20.5,0.20563006925983712,0.09105795047044443,0.2998309375871375,0.22612103015445656,0.09107580183872113,0.3185538092154867,97,95,0.47333333333333333,8.46,0,18,2025-09-01
0.23345140747703955,0.08535530987545414,0.32668391627913007,0.1376889272700748,0.21186271364485737,0.08778849241624902,0.3038684668568512,0.14208172121535073,0.197984034852228,0.07755576115900797,0.29399566023366414,26.0,0.22148801303697518,0.07470206861012767,0.3123105310150228,26.0,0.22036904048574468,0.0967990853280403,0.2933412070113041,0.22897361561829505,0.08942064494097635,0.30991456372981424,108,97,0.6266666666666667,8.753333333333334,1,10,2025-09-01
0.2375895738821995,0.07888399242673445,0.3143474891501663,0.13334939835508586,0.22584892886567592,0.08294845199483596,0.31212733025219297,0.14674608285050278,0.24757544750015475,0.05864016740976098,0.3396968873379743,25.0,0.2272026666059518,0.09176874190963472,0.2897892623485829,21.5,0.2270409197718546,0.0894201088796183,0.304751077870713,0.22668262618572527,0.1047178421517767,0.31945872535020003,98,96,0.49666666666666665,7.39,0,14,2025-09-01
0.22422977444607392,0.07901672638981093,0.3098936491099489,0.13873997370307936,0.24374461458307695,0.07125811816206795,0.3118318768819688,0.15643191319957025,0.21191672198389397,0.07399470826261623,0.3305121939728284,25.0,0.21876984377388478,0.08482265515145229,0.3159617082867443,22.0,0.20656147056189517,0.08253006969916768,0.30607562364080254,0.22672948799394532,0.10350433356653324,0.32313177895078693,104,92,0.5666666666666667,9.263333333333334,0,6,2025-09-02
0.21931570500991834,0.08228234654061585,0.328387194707539,0.13808669826172915,0.22586109694597,0.07734326643287813,0.3008107950240005,0.14208801578280825,0.27034185393826776,0.06645309383304296,0.3166409983602462,27.0,0.20073194352850815,0.06934485804594903,0.3179088853689896,24.0,0.21988625925148073,0.09603636404841574,0.29264544742852727,0.22858270410224257,0.09014746770614443,0.3103949574625615,108,97,0.6566666666666666,9.036666666666667,1,18,2025-09-02
0.21281307413509432,0.08410450139092802,0.3215127034630757,0.13441688362208493,0.199905226633824,0.07890010240010062,0.3266169717637218,0.12202570594404147,0.2098426874520989,0.0773435555856409,0.33372232644363725,25.0,0.20963330643339542,0.08704313405940892,0.3109460470295594,23.5,0.2074750078885479,0.10197695821519309,0.32401059487557216,0.2128027861750949,0.0906120361856676,0.30685758443972727,100,101,0.5133333333333333,9.15,1,7,2025-09-02
0.21518629725371122,0.08245142106086362,0.31187772597835545,0.1514070979119726,0.21770162489847902,0.08507492903833375,0.31001717015619207,0.14970612988392254,0.20672676245120752,0.08418361253136945,0.3139381326251267,24.0,0.22293932916130554,0.09632320546287979,0.3088457036894131,20.0,0.2031823453151494,0.0937782874030616,0.3129802637084042,0.2243691437012617,0.08759435293017229,0.3027144527680645,103,102,0.55,9.236666666666666,1,8,2025-09-02
0.22466532078649384,0.084880832956455,0.31022491024572063,0.13847786774750995,0.22157075967424572,0.08903904285338496,0.33521942828696766,0.162804914224001,0.17771109675657318,0.06679045098943301,0.32312371245063987,22.0,0.19140702792415862,0.07731708093315973,0.3119014776250322,26.0,0.22576606751627543,0.08869930677121891,0.3069402151659007,0.22722790986300995,0.1039494022457479,0.31941157520250374,98,96,0.48333333333333334,8.773333333333333,1,3,2025-09-02
0.2293338316371981,0.08819386564696277,0.3158159207423665,0.12942977503393527,0.21594951072363425,0.09526519810305287,0.32236607920845867,0.15659581220134042,0.21872781101836755,0.07393231574106851,0.31947264235197326,20.0,0.1903501496266824,0.0718420007771331,0.30564879669181017,22.0,0.218317407733979,0.08599896504678886,0.2968873293584863,0.2271709465170927,0.09141315381928541,0.32460250595001794,99,92,0.5,8.603333333333333,1,16,2025-09-02
0.21691030302431277,0.08947514179794386,0.3147099690250809,0.15378338602121622,0.2208770085681862,0.08229128398158253,0.3195795361600561,0.1425411194433018,0.2396686874581205,0.07643984368901907,0.35688935241297437,22.0,0.21960554579145886,0.10332530130628487,0.3027218670973193,21.0,0.21429710568782118,0.08767689914391437,0.3396165359104815,0.21605224511072701,0.09933241281045599,0.3145654821765337,100,100,0.45666666666666667,9.34,0,7,2025-09-03
0.1950576998574971,0.08040773950212263,0.31841988677528005,0.13697411128138132,0.23200694100525837,0.10084219568704826,0.3285514162663873,0.20114222924214786,0.20909549474372158,0.08126666797277235,0.31357042467807644,25.0,0.2321209067559258,0.09189802200459042,0.32449036920168367,23.5,0.26422810236127225,0.09323288442672997,0.31725662451395537,0.23939277717794039,0.09267475221309296,0.31798565893738795,99,101,0.5,9.57,1,15,2025-09-03
0.2173416300155481,0.0824821316328523,0.32122176173845113,0.13039187851368372,0.22493104252046603,0.08254270512369755,0.3098672148502454,0.12247598048990817,0.17573404997022027,0.08807334435808283,0.3211286591870066,24.0,0.22962561364638873,0.08854347080880001,0.28183458643214376,21.0,0.20825228007133229,0.1028297234897641,0.3220023904567644,0.21406505460195052,0.09070771291369654,0.30615368559724765,100,101,0.42333333333333334,8.726666666666667,1,15,2025-09-03
0.21738817936805396,0.07664550896259864,0.3269918728722413,0.12641938129458208,0.2252369134021748,0.09255223761760728,0.32726805445788176,0.1559059628626366,0.1813338295866258,0.08198018244389287,0.34584133064616274,24.0,0.22352052272841447,0.09162915611974928,0.28977890904934733,25.0,0.19609973038794343,0.09562666598837785,0.33986988556087794,0.21363077903834568,0.08058828977996906,0.30399287605824554,112,104,0.4166666666666667,13.023333333333333,0,18,2025-09-03
0.23376215093072578,0.08423694586042806,0.32090084363436566,0.129618777941977,0.22747643000745865,0.08366146304600541,0.3275652853829476,0.15940650259279066,0.19655941149959263,0.0793964217392247,0.32594291280072596,24.0,0.20291160133609104,0.077665537574846,0.2996165743244025,23.0,0.2262388183963637,0.0886809033576828,0.30538739802454257,0.22606811390898252,0.10380741013446632,0.31818305347162495,98,96,0.49333333333333335,8.326666666666666,1,6,2025-09-03
0.18226027753960908,0.0755017243985797,0.31013099972206815,0.13695699480854906,0.2431087980001893,0.07618651933152527,0.31405998080285924,0.16175924410919504,0.22167019667418292,0.09052347427049937,0.28890203556029437,21.0,0.21831242528333233,0.09102560129751626,0.32053259109383203,22.0,0.20666265402706682,0.0819104394570585,0.30718839358182504,0.22605672439382662,0.10378176156768855,0.32118361289356157,104,92,0.5933333333333334,8.693333333333333,0,7,2025-09-03
0.1833807740337547,0.07597329206551084,0.31697139733644697,0.13423885210693023,0.24360917017059716,0.0795486089694069,0.319636730866322,0.16139828687585575,0.20277918093329717,0.07573078973055002,0.2876918050901789,24.0,0.17626319075618488,0.07102763151566117,0.3148931263851352,23.0,0.20631050838211717,0.08181793798015348,0.3073320627956844,0.22641082185185563,0.10350693655657575,0.32020851271914585,104,92,0.6133333333333333,9.586666666666666,1,7,2025-09-04
0.22730624171134547,0.07980255409340914,0.31533125222653013,0.13758733460129607,0.20613906575043967,0.09014639624324891,0.3325043315351366,0.14751849626753977,0.18592550901770682,0.07877329168557554,0.3036361649794293,19.0,0.24489913583649914,0.06783184072052703,0.31258186890210937,27.0,0.2152281817963289,0.09086737728095765,0.30611049551974495,0.22748579890540888,0.08567956223104245,0.31698382513099843,96,95,0.51,8.473333333333333,0,12,2025-09-05
0.22282815935337139,0.09284369010295968,0.3237342384661562,0.12478308850981398,0.19460002439262036,0.08694599340106018,0.3156051535930776,0.1295254165354758,0.23750900225962313,0.09245813277451931,0.30704372608497743,18.5,0.20144470555891214,0.08022844367987933,0.30652567831732336,23.0,0.21811750668487231,0.08419944615866162,0.2994611045980393,0.23106973210745888,0.08720137710932277,0.3076247077587117,99,92,0.49,8.453333333333333,0,7,2025-09-05
0.24277991168974467,0.08612407217065904,0.31433905715360155,0.1631692437952773,0.21972535633122475,0.08903835317691842,0.3340222434153493,0.1615969532431022,0.21908772645951735,0.09255523370609163,0.31205228395869433,25.0,0.20619658298274363,0.0786701995723242,0.32451170142519353,21.0,0.22725759713286797,0.10296974588920906,0.32036258652621713,0.22538031193038705,0.10437641580641252,0.3182027184326087,100,103,0.49333333333333335,10.3,0,14,2025-09-05
0.2306780450216962,0.08489017833041379,0.31649341145441423,0.12762412914901547,0.21742096308931283,0.09425772256657344,0.3290559116582593,0.14524285657353697,0.17828939550109646,0.06317419226898924,0.3126503185782402,26.0,0.20269314791498294,0.09063107311415447,0.31727823099591657,17.0,0.2259027223134021,0.08839465714647678,0.30704054536058784,0.21325422716695916,0.08050669019233395,0.3039408327119507,98,96,0.47,8.52,0,10,2025-09-05
0.21696048068906332,0.08493615909153807,0.3281342619200706,0.12590937482645428,0.20442998208442276,0.09557966596892695,0.32039132672104764,0.16489291353079474,0.2291458098171756,0.08326196258018981,0.31028979401683043,24.0,0.22241764940682188,0.07772473800020495,0.3206680166644297,24.0,0.2228442804344369,0.10610478132864565,0.3073758974967843,0.22563986224250338,0.09131766969387331,0.32075008404977806,104,118,0.5533333333333333,10.593333333333334,1,9,2025-09-06
0.18498431942553395,0.08076639411958147,0.3034147408665835,0.14293601821882834,0.22305542001612924,0.08855002127824364,0.31069987058392,0.15677856113808752,0.18964126144870375,0.0770745361809427,0.30752976142871447,25.0,0.2580827908639931,0.061669105831687464,0.30144306498937956,24.0,0.20700311304189548,0.0823529216409675,0.3051304487116133,0.2148273901286621,0.08630888845823054,0.3392085249946596,104,92,0.5166666666666667,8.736666666666666,1,13,2025-09-06
0.23158600649746658,0.07186893325122272,0.3356620306359584,0.1294409893370845,0.19342192736417416,0.08752908452164992,0.3269518252989307,0.1282107723432283,0.2060080444531008,0.09369931857801045,0.31966892097621485,21.0,0.1635450736641813,0.0911274978062697,0.2980417219272213,22.0,0.1958583194900872,0.09614204535972276,0.33969094701142255,0.2453792594382163,0.09333571324586803,0.2886024098677393,112,104,0.4,12.316666666666666,0,18,2025-09-06
0.22748091422115493,0.0785200672208652,0.31397990736875525,0.13497353766015868,0.20880329576433038,0.08927552913521858,0.32803631831965624,0.15399955522403702,0.19990867189029654,0.07984629151294897,0.3060907292515324,25.0,0.27078999749789406,0.07981744984000608,0.3329428657867265,24.0,0.21454274114734245,0.0913060174877211,0.3095810862655976,0.22696831843917903,0.08529297589705923,0.3166242586715506,96,95,0.4866666666666667,8.603333333333333,0,6,2025-09-06
0.2012329295416021,0.07918932952946806,0.32668443087969623,0.14107890945817433,0.22134356848336387,0.08970171012931742,0.30903394340065765,0.14419665382531083,0.23730608378291984,0.08636665062489626,0.3344497426457149,24.0,0.21023735071460084,0.07731579903521463,0.324022850374096,25.0,0.259683121716232,0.0826737139044102,0.32196031573698036,0.2292281375175651,0.08858453679173992,0.31109566708010705,97,96,0.5733333333333334,8.263333333333334,0,5,2025-09-06
0.24913824050408617,0.085366141176884,0.3141427112380366,0.16576398499773,0.23315714850964606,0.08191636579478304,0.3305313960644118,0.15986547247606056,0.2335749238276531,0.08702235882284265,0.34293412436553083,25.0,0.2413401098426777,0.08013086898158875,0.3376845533601981,21.5,0.22896192300895585,0.10295512550981292,0.3192801960744224,0.2278449157328084,0.10370268850606215,0.31693993666364695,100,103,0.42,9.066666666666666,0,21,2025-09-06
0.23295557504409536,0.08548224337572109,0.32488628883092296,0.14659317054713109,0.22020061589132778,0.07602954491278605,0.32807434130760404,0.13600056310879807,0.1980501072519415,0.06177819274322553,0.34200381213667863,25.0,0.20777839957920732,0.08512292303109223,0.2987498148431543,24.5,0.20301388565605505,0.09479738452387473,0.31263344002705473,0.21725898890340528,0.09493617239386935,0.29312722964777016,103,102,0.4066666666666667,9.753333333333334,1,6,2025-09-06
0.21827569843930797,0.08466562269314687,0.3376578914076086,0.14641217634783293,0.21802316337752214,0.07494270014711346,0.3182068278456386,0.14174152958721853,0.2762891624496068,0.05838842899984479,0.3087398699531765,25.0,0.228593955812708,0.08224546148972631,0.2858938336485216,23.0,0.20136175626787978,0.09175223902210403,0.3019099682131581,0.2155145821469434,0.09959367551695561,0.31762244909560944,97,95,0.6033333333333334,7.506666666666667,1,6,2025-09-06
0.20917156965810801,0.09990123024517908,0.320462492127995,0.14497773959166904,0.23340121968417357,0.07943775039573758,0.32319847206540164,0.1812777540405128,0.2122924721208047,0.09479762459891972,0.3277357307269562,23.0,0.2143105565676275,0.07075739513008059,0.32911212010658836,25.0,0.2211569476383144,0.09155465120429089,0.3104424295432796,0.22254330325618243,0.08619384650256964,0.3181218361657673,100,101,0.56,9.853333333333333,0,20,2025-09-07
0.23063743607309173,0.07487914511982881,0.3189458823702167,0.13616910950754135,0.21293216431869708,0.09501912720770428,0.30942981708085265,0.14062923338444325,0.1816914660846686,0.06866293666084719,0.32075861546034956,24.5,0.18913345173985724,0.07563517541344575,0.3051290288274193,22.0,0.23295121681363765,0.10127271027234662,0.32784451381297164,0.227595119150037,0.09406582292256072,0.32192054295462325,101,103,0.47333333333333333,9.003333333333334,0,7,2025-09-07
0.23148126013081802,0.07912293404073584,0.3123558380963821,0.13084187917122436,0.20750347757712823,0.09442920210509365,0.32771295500821096,0.1474483599210518,0.24383032372691227,0.060516884361616056,0.345849276032022,25.5,0.22094203393512404,0.08821175186184946,0.3349523415199397,18.5,0.2256834238451428,0.08770902922858503,0.3103376791389782,0.2132509496091079,0.07982080967965237,0.30426732417523417,98,96,0.4766666666666667,8.16,1,7,2025-09-07
0.231580563331127,0.08691241172047764,0.32634317749669467,0.15445197454743417,0.22274225957155094,0.08097893612936881,0.3269619106934567,0.14373548228648078,0.2274291750875022,0.09528224475492411,0.33052274847489055,24.0,0.19354177533809303,0.08566672024417019,0.3087703938519618,25.0,0.2012157169015205,0.09146690373772208,0.3014532861301251,0.218581879424827,0.09896234430143061,0.3173934992807783,97,95,0.5633333333333334,8.81,0,10,2025-09-07
0.20000034404787626,0.08308427797459221,0.32195591122357103,0.12616535579505694,0.20242351561372787,0.088390467747969,0.32207716851510915,0.14948136243911,0.19468896846579076,0.0825740241822405,0.30412235766776896,22.0,0.18256397463639498,0.07666971042730905,0.3204278364391358,23.0,0.2147403893935806,0.09122670146999923,0.3092197955749977,0.22771508453320827,0.08484443920926726,0.31580488177875504,96,95,0.5266666666666666,8.613333333333333,1,9,2025-09-07
0.18379401130563702,0.07953179940669958,0.3065270317959971,0.14055307166169917,0.21865669988026742,0.08979059504854713,0.31267723051908436,0.15762582788195345,0.2120638368726079,0.07304797534334523,0.32689431389928614,25.0,0.19838377082001196,0.06302484964309188,0.3318193847607691,25.0,0.20786126158613982,0.08261956206843077,0.3048943226055056,0.2137482911074628,0.08605844315518507,0.34001624818254333,104,92,0.5833333333333334,9.963333333333333,0,6,2025-09-07
0.22582517735722765,0.06996199716798907,0.3234753146813395,0.1259566660054515,0.19182124732160316,0.08820653742697246,0.33067272130699993,0.12866007898016119,0.19440338578361901,0.07124428314240937,0.34457289586470263,25.0,0.2725824717809817,0.09709874856955006,0.3388479806033231,24.0,0.19636052287153405,0.09607167890095444,0.3421159579264965,0.24527042224996298,0.09358939213811718,0.2911980449512388,112,104,0.3433333333333333,12.273333333333333,0,9,2025-09-07
0.20171856399223195,0.08479155311004244,0.30572512805322816,0.12517572233801108,0.21452444704972448,0.08527253401272288,0.32617740586406163,0.12112336942438914,0.22230322961485524,0.08081609742753183,0.305481507851277,21.0,0.23042889765778268,0.06525061218412967,0.30917208802382623,24.0,0.2456390257719432,0.09402368870118774,0.29100699661026896,0.22320397712804146,0.10524514035627985,0.3097462612472006,96,95,0.5866666666666667,7.796666666666667,1,7,2025-09-08
0.19771882427416054,0.08344244887475202,0.3210588236340585,0.12638046136592962,0.2199846276598757,0.0834731975395206,0.324547981644662,0.13896076514249733,0.19170105940685836,0.05514798236747961,0.3138605510038603,23.0,0.2146335601845512,0.07628457278089953,0.3323129968504626,23.0,0.21361281242486502,0.09189951849975797,0.308888828671648,0.20832418293581917,0.10381540566350597,0.32115590766689955,96,95,0.56,8.806666666666667,0,22,2025-09-08
0.2395176777141302,0.08822190838905832,0.3135774107598286,0.15247681254321716,0.2133127608126152,0.087894956933209,0.30651914112522904,0.15063009041653527,0.21869907438348424,0.08876694213253075,0.30929528308950577,19.0,0.20694934552704747,0.09683607371394556,0.31011836825121897,21.0,0.22629429077962057,0.10226632967258784,0.323297996531231,0.21255023731773023,0.08742730012041239,0.33944459205593525,100,103,0.5633333333333334,9.13,0,15,2025-09-08
0.231702575060136,0.08323526536432177,0.33084943003645395,0.13451520729565242,0.22597285470101466,0.08983799263448083,0.3159660305724607,0.12868898613292026,0.23851748062256345,0.08062436750285788,0.32117061354725984,20.0,0.22747288352686684,0.0846544887051087,0.3144444059285926,21.0,0.23259944597787127,0.10233005898870724,0.3263557339314349,0.21799152420525375,0.08561378837635114,0.30376544572713793,101,103,0.5266666666666666,8.446666666666667,1,5,2025-09-09
0.2281102417691422,0.08038046637758034,0.30800181153709416,0.15152661562397643,0.22700518872480005,0.08492747963070034,0.32352304457424363,0.14365455528099907,0.1985802906570495,0.0887889966249369,0.306616480204303,18.0,0.2038003608292677,0.08576842482947424,0.34835634253330483,25.0,0.21324701990783174,0.07891754254319994,0.3058167639457377,0.20260233663007599,0.09298640034219519,0.31249558793494003,94,90,0.59,8.92,0,8,2025-09-10
0.20849299995092238,0.0980440862047595,0.31706562939086247,0.1454045914523694,0.2144398201377018,0.08308254837693495,0.31300123967906945,0.14523251025556527,0.26756632653016277,0.07745196947389049,0.30984819855472134,26.0,0.20183112029186037,0.06547045984265247,0.2979873299263573,23.0,0.22043557961180027,0.09131674932404131,0.31071639591930333,0.22553751371389275,0.0759899157492396,0.3141499810746672,100,101,0.58,7.906666666666666,0,5,2025-09-10
0.20388847434188218,0.08349334231857541,0.3081257539639796,0.13560096093648225,0.23418965666481928,0.08524922586053665,0.33047591258203934,0.1288369155539543,0.2471970610959247,0.0738360620089461,0.27858199843392745,24.0,0.2191545966848889,0.07250399815220157,0.30878388922929617,24.0,0.24859648870337103,0.09318708175526474,0.28984829499445613,0.2246416315098146,0.10439258047863612,0.3092434196519317,96,95,0.6166666666666667,7.426666666666667,0,3,2025-09-10
0.2500469514919773,0.08084538778148859,0.32495201187467215,0.15860142915532527,0.22202606106897885,0.08425057176988905,0.3138475818020325,0.1548305834724096,0.2709027280127545,0.08129026071499382,0.3315436558473981,24.0,0.22656290437129833,0.08234672791009455,0.3188749457315935,26.0,0.2275009774278453,0.0850632676195609,0.3189536167927424,0.22600458130737602,0.08980910937676158,0.32463977448876735,101,106,0.56,10.063333333333333,1,10,2025-09-11
0.2273144410553726,0.0950662173730915,0.3322308804274353,0.17674402707902304,0.2324652514335263,0.07928105645695967,0.32517620570086236,0.1531572601394433,0.23804943441100945,0.09166501076714402,0.32151422621562603,24.0,0.20908621324267576,0.07391329736840035,0.30389088447002605,17.0,0.23653075915426097,0.09402749607036143,0.32875911346603753,0.2033439631452672,0.09249492561507042,0.3032565508630709,99,110,0.5933333333333334,9.903333333333334,1,12,2025-09-11
0.23079333251846595,0.07596773192231246,0.3093134404325656,0.14607437982837082,0.21589641768828557,0.08650193642363503,0.3201903369693463,0.14605311523530454,0.20799258657312628,0.07600716166072247,0.32095893649836715,25.0,0.21782290882853333,0.08472450907960291,0.28811018638054836,22.5,0.23464075003321222,0.08848192944145261,0.30970867707757876,0.22242189776301352,0.09850529690111681,0.3165947949053557,97,96,0.5033333333333333,8.026666666666667,1,4,2025-09-12
0.21740850425269298,0.07930379278764432,0.32295941548471163,0.13519674850550162,0.233421523738007,0.10511567069421905,0.33190437188635724,0.19641828261447217,0.20348313638103277,0.08638281821433538,0.3013284540179175,25.0,0.20976877138690364,0.10798968294584085,0.3100979346593308,24.0,0.21838268007098793,0.09371052877262698,0.295397856689321,0.2359147850212714,0.09434115729771271,0.3285127960955331,108,97,0.5566666666666666,10.926666666666666,0,5,2025-09-12
0.2088165116694309,0.08662372984044028,0.3140114829432875,0.14936921059541833,0.21659021912490242,0.07743205833816064,0.31610104585121135,0.14000350736317235,0.22157764875273261,0.06521823853509326,0.3032485592485462,25.0,0.2409017462129059,0.08509225685676328,0.3350183359310885,24.0,0.2264183998306935,0.07528909214815532,0.31232279554422515,0.2616593778044435,0.08379865812258494,0.32141271751765915,100,101,0.6033333333333334,8.63,1,10,2025-09-12
0.21284143227118477,0.09061072427948706,0.32319976874305145,0.15809140707005379,0.18249428971151171,0.07677504427394255,0.3070267895760004,0.13626447358374313,0.18416228099724352,0.10040822212175685,0.31745527295610354,24.0,0.21291732895782586,0.0704483876009932,0.33013482857644844,25.0,0.22894058507851417,0.08490484102155205,0.31894513846309447,0.2100843257178085,0.08445147674558229,0.3050215925414173,101,106,0.5233333333333333,9.76,1,10,2025-09-12
0.19679295109573736,0.09199518165433607,0.32603257000000924,0.13164076268810912,0.22072500857986474,0.08354361816281328,0.31967278663012016,0.13144671430026922,0.2744468554985914,0.09271243627830734,0.3198144770264611,19.5,0.24484258030850817,0.06441497286627196,0.3412983748173087,25.0,0.23102257088468342,0.08927632417536213,0.30701489525926723,0.2256677217605017,0.08924375988555308,0.31104146757708095,98,102,0.62,8.39,1,17,2025-09-13
0.22839153450157829,0.07959304275998232,0.323135145045294,0.17967800625432112,0.24747726016284244,0.09144046785272408,0.3165014909366296,0.16105037741657216,0.24854605029443363,0.06146585742889029,0.29059526205438324,25.5,0.21324744200418833,0.08330284411549506,0.30041814834914543,21.5,0.2269201988532411,0.0839638196826745,0.3116108290875357,0.22860856289780268,0.10153788621578519,0.32186542063187473,95,96,0.6333333333333333,7.54,1,8,2025-09-13
0.2212326491522786,0.08406168937308883,0.32704207810152763,0.13373635810372114,0.22849660526099877,0.10663808233181614,0.3284234643114205,0.18221596103696924,0.19466013469648225,0.07742305278260367,0.29370175591060443,26.0,0.23446891928133823,0.07286796056194898,0.3013381764854586,27.0,0.21769680242886916,0.09441256545244975,0.2960849269135971,0.23766314425966667,0.09422979742634902,0.3287087186438706,108,97,0.5133333333333333,9.983333333333333,0,8,2025-09-13
0.21487547044876237,0.0924934072871312,0.33284584746150875,0.15734342243803653,0.18375426529730352,0.0818305086517669,0.31076329741699027,0.13484758400836616,0.1764032394293056,0.07625985180445846,0.3199465698859151,23.0,0.2223657700258559,0.09486221267544684,0.30094013801838704,21.0,0.22895701321977474,0.08482086415598585,0.31759569578854363,0.21005772521350974,0.08470280181961037,0.305122853478236,101,106,0.5,9.993333333333334,1,14,2025-09-13
0.19593858864673305,0.083664294843476,0.3156762066804693,0.1326539147016777,0.23062463083076049,0.0840086003591871,0.32637434089767225,0.15304052149039055,0.18994129627276307,0.056352628742897995,0.3187934128702162,23.0,0.22553048276438575,0.09740397494357013,0.33178517175475286,24.0,0.21477138653789238,0.0905779598067239,0.3093384740362922,0.20283009858664264,0.09309818551862946,0.3057734271899114,96,95,0.58,8.453333333333333,1,10,2025-09-13
0.2133010942721571,0.08592322008565981,0.3182835927370561,0.15109571517669218,0.2271687035987965,0.08539522125142872,0.32522271216894455,0.14338088334044474,0.2557482012817857,0.06638518303582158,0.30527524898466196,24.0,0.21578895778876833,0.07182667427629832,0.28965821959621607,24.0,0.21017130024539582,0.08758732888749626,0.339689342605498,0.20078965807502028,0.09356493030695606,0.31297464099666306,100,100,0.53,8.97,0,7,2025-09-13
0.20172423590411148,0.08932250843045725,0.3255290771531191,0.1363373399737352,0.2308985192963496,0.07252408137656197,0.32962304057896685,0.13289774031941778,0.27150506028817234,0.09725227876686415,0.3372439094817224,24.0,0.1729948876915623,0.08484932739144686,0.3354953700733705,24.0,0.2488468225902532,0.09341752109391704,0.28944284671976295,0.19534807902763507,0.09535612097233882,0.3419932274871751,96,95,0.7066666666666667,8.96,1,14,2025-09-13
0.22148565750978116,0.07655496357049613,0.32319530194848706,0.139326630061139,0.2169533091569876,0.0931051303847161,0.33670106577401615,0.17140075315221048,0.2715855812653777,0.06258146852349425,0.31309132828251307,27.0,0.2318419213825913,0.08815828239348773,0.3184414545095185,22.5,0.21736616334715955,0.09406599492591444,0.29677856669011193,0.23830411962311426,0.09361285848919088,0.32747857951027204,108,97,0.53,10.036666666666667,1,10,2025-09-14
0.2265374456368591,0.07808565657752038,0.3234741857219732,0.1319777455659939,0.22565193508012246,0.08900763080573765,0.31887674678223443,0.12436372005790917,0.20618827518244487,0.07465151859634622,0.3309219481304676,22.0,0.23270143022015577,0.08395044779385281,0.31279391996636474,21.0,0.20727666866653832,0.1075156067302826,0.32598945215999436,0.2183808040714988,0.08901718181434384,0.30569425157033875,100,101,0.43333333333333335,8.69,1,7,2025-09-14
0.19629765062797536,0.08377399286722431,0.3283096604810765,0.1552793270944855,0.2335650335561006,0.0885826190825098,0.3230937065243918,0.14386587930944195,0.234792792112353,0.07176373341364381,0.31768623136577784,23.5,0.20958437990338324,0.08046212569371479,0.30479485887639507,22.0,0.24627890550972648,0.10332657762483771,0.3084828671880827,0.2312939147346711,0.10330869668797665,0.3289453888665378,101,102,0.68,8.923333333333334,1,13,2025-09-14
0.21502519896335182,0.0922285274089444,0.3223849756958867,0.17921962392893603,0.25073447450915176,0.09070877205955896,0.3157445227327561,0.1614775951818215,0.22252605087519206,0.06974760483393078,0.3280626525157813,24.0,0.17402442194505882,0.0720585620740098,0.3062214018218261,23.5,0.22723739242241509,0.08348051149363478,0.31197219812090016,0.22874873407373908,0.10094768837287152,0.32057753570808,95,96,0.64,8.05,1,13,2025-09-14
0.21705951551039757,0.0936818181530559,0.32285627858535026,0.14933417966193685,0.20955601827065376,0.08003580889678025,0.3197409227379052,0.14887099109742893,0.2263744049834594,0.09076963354315323,0.2928516122496532,25.0,0.2611258727342647,0.09606240319680498,0.28183639376886854,22.0,0.21134875087374655,0.0808755797306778,0.30366295121903875,0.23279290402036124,0.09558243377498576,0.32145964500603785,94,90,0.55,7.43,0,12,2025-09-14
0.20805008301078853,0.08445625028713535,0.3147171149132287,0.15169586505828725,0.23570388545443663,0.07649692152916697,0.31095161825003803,0.16291818539426559,0.2148380406020866,0.06244035299606454,0.2867505788535649,24.0,0.20223854553843587,0.07658532088254111,0.3171516846636344,26.0,0.22699146657780211,0.07463818825304576,0.31239128952243017,0.2620154878876604,0.08418468292292061,0.3218347134156206,100,101,0.6566666666666666,7.94,1,7,2025-09-14
0.21654251661412371,0.08272923185727915,0.320945027635103,0.1386469166336792,0.23917508802016535,0.08037408063315453,0.31108495503418293,0.1429673040968559,0.21701813794495345,0.09256075489745842,0.30566161562325644,17.0,0.23696783311007194,0.08035330745966035,0.31220101828028546,22.0,0.22145960497136757,0.0984676270567702,0.3164871473017508,0.22940956550803182,0.1022029969387537,0.3318407950645886,99,103,0.5033333333333333,9.183333333333334,0,5,2025-09-15
0.1974563581935302,0.0782722236081052,0.3312962427083012,0.13328123435104822,0.2223733579586746,0.08223789433551583,0.30880910194407263,0.1441156707975041,0.2067385408882822,0.07943757415223332,0.3076396388222626,24.0,0.22960482375572933,0.10243478262416551,0.3052720995197429,23.0,0.26148893147042906,0.0935077116632762,0.31543052155695783,0.22575990130016382,0.08415902359631552,0.30722597613185143,99,101,0.67,8.606666666666667,1,9,2025-09-15
0.22009072225893897,0.09268721304949794,0.31050916889608104,0.12115084070484933,0.207740604794691,0.08828158502104484,0.31724223645789545,0.14975651327166684,0.22656174631802695,0.08742801774455494,0.30696352666310306,17.0,0.19867183473555697,0.06697642919151757,0.3015926614048147,23.0,0.21886711863649264,0.08943266318279,0.30516550184860103,0.22723489760040724,0.07551274574911929,0.31169870271725275,99,92,0.5233333333333333,7.753333333333333,0,4,2025-09-15
0.22833519278745762,0.08729112090483562,0.31107548232743026,0.1665429760270118,0.23797600233779612,0.10105885389423913,0.3260156951627562,0.20141080594024835,0.2378824706987647,0.07782618167445415,0.35119820773568844,22.0,0.24080180547108032,0.0911391212474158,0.32177273024486497,24.0,0.21210386414001522,0.08877560253560919,0.3399111189139259,0.23770800071651133,0.0936393393204311,0.3284109408581739,100,100,0.4066666666666667,10.383333333333333,0,19,2025-09-16
0.22347394813277674,0.08083349678989783,0.32979724558303736,0.13595451298530578,0.22288680952382942,0.08148060010518308,0.3222176516174551,0.15478955754969698,0.24338387436818637,0.0820987566690001,0.33453364799753954,22.0,0.20424132655884608,0.07445321220890601,0.3041024891329206,23.0,0.2183264422468867,0.09348122625726096,0.2965545577235929,0.22734696998337667,0.10387685481245744,0.312384910631852,108,97,0.5266666666666666,10.053333333333333,0,3,2025-09-16
0.19801651125195463,0.08066240912565076,0.3183213703427556,0.13088832268531225,0.25631077944788483,0.08563084646081938,0.3152350543648661,0.16278299638846747,0.26098949664317983,0.0915575967705648,0.28593790207013225,23.0,0.23098757985861557,0.09712660957722735,0.317127842682828,22.0,0.23157532123433316,0.09096817211584654,0.3047183062347265,0.2276856214136456,0.10090491459326363,0.32152686168210154,98,102,0.6933333333333334,7.823333333333333,1,11,2025-09-16
0.21915322173936388,0.07921951279915011,0.31526557278339057,0.12442076168762238,0.23100742823423584,0.0864081637800853,0.3310104547273267,0.13351784340624154,0.17766861564182995,0.059856932413901984,0.3172184541516553,26.0,0.21706330668171042,0.07333307130738656,0.303535369639217,24.5,0.22329069869779,0.09148701208026193,0.31440342122261944,0.22436064230073044,0.10247712402907758,0.3120448352427886,98,96,0.47,8.226666666666667,1,3,2025-09-16
0.23498758410068835,0.07485563938782024,0.31532960295053375,0.12634340584269826,0.20674113149094075,0.09063314540081452,0.3152830184310024,0.1453512841569391,0.17142093329245017,0.08229211212508966,0.32054948608860706,25.0,0.21674543135473012,0.09307224863388544,0.30687572678711417,22.0,0.209425938350159,0.10761003291650903,0.32763909161631,0.22282699469260206,0.09248021750989258,0.30977530980323087,100,101,0.44,9.313333333333333,0,9,2025-09-16
0.23839571169239082,0.07915627823456504,0.30501498875023575,0.13513668531633122,0.21758122961094098,0.08602491283314692,0.3154265871016801,0.13872245415530038,0.2438033396090578,0.08790247433476722,0.33446103686046685,24.0,0.2715541515160871,0.07656254762178058,0.3155252846337695,25.5,0.209425938350159,0.10761003291650903,0.32763909161631,0.22282699469260206,0.09248021750989258,0.30977530980323087,100,101,0.41333333333333333,8.24,0,5,2025-09-16
0.225981103904745,0.08439303559721828,0.31107199218446496,0.13775952912425538,0.23290359900858704,0.07940053709417244,0.31433614081326355,0.1458668406088083,0.21155160176532287,0.08480931833724566,0.2814270587360796,23.0,0.22239516721660815,0.07629780771597479,0.29825610231954874,22.0,0.22087658285562872,0.10006612635001684,0.3162435402939935,0.23239477282134577,0.10172026922874056,0.33134503749739685,99,103,0.5466666666666666,8.663333333333334,0,4,2025-09-17
0.21004538962772534,0.07921800678034566,0.3241982022605009,0.1535059483857551,0.2411845142514293,0.0818872546253313,0.3225470738666383,0.16450518747398596,0.2458497053960128,0.09152105156866353,0.3272112075454967,24.0,0.27224019153665147,0.07827605417759759,0.3292683237041688,24.0,0.22866123799410665,0.0965131538115317,0.32216380180068765,0.22726805437347103,0.08656484030669159,0.31795215169600677,99,105,0.5633333333333334,9.34,1,5,2025-09-17
0.22909688375026438,0.08931505316440108,0.3232929567190472,0.12339262879828003,0.20882615105762042,0.08461924843192338,0.32195407391655423,0.15526226201619048,0.23259993607958468,0.09728417263461259,0.2939799275104721,20.5,0.21668543644704075,0.06573363403361338,0.30202967982314527,25.0,0.2187282384074259,0.08896422784997543,0.3048188108011492,0.22866520102113325,0.07651604297355043,0.30933869006420966,99,92,0.4866666666666667,7.906666666666666,0,12,2025-09-17
0.2391678037551333,0.07135004359443374,0.3313356390007327,0.1307960588406779,0.19455171296376783,0.0819919539141266,0.3102472425820743,0.12512536635813162,0.2084736271122478,0.0699163741986722,0.34440835428397265,25.0,0.2033440970342076,0.07537664549306085,0.3053951463654416,26.0,0.19287612397244686,0.09450066384769726,0.34033968733192543,0.2142629754017153,0.09136881738768404,0.3096222544411571,112,104,0.4666666666666667,11.873333333333333,0,16,2025-09-18
0.21162641389949524,0.07906585715637304,0.3178303677710422,0.12988332849412884,0.22266975489614468,0.09101899492169727,0.33196849466199746,0.15393304493528068,0.19422377798286528,0.07926809496766614,0.29407494360143505,26.0,0.24302855084346367,0.08232816021263381,0.3346278143353556,21.0,0.21957309135210462,0.09276887729012016,0.2975402251211559,0.22551084719756204,0.10437384824488277,0.310996962089172,108,97,0.5166666666666667,9.936666666666667,0,8,2025-09-18
0.20542752726549013,0.0853031114577146,0.3299719745009207,0.13187801980834044,0.2519859655444441,0.08656757770895938,0.3170212838261096,0.1616085091549949,0.20345142350758427,0.07764762639051886,0.3061821423846369,23.0,0.22758507864255462,0.08917551694489137,0.339385756463575,25.0,0.23322234129759212,0.08997694349186666,0.30355698763169936,0.2273381613265264,0.10205290531361313,0.32072462521988343,98,102,0.6633333333333333,9.13,1,7,2025-09-18
0.1860232283552069,0.07931533776172901,0.3107284483479893,0.14552662987781423,0.21367179832294309,0.09261655241805876,0.3270118126364474,0.18045930046842681,0.18653216308268228,0.07268523932857941,0.2979214191070351,25.0,0.2170409691342689,0.06963229477148516,0.3232378377199656,24.5,0.2070387375315758,0.08428064512811018,0.3086572714231211,0.22524725755037484,0.08424132981368722,0.31159139591036394,104,92,0.57,10.233333333333333,0,2,2025-09-18
0.22715672802686113,0.08705638223506967,0.31410359654740305,0.13205404489729033,0.19513145110552255,0.08681582660253842,0.3290898490686817,0.1331386607148694,0.1914035097316725,0.08553012276386596,0.3019850705778919,24.0,0.2701950662900832,0.09561665252489865,0.33519591259444875,24.0,0.22343672727389657,0.10046226992197613,0.31586151259966855,0.2531611524628853,0.09367155424965556,0.2876466710056388,99,103,0.45,8.88,1,7,2025-09-19
0.2243253436162924,0.07943891373192069,0.31097851248736125,0.14898279889725,0.21733513816262814,0.08329556667893029,0.3082999160651105,0.14001134552713623,0.22754442847945613,0.07630454973999115,0.30577514599291905,24.0,0.20809668664180964,0.06912181132725612,0.3319944127187189,25.0,0.21078130183898985,0.08738683712278936,0.3377752128487407,0.23937851803394228,0.08758177987904729,0.3071442456498078,100,100,0.5566666666666666,9.093333333333334,0,8,2025-09-19
0.2021722643558485,0.07807373524250762,0.3328554918140726,0.1397484763681464,0.2147608080202229,0.0859891109171342,0.32696904170371055,0.17615462353167688,0.25431529526137714,0.08015644368892554,0.29199108970356047,24.0,0.25834679440982955,0.06147800564326754,0.29213037176550943,25.0,0.2577172314702783,0.0945699941413112,0.31676437455672757,0.2265485209985999,0.08368936221559692,0.3115536952265017,99,101,0.5366666666666666,8.19,0,4,2025-09-19
0.22452708810316097,0.08892315775300844,0.3084758710032185,0.1265873111250734,0.21181939810061662,0.09160642320490972,0.3320046945859556,0.15829007078648571,0.22061468523248834,0.07533074265740586,0.31629060991113106,20.5,0.21970770087591185,0.08613013540324688,0.29739278859856255,22.0,0.21796908782200378,0.08995268920962946,0.3030218710377312,0.22716569384059057,0.10435950272306185,0.31098708072698555,99,92,0.45,8.533333333333333,1,2,2025-09-20
0.21132208363234684,0.08302909110085922,0.3117847824795978,0.13665597564271867,0.19578675536491968,0.07889317844587751,0.3221731559080567,0.11982781602458752,0.226164829417838,0.09955673416962138,0.30047707983983235,23.0,0.19548943562616045,0.08267440096282555,0.3106593935749199,26.0,0.22441416680298526,0.08454191482950403,0.30610997556987557,0.21254034490146345,0.09065039070761599,0.30911099109223383,101,100,0.5966666666666667,9.056666666666667,0,7,2025-09-20
0.2154478116318634,0.08863734930174329,0.33004070115680356,0.14696637260422885,0.2057873519129402,0.09156475545409822,0.3218461587960247,0.14284243904003166,0.20044640132581779,0.07913296203584243,0.3215294486164776,22.5,0.21211395180456633,0.09312381825161772,0.3404656775074013,22.0,0.20183104229384186,0.09236130166578119,0.30624339658729305,0.22363509143465435,0.09080925727780864,0.3094112262076977,97,95,0.52,8.97,0,11,2025-09-20
0.21910859187886225,0.0867627305646888,0.32416702170760603,0.15116098817748413,0.21812160275885636,0.08275941649638481,0.3079008037066242,0.13756400415600123,0.254770241261549,0.06770029706168038,0.30636984362191255,23.5,0.20137061985939214,0.06786962069863173,0.31239113951460873,24.0,0.21240454335562975,0.0868732687479022,0.33863741721978846,0.24165401258542515,0.08752643539081392,0.30653253021353444,100,100,0.5333333333333333,8.766666666666667,0,6,2025-09-20
0.23402413217440982,0.08874145275814688,0.32606735529739267,0.13215834341475524,0.20901213907842586,0.08546278230092891,0.3148365593146374,0.1529024711777226,0.18755407013125203,0.055737551271063265,0.3005354206935793,25.0,0.19289108019376636,0.08291707603608968,0.30876802290459804,22.0,0.22514680918917537,0.10240630572527659,0.30905871374942534,0.22869274225115743,0.0774371413431094,0.30680174317372,104,118,0.54,9.49,1,9,2025-09-20
0.23134292867624773,0.09468285148222352,0.30781785595351835,0.12677110431592722,0.21220025445437563,0.08711659404851638,0.3318846075878657,0.14887974355048053,0.23572494582314643,0.08271909105927329,0.31576321930450396,21.0,0.20273480907715696,0.07839614503379282,0.3160476697435216,22.0,0.22019612679541486,0.08934942351231125,0.30180872346145393,0.22737610246872758,0.10406827598088447,0.3100772890284045,99,92,0.4666666666666667,8.27,1,11,2025-09-21
0.20898149196726368,0.0936637489043751,0.3216454539109447,0.16454166600606307,0.23614302505294363,0.07653932322675157,0.31105136258638466,0.13319282611949074,0.2441091206894375,0.06464493013356401,0.3294706961662507,21.0,0.17251462276292467,0.08173165295999105,0.32320452340206907,25.0,0.22195109442786526,0.08700421027778256,0.3205056376354338,0.20801797680265838,0.1069671654403489,0.3319968443261715,98,97,0.6533333333333333,9.633333333333333,0,5,2025-09-21
0.21653390886212032,0.08461727866973152,0.32317759029693083,0.12746494265975716,0.21745014617255257,0.0866383296056755,0.32178564130584913,0.14715221548270832,0.2213037253393501,0.07086210869313708,0.3103777539406025,24.0,0.1967824378205598,0.06827258399736455,0.2946861814384592,23.0,0.2247192335619072,0.1014556241678668,0.3089030381264949,0.23030404390247589,0.07670613215342256,0.3089264395672341,104,118,0.49333333333333335,9.47,1,1,2025-09-21
0.21677171168213477,0.08378254517166911,0.31005485670633604,0.1411131799191975,0.19672623209094783,0.0842987117347156,0.31796758347287213,0.12861484854421054,0.220937112188712,0.07016235701918248,0.3027544451611942,24.0,0.23247492017240073,0.08019637840673519,0.2917404199055691,21.0,0.22428676303003314,0.08508190792643666,0.3057911262292639,0.21249879128741417,0.09078104377052315,0.30825677958246656,101,100,0.51,7.966666666666667,0,6,2025-09-21
0.21601503119645887,0.08392055629272456,0.3218216599646124,0.12682795127846755,0.23314402192690886,0.08914680694685269,0.315964979488146,0.13096833515053485,0.22812470194408868,0.08435795255688641,0.30070100183546455,24.0,0.22567734873385809,0.09868360328303462,0.2935312457741405,21.0,0.22502539709421168,0.10173884258387478,0.3072224912455608,0.2213639782768741,0.08859407919235368,0.3011323481457576,104,118,0.5166666666666667,8.643333333333333,0,6,2025-09-23
0.2259516327328204,0.0785383257152111,0.3102838596652911,0.1402493263124658,0.21904692226292316,0.0832883202617785,0.3147465236106444,0.1419398248515218,0.20771582960303347,0.08264311828360447,0.3244957597822138,23.0,0.23138945903006614,0.07831251596245366,0.363437233719952,22.0,0.2247787630463815,0.08432620778903399,0.30614298092513714,0.2134242948332407,0.0869188000168799,0.3358125980035461,101,100,0.5566666666666666,9.176666666666666,0,5,2025-09-23
0.20589561208829527,0.07891876817554494,0.3145574675625938,0.12037705242602476,0.20272274375867297,0.08710650500058635,0.32275649036173343,0.12881902103350978,0.1746184811497476,0.0845994128769051,0.30525498119769523,22.0,0.22011150687724437,0.08465547105479472,0.31576231801206245,22.0,0.25428903116405477,0.09619413969066389,0.2847327380424548,0.23043799441884688,0.08986333528835809,0.30381316917152446,96,95,0.55,7.536666666666667,1,7,2025-09-23
0.21576117672930312,0.0855342994093618,0.3265022008965781,0.17800997605567573,0.24660903731755265,0.06791842208945208,0.32926302255178413,0.14084072676698553,0.20843685372662338,0.0825387938992248,0.32178117642167015,23.5,0.1932095737225025,0.0991827863919308,0.3241412858061381,21.0,0.2266857706610764,0.08227060927830498,0.31212756860774604,0.19523286692162695,0.09334357094273138,0.34138355609215526,95,96,0.66,9.24,1,7,2025-09-23
0.2374316250762472,0.10063838944578016,0.3290244604585444,0.19962909757194813,0.22285569854470383,0.08256014148240663,0.3138913814494539,0.13909938857871287,0.2013071686933534,0.10939313985069649,0.3045873860406074,24.0,0.22492566608134534,0.08907822390380046,0.29666111820283525,23.0,0.24041472746228604,0.09343415753356088,0.3251247538099928,0.22534039426997077,0.10011879477899055,0.31648118017048565,99,110,0.5766666666666667,9.24,1,5,2025-09-23
0.2094576008615175,0.09618078602353353,0.3241185352449034,0.14695483302024026,0.22217567154932322,0.07713012050847684,0.32085066201103407,0.13050765373175346,0.23075415822157272,0.08599422467473722,0.30883304632455416,23.0,0.2044642170035927,0.08008749478496935,0.3205953295025722,22.0,0.22334357499414081,0.0899270675340832,0.31019117697107745,0.20673051339846382,0.10674061473553287,0.33176653537250267,100,101,0.6233333333333333,9.466666666666667,1,5,2025-09-23
0.2354928821130652,0.08872731514824683,0.32881821594812566,0.1436447313968588,0.2239416343255365,0.08783212131244478,0.3101503969848772,0.1280076507867239,0.2683490857309375,0.07344301267842623,0.2946923573262426,23.5,0.27161059901446105,0.0665848943006643,0.30333023125482544,25.0,0.22577406351009566,0.10107040721165195,0.30596970600609374,0.2212952032300743,0.08862988085027718,0.30102844465738676,104,118,0.5633333333333334,7.8566666666666665,0,7,2025-09-24
0.21900640628886714,0.08576125719144026,0.326121545976291,0.1785634441494774,0.23890797352933818,0.07108800730314493,0.33071311917185686,0.14155904990965307,0.21536929802249855,0.06755584456200754,0.3176172063878032,24.0,0.20626068533351766,0.06851088573218622,0.33821643558943393,25.0,0.22846700010721377,0.08176701791915113,0.3122010350747282,0.19680952142205385,0.09368088937153186,0.3406692992000313,95,96,0.6333333333333333,8.48,1,11,2025-09-24
0.21092731510550877,0.08321258328269875,0.3075356297366707,0.13407831709550033,0.2293616601977862,0.08374923539734974,0.30953433901894534,0.15543144839936276,0.2546069054601521,0.0653598273565123,0.28804116813824443,24.0,0.20871549823561178,0.08935954128380029,0.3183054296850746,24.0,0.22448745321616181,0.08590814765150837,0.30616129853920426,0.21375211118004162,0.0866652245918528,0.334851258152738,101,100,0.62,8.296666666666667,1,6,2025-09-24
0.21806628464309571,0.09132750243510149,0.3329880126882131,0.1567317027065028,0.2078966429018384,0.0767373063780899,0.3219808318181696,0.14157164579022177,0.19212077177414938,0.07547444050902104,0.31212272932555557,25.0,0.2573801831732912,0.07988316183128223,0.2932441330320192,24.0,0.2289659575746011,0.10385112692363306,0.309723350255781,0.25646951604137763,0.0929994619778425,0.3133939492069089,96,96,0.5166666666666667,8.116666666666667,1,6,2025-09-24
0.21068340767566993,0.0890086228254404,0.3162250498723738,0.15401717721924546,0.2222363124699059,0.08739216125087607,0.3175082009190983,0.15845984691110018,0.21793123915775311,0.06665312588756327,0.3068286184916599,24.5,0.23464292179856927,0.08706012122307744,0.32842934514861344,21.5,0.22926711689091128,0.07642755717628588,0.30982731094399774,0.22524813899947244,0.08632791272513402,0.3196532968889301,100,101,0.5733333333333334,8.923333333333334,1,13,2025-09-24
0.2087374584319037,0.08748252594304219,0.3179243860704894,0.14052350265160155,0.2189849432471066,0.0796877418868363,0.3275820845157055,0.13896011853945003,0.2271455259195786,0.0772597709200209,0.3254783553647451,22.5,0.28069002433641,0.06232686638731603,0.3113112254933029,27.0,0.24258838358615575,0.10216285833673913,0.3119884065234999,0.22143510674510558,0.09232841983545076,0.29761920599723096,101,102,0.5066666666666667,8.926666666666666,0,8,2025-09-24
0.20804825525983087,0.08299934542802884,0.32221341303327455,0.12673201752893706,0.22759061613893358,0.09272212744296165,0.3276053606300469,0.12224064059139238,0.22690141690133223,0.06465846929876906,0.3180585082987726,24.0,0.23520355855184852,0.08572530479243728,0.3102448288057126,17.0,0.2260626379937291,0.10100350369381189,0.3053681208408021,0.2219195752573938,0.08924401647078535,0.30199687775360473,104,118,0.5566666666666666,9.436666666666667,1,3,2025-09-25
0.23837828647020595,0.10073123812584744,0.32996283770658325,0.19865186827746406,0.22648027381838126,0.08004431475707512,0.31883561932089355,0.1336914686870865,0.23992280535427982,0.08955023666061865,0.27531222408786193,25.0,0.1906420510437909,0.08355889670459343,0.30176905824955225,24.5,0.2396205422837192,0.09244110298006145,0.3240641496707182,0.22484244494890057,0.10054620206302795,0.3187843291536788,99,110,0.6666666666666666,8.573333333333334,1,8,2025-09-25
0.22472324560485277,0.08499841558828844,0.3221115524851179,0.14026647143659704,0.2177157950523702,0.08161752828443418,0.327069377575565,0.157717858331071,0.21193936802695848,0.08520621045589082,0.2920581184697085,17.0,0.2693038609254166,0.08645088617101554,0.27977781217874564,24.5,0.2042613827920055,0.0922771832230335,0.31440642677378305,0.22976111324714282,0.09975138358361618,0.32055254120889576,103,102,0.47333333333333333,8.996666666666666,0,8,2025-09-25
0.21720218332718122,0.08694576298583168,0.3112586999500887,0.14303722020603443,0.21412216425727246,0.07957744885722336,0.30560975755292386,0.13795599182296941,0.20711524732220074,0.06712207613586949,0.3070886564190657,24.0,0.22364955602406833,0.09706945788848667,0.304211659515814,23.5,0.2455351680741185,0.08730872090884416,0.30610495437517493,0.224936028275283,0.08439592075354277,0.3067233591688837,97,96,0.4866666666666667,6.8566666666666665,0,10,2025-09-26
0.2238556436304347,0.08112857767488194,0.3259498976775148,0.13897758220216452,0.22130026451669202,0.08195164378985563,0.3114428596786994,0.1378141638765101,0.19896755558291065,0.07894005702464706,0.32323151191458543,22.0,0.22110442726931956,0.08990394457197347,0.3091536850515542,21.5,0.20808748580839176,0.10760938881240409,0.33187582230591917,0.22426836226434252,0.10199475692953244,0.3177157625433421,100,101,0.5266666666666666,8.806666666666667,0,19,2025-09-26
0.1913904870173981,0.0865935889518667,0.32272463267421875,0.12600367799497916,0.2129430600381099,0.08185010646670564,0.32104848032041705,0.1387407901635799,0.22704762094720934,0.07129959899033515,0.3110160216007366,21.0,0.21806142057882544,0.07852935627787039,0.3032490705634212,26.0,0.25257397473204213,0.09561637588489619,0.28570228513297585,0.2047767478835183,0.09248648410706972,0.31524909557134784,96,95,0.61,8.33,1,11,2025-09-26
0.20677578986289577,0.08491398659155401,0.32596573651745236,0.13116691181512813,0.22513812443475562,0.08723596866857232,0.32932468771396506,0.12878585018122382,0.2117438500984759,0.07841326881943136,0.3061043605718241,23.0,0.18877114795367989,0.05579246364388831,0.2985014268711361,25.0,0.23034776560009634,0.0889518052226746,0.30244934005227037,0.22602312549652206,0.10052107349727671,0.30459288972230675,98,102,0.5966666666666667,8.48,0,4,2025-09-26
0.23180930130310204,0.07753641969570195,0.3309205848560777,0.15532924607600154,0.18716727221406357,0.08225752206060108,0.31169164489379136,0.14266490585316627,0.21116824023341252,0.0910049989239301,0.33455544905309736,21.0,0.21083221036599775,0.07712516221617878,0.28385832299937586,25.0,0.23066235346159877,0.10399395368728226,0.31020478523081363,0.20602264335051557,0.08423093216754843,0.3059252831024746,96,96,0.5033333333333333,8.69,1,7,2025-09-26
0.22266545967688106,0.08888572512896514,0.3243097719162502,0.17558643156513198,0.2360332424578966,0.08200487221847448,0.3136442400701964,0.15431920159433202,0.24045318250546552,0.06545224966618055,0.32952287421202936,24.0,0.26184507326555667,0.08280668488879611,0.28816612379041995,22.0,0.2284474347156626,0.0824400168924953,0.3132171738363245,0.23113430354167241,0.09924288066872768,0.3203316358171527,95,96,0.5666666666666667,7.403333333333333,0,5,2025-09-26
0.2317142131031883,0.08919474995247634,0.32304965524964174,0.18499550021458333,0.20920883134220386,0.08112051566029806,0.30615466254870954,0.13992155901729714,0.27836469909893446,0.06852734642905764,0.31557359762713766,23.0,0.2565466645739942,0.10111836872557853,0.2831107013770077,24.0,0.228791924288906,0.0823532967200093,0.3132254170398,0.23166604600268637,0.09895361626672956,0.320112661835562,95,96,0.62,7.213333333333333,0,8,2025-09-27
0.20817681522881026,0.08705753711576582,0.3338206150306822,0.15307791780414862,0.18688003277607898,0.07961766711010115,0.3163614211127685,0.14015149318487666,0.2166505193814272,0.08563241075555869,0.2953043683924733,22.5,0.18879938110407996,0.06689020645322347,0.31535732632912883,24.0,0.2311751829068887,0.10335724232195168,0.3089003240748712,0.20608334280681637,0.08356838448975695,0.3060353028650441,96,96,0.6433333333333333,8.83,0,6,2025-09-27
0.20283520236175237,0.08497076456546906,0.3074533511862103,0.125695534193811,0.22219169701675742,0.07676656957840404,0.3167946629900479,0.13155600200244166,0.22271385856693898,0.08312582159096721,0.3179169055961606,22.5,0.20438146475848057,0.08463031656285996,0.3395768885395918,25.0,0.25361197223987414,0.09794506778398612,0.28561467548577185,0.20522088763221213,0.09279087469057665,0.31687684586206033,96,95,0.6666666666666666,8.063333333333333,1,6,2025-09-27
0.2314894947599982,0.08538115699821772,0.32424229208903316,0.15777829263811918,0.21754557102704755,0.07984533185294139,0.3092903521047791,0.1396296188274913,0.2144127648688608,0.0945104940434006,0.3091794392154259,22.0,0.2712507796202312,0.08619107108830225,0.3358469025659715,21.5,0.22999436375824395,0.10417590792112799,0.30783570439913444,0.20578339290612455,0.08295761238022673,0.3065068559590196,96,96,0.5633333333333334,7.89,0,11,2025-09-28
0.21696292130979644,0.09380965194444485,0.3157955212122176,0.14544085554245248,0.25228740486733175,0.07109208504791933,0.3256703985599547,0.13672868668116786,0.2412294146283972,0.06396956113295198,0.3460718109851223,26.0,0.21277089291525406,0.09909280240937436,0.3225156697866061,20.5,0.20637145348178143,0.08223597069784974,0.30678684331289957,0.1984232328114625,0.09581904216886987,0.3403116508808805,94,90,0.6133333333333333,8.333333333333334,1,4,2025-09-28
0.2157132594432861,0.09360692657982579,0.3202620458213057,0.14300802456021344,0.22865531357816524,0.085602263010597,0.3122534305298423,0.12333637273968999,0.22467625812121916,0.10118940918522476,0.33503303034864373,24.0,0.23356968717523507,0.10129709476416462,0.29102712914864537,20.5,0.2242328147464549,0.08960336727648967,0.3110469351105938,0.22347907228475153,0.08725049814731296,0.3012177819814244,100,101,0.5233333333333333,9.26,1,5,2025-09-28
0.21436266055878667,0.0860909505934321,0.3258407298390198,0.14792177546943044,0.22900323992168806,0.08549600306451458,0.3190091267264571,0.14381665489265608,0.24134767573388413,0.06911237842081537,0.30809752555669556,27.0,0.23436702210504393,0.06966702651708559,0.29624365513827877,24.0,0.22760388708067175,0.08643285495887515,0.31871595712696754,0.22301705781371087,0.08524955372173418,0.3064852851238028,101,106,0.51,8.316666666666666,1,8,2026-03-26
0.21381476047948494,0.0796279503523307,0.322587663571175,0.1398326139911799,0.23981038481212438,0.08436460029787529,0.3149641538215073,0.1573850029510514,0.24639823121579443,0.08146645776729455,0.3016862776892628,24.0,0.21845016991669491,0.09510991478685682,0.3172408812865578,24.0,0.2502440029302531,0.0911719591482349,0.31326732215297126,0.2257948247367073,0.09905212791359634,0.31983685714457105,99,101,0.6733333333333333,8.473333333333333,0,3,2026-03-26
0.21605735347330693,0.0900872642524612,0.31951083467677016,0.15412420272771318,0.21777035898656924,0.08459846152276308,0.31147870130927646,0.1429628305692345,0.2596389317672555,0.0734695729335138,0.31536099049436306,23.0,0.21850697495497312,0.0767012516978692,0.3127931220197484,25.0,0.22823182299446038,0.0827375137005898,0.31255565097318927,0.24236821736033376,0.08457854272062827,0.306668470269603,95,96,0.6066666666666667,7.456666666666667,0,10,2026-03-26
0.21366549053656195,0.08382622368755445,0.31603597819644774,0.13925542219303289,0.23259341967585387,0.08027032281103842,0.3220312751988531,0.1482538032723273,0.23988736426175444,0.07789865392808144,0.29233592756215326,24.0,0.2616432672927219,0.06792125626061264,0.30808768579585055,25.0,0.25190526411031033,0.09555806103200074,0.29127748535354275,0.20604752635714685,0.09048304915376376,0.306595835380413,96,95,0.5833333333333334,6.596666666666667,0,10,2026-03-26
0.21498834045837603,0.08378112873959198,0.314720084626687,0.13897383435566002,0.23288581857320084,0.08027052553262415,0.32268679099554665,0.14695035618122732,0.22352146682333796,0.08520012133908264,0.3149113306903026,22.0,0.22396233715341102,0.08551191360566918,0.3177810672643739,26.0,0.2521179707098895,0.09410745169922177,0.291314898931468,0.2044142014442042,0.09212586142787302,0.305155132589752,96,95,0.58,7.79,0,7,2026-03-27
0.21646201262000012,0.0845915877567987,0.3227654767463374,0.1395728355797981,0.2298940869131415,0.08797439299275166,0.32132308328211096,0.1475213345099099,0.1906790074268781,0.08409573258373101,0.3043138216318476,22.0,0.2450016234977262,0.0842037614387175,0.3270482485582785,23.0,0.24964750640630562,0.09633770852702783,0.2925252235002582,0.2090055177313066,0.09212708958779042,0.30524987364406037,96,95,0.5633333333333334,7.916666666666667,1,3,2026-03-28
0.20867458562814628,0.08984140355905267,0.32090907188210854,0.14560406984880875,0.19935130969243212,0.08347621311032268,0.3130265193889418,0.14016890147948238,0.2191333901876768,0.08464897902994242,0.3171171312433987,27.0,0.20048547290689206,0.07386435369013664,0.31239995350873906,24.0,0.22532556871021198,0.08785213126701685,0.3097457430396981,0.2104850508729873,0.08196296502451869,0.3102534456785179,100,101,0.5633333333333334,8.853333333333333,1,8,2026-03-28
0.21517472897201628,0.08537697924037277,0.31791194936404515,0.14409818963833348,0.22067901781869168,0.08341810408281532,0.32956015150773443,0.1541113761378453,0.2569464312342437,0.0925522143042391,0.32963164546152823,24.0,0.20991893132887746,0.08059566385381936,0.3075952954708365,23.0,0.24487646877817065,0.10165835329654188,0.3085956642189245,0.22553235813363592,0.10002992793574066,0.31082292316731724,101,102,0.5466666666666666,9.523333333333333,1,15,2026-03-28
0.22770349019798827,0.08182875212979043,0.3202179402175019,0.14867248925128668,0.21936122080102516,0.08795489377279947,0.31697908770714645,0.14739646225753864,0.2291635799791427,0.07798312778415212,0.3227731074617509,25.0,0.21913973264382466,0.09085961937864415,0.3068126035812655,20.5,0.22506571565809175,0.08635380176738706,0.3197123967155364,0.22291971169105068,0.0849754102370231,0.3049402395826444,101,106,0.54,8.996666666666666,0,9,2026-03-28
0.22138995200935607,0.0821488847476037,0.3100713280105707,0.12991610548657764,0.23609769004447484,0.07711165444057617,0.31526516070067034,0.13916337793998582,0.2252506798199078,0.08206478751281719,0.3257910959540112,24.0,0.2016928347768048,0.08864321268260915,0.30335957832455257,24.0,0.21715512436988496,0.08966944907063176,0.30904744807976475,0.201630021035619,0.0923762476238307,0.3339782580741114,96,95,0.56,7.98,1,7,2026-03-29
0.22876535609834678,0.08090394452132324,0.3205908193090086,0.15357758365782206,0.2296041046486426,0.0809926021962216,0.3236124811403046,0.14250448999668605,0.2563144542197614,0.07923193472959897,0.32377317128861616,24.0,0.2373532647461533,0.09102715986383092,0.32727372479454503,24.0,0.226923387393002,0.08576893523822018,0.3209702809108279,0.2253814583413996,0.08486440021370947,0.3050041306020962,101,106,0.5433333333333333,9.306666666666667,0,11,2026-03-29
0.2207995706244551,0.08266520309043938,0.3229682135679195,0.15766129104016133,0.22264984517266717,0.07889539225163886,0.3064805326319615,0.1431886977668734,0.2195345065114131,0.08814904050243767,0.31101325924808276,22.0,0.22523835513075052,0.07617834065950915,0.3284434907940713,25.0,0.23504785764634517,0.09507695680726802,0.31330594911415693,0.2459331555358816,0.08571283165631059,0.30323098115885,99,105,0.6366666666666667,8.716666666666667,0,6,2026-03-30
0.22052729806016722,0.08103458488824816,0.32502069836034286,0.14596141755490077,0.2236239719128432,0.0859986545873581,0.32796729892894355,0.15580657909488005,0.21111392494125322,0.07961478794933093,0.32365544826607395,26.0,0.24094224724184798,0.08806265767741547,0.31551788764790833,22.0,0.2283137200800115,0.08742631982176838,0.30818785599917564,0.2227354616538193,0.10224694616093129,0.31229950443893784,100,101,0.49,9.736666666666666,1,4,2026-03-30
0.21136619111247057,0.08999413060860989,0.3109698300445172,0.15037837936038068,0.24256038219654164,0.0909063091209894,0.3184145309050434,0.16187306690374673,0.23930251177940232,0.08347447335079955,0.31455238759520865,23.5,0.22379876646524524,0.08488732380426167,0.324635520075508,22.0,0.22977640422411327,0.07816518096449701,0.3081179401804902,0.22546440741690776,0.10483933893497255,0.31622559829090857,100,101,0.58,8.756666666666666,1,9,2026-03-30
0.23250014181112041,0.0834484310894264,0.31941139420060266,0.15365106919407942,0.22042075870080152,0.0819900034326711,0.3208047233973638,0.14006619884176097,0.19476034887432214,0.08146335872307378,0.3199711421529512,23.0,0.2238206941316147,0.08565366581310116,0.3155664441734597,22.0,0.2265945410947784,0.08699972463587931,0.3196649729131956,0.2106677151854389,0.10450262571894522,0.32716962369517255,101,106,0.56,10.14,0,15,2026-03-30
0.20855490123650322,0.08007331563961781,0.3166273932037345,0.13024767955393052,0.23048536703434067,0.08361589110666423,0.3157884786795614,0.14974458812513936,0.1983513711341227,0.07089419663502255,0.31863721146446256,22.0,0.20359834573304514,0.08480186823895297,0.30888265868729115,24.0,0.2200109476238722,0.08864190053449167,0.30704979044607816,0.22377117789652967,0.10613970554779029,0.3278999557618604,96,95,0.57,8.1,0,13,2026-03-30
0.22834044500992645,0.08461961324244813,0.3212395466322598,0.14536229204176818,0.23279805717979535,0.08811928618744827,0.31994561683317696,0.13558470770108266,0.2238759940578581,0.0856751361937228,0.31554331899882404,22.0,0.2287432012898134,0.07654639554918789,0.3094784003184585,20.5,0.22865828737666433,0.10375411597505896,0.30482396058086436,0.23028519224087474,0.09422027099178759,0.3041547772060985,104,118,0.5633333333333334,9.396666666666667,0,11,2026-03-31
0.22658081754081527,0.08140345638550578,0.30656250439596217,0.13709416897898366,0.21534019572409344,0.09021846975337935,0.31822949985359145,0.14983559991412604,0.19213750696739784,0.087458693385039,0.3182612476395652,25.0,0.22344006443538314,0.09557418787537134,0.3108135838904853,23.0,0.21801029215218215,0.09103432635377579,0.32268051436993983,0.22479269437151905,0.08542696644340717,0.3150760646997809,98,96,0.47,8.31,1,3,2026-03-31
0.21476356605981314,0.08155502919146715,0.3235908882555868,0.1350343961574782,0.22807556780201133,0.08152547893986717,0.32580072653752273,0.1385409206736698,0.25465491692865483,0.08701048567966356,0.3057820010783589,24.0,0.20270970353609954,0.08297023301541576,0.29919939857831124,25.5,0.2575997078073606,0.09782056704031306,0.3120338072747521,0.22390740503484013,0.09501292730281007,0.29865814611109887,99,101,0.5666666666666667,8.356666666666667,1,11,2026-03-31
0.23020071478908127,0.08236719403194012,0.3163550875679662,0.14583894845357134,0.21352735568479997,0.08131015631730304,0.31960411289632346,0.1390917267948547,0.2238759940578581,0.0856751361937228,0.31554331899882404,22.0,0.22463702330276042,0.09523784436805582,0.3152842554450651,22.0,0.22518278087619825,0.08688131482475864,0.32308748307649476,0.2106936006277349,0.10485646705236817,0.32466515249510264,101,106,0.59,9.376666666666667,1,5,2026-03-31
0.2012935889520104,0.08520421359527662,0.3172599045595244,0.14498010976313735,0.23601723622631887,0.07534433224042715,0.31955600892489966,0.13538031269067105,0.22557285834734112,0.07848119973602657,0.3276636303225121,23.0,0.2198773620236743,0.08599155761144814,0.31807196722256204,25.0,0.24665538509903023,0.10042561289526562,0.31832565453830136,0.2045751580618851,0.0920978238766515,0.33523040580474434,101,102,0.6833333333333333,9.376666666666667,1,6,2026-03-31
0.21802042016927273,0.08786363415360826,0.3194581075829595,0.14045877447232524,0.2345879291634606,0.0904450323627254,0.3212558207306404,0.144980597923428,0.2085512540540866,0.06671275038868137,0.32818940020023496,25.0,0.2247865395026758,0.07263217854920803,0.32741590720844876,24.0,0.20203439896839748,0.09382806569145999,0.31549693454771593,0.20793381189985005,0.09288241805941302,0.30468362337887506,103,102,0.56,9.393333333333333,1,12,2026-03-31
0.21319121070629732,0.08535873676598743,0.31793838335796604,0.13480216505482698,0.21376382676158426,0.09106852564344876,0.32022326112149546,0.13980360663646338,0.18767770732624195,0.08466080887892957,0.33529107436934247,24.0,0.23966005144046376,0.0692444603635654,0.3366351277584773,26.0,0.252370774836132,0.09594295882109617,0.287069175912378,0.21251414377334876,0.08457194692518583,0.30430671189693315,96,95,0.5166666666666667,8.64,0,12,2026-03-31
0.2152441345228098,0.08825044986475569,0.3270453657045537,0.1467439206976258,0.23462958631799063,0.07932605401804355,0.321655269107805,0.13522314820702308,0.2510985387854585,0.06708280038671696,0.30637543632221187,27.0,0.21686576121557255,0.08624490056543097,0.3242205692589182,22.0,0.22560873768348116,0.08629842419566583,0.3238302853688233,0.2061781156635267,0.10378092831796835,0.3228014688797771,101,106,0.6566666666666666,9.44,1,11,2026-04-01
0.21720962206795397,0.09275890161765571,0.3205008906066438,0.1351758487568379,0.21217173312111112,0.08102186029878682,0.3274902284720975,0.1356750227286882,0.26430199593225184,0.0959711919459449,0.3242339018568437,20.0,0.21368476662172567,0.07342421037862679,0.29389516787107517,21.0,0.24332196268634082,0.09039064279904184,0.30194152519603445,0.24762365628610547,0.08505262522116236,0.3259321087862166,98,102,0.53,8.02,1,10,2026-04-01
0.23429899208914376,0.09408392216662591,0.3203345286204225,0.1422922644688166,0.22560069827804577,0.08932070728142111,0.3146889126048201,0.13185659971263164,0.2179459082775682,0.07285883073486671,0.3182037834884477,24.0,0.255846537597892,0.07449522994036221,0.31368503854380547,24.0,0.2292868851019281,0.10314333549709717,0.30322364233172766,0.23117868812308442,0.09456402208159843,0.3056482528741215,104,118,0.5366666666666666,8.586666666666666,0,11,2026-04-01
0.2214258689538747,0.09222221630688725,0.3194465241099067,0.15728954484481195,0.22616784491707953,0.09510840258865477,0.322545230872038,0.16225456334421606,0.24286556431888762,0.07313244879399354,0.31650035329299064,23.5,0.25132078950263526,0.08564695367698441,0.3020142712906018,24.0,0.2316634899716976,0.08088868874176897,0.3149867936230312,0.24083593875620993,0.09182507085209889,0.31750587952270504,95,96,0.5,7.683333333333334,0,8,2026-04-01
0.20032632969621764,0.084277113815007,0.3109961515194,0.1418196568457298,0.22028215777650725,0.08619680727603596,0.3084447545313115,0.14874794049422857,0.21694996931752658,0.08358494706410385,0.2976970276548223,24.5,0.2536206756521412,0.07515727690211457,0.3045686635065834,23.0,0.20863203462508959,0.08240341380545448,0.313417697858943,0.21869288949057425,0.08916106208259256,0.3353164196650915,104,92,0.5333333333333333,9.26,1,22,2026-04-01
0.22828105540342122,0.07975488818859072,0.31007519546138124,0.13455898798817817,0.2173849405350765,0.08762490612252598,0.31658668821669,0.1498468142452959,0.2055589062483582,0.08103276506886428,0.32264076692855675,24.0,0.25856055151298013,0.0845620060511306,0.3027403936861629,23.0,0.21765637326271442,0.09086643975408604,0.31866018905760046,0.2249782557749025,0.08556053993839295,0.3151733558539112,98,96,0.39,8.333333333333334,1,3,2026-04-01
0.20819972785226026,0.08876197363374651,0.31946357817525173,0.1433739499811599,0.22673499277161657,0.07963136371824162,0.32783674321339473,0.14408029346592038,0.2582446905260663,0.080927743449008,0.30317807768998195,25.0,0.20183442405441038,0.08168063870122938,0.3066536881537989,25.0,0.22878601462468134,0.08502207516851369,0.3054301743639483,0.22116633227630486,0.1018473951339966,0.30988518199526766,100,101,0.6366666666666667,8.813333333333333,1,6,2026-04-01
0.2087644162308762,0.09910614995021322,0.3247951739122194,0.16140166106316076,0.22647124228628368,0.08355648182166828,0.3040993894903038,0.13726807554893547,0.25754080046622396,0.08269111505948269,0.29355198234179125,24.5,0.2383815558668289,0.10667063337474292,0.29868496130031214,24.0,0.23492234463902542,0.09474295500339719,0.3122069637371293,0.2460430495113022,0.08409676600591842,0.3079443389204712,99,105,0.6766666666666666,7.95,0,5,2026-04-01
0.20698468900793973,0.08124787954343997,0.3168594487412301,0.12699305127808794,0.22303737996086237,0.08708198384329353,0.3151407338965325,0.15057017675357576,0.2098490075592918,0.07894719139626372,0.30232232755230926,26.0,0.23100920630896846,0.09048226083366132,0.30532310839869603,22.5,0.22456114707868094,0.08872505123876798,0.3010550816755363,0.2236852515963377,0.10663783610038677,0.3267201721924672,96,95,0.5533333333333333,7.773333333333333,1,10,2026-04-01
0.22533888617457698,0.08280476550541044,0.32070265068589304,0.15109725215336484,0.23855018576722514,0.08421661163430863,0.3142369378029116,0.15859801607278023,0.22621979604647502,0.07273962012695248,0.31438437293489274,24.0,0.2216400282241487,0.08811994102981474,0.3321235073440387,25.0,0.23229091639569263,0.07849556806960264,0.30967345023587467,0.22585710899486394,0.1061736488461853,0.31286960557779314,100,101,0.63,9.046666666666667,1,8,2026-04-01
0.2394142013202773,0.0884148060415155,0.3175336680037382,0.15150665723038417,0.23523584618403984,0.08338641655301417,0.32373412937086393,0.14551411556319271,0.22964712516869995,0.08843527728087328,0.2846803467677008,25.0,0.24005672062266337,0.06690042165392454,0.30895232412703266,24.0,0.24216022486777528,0.09924980539938288,0.33648651621224923,0.22571261734790612,0.08736463676200287,0.3017042714150289,101,103,0.5433333333333333,8.103333333333333,1,11,2026-04-01
0.20122455498978634,0.08363297423641287,0.31272829545803116,0.14056232150246595,0.22287747385291087,0.08626330309835632,0.308483431169544,0.15394517227499835,0.2557018777109882,0.0918707418810785,0.3373192739725771,21.5,0.23099367801699544,0.09138907817142881,0.3175604716062601,24.0,0.20929455675320324,0.08802087257492903,0.31487028181296284,0.2186146157718633,0.09172215514079962,0.33697475941531985,104,92,0.6233333333333333,9.633333333333333,0,6,2026-04-02
0.22982915534321524,0.0844793947301698,0.32590069201153815,0.15360129788851612,0.2254936676330247,0.08345818013910818,0.32684575307256114,0.14002783778832517,0.2056790123080195,0.08284470011035508,0.3083684926234126,23.0,0.2112537561207814,0.09383276901104134,0.3071598862124161,22.0,0.2208326330320746,0.10007698119002273,0.3081743096199202,0.26267263463507523,0.0964372137288756,0.313060113258038,96,96,0.5366666666666666,8.45,1,15,2026-04-03
0.21671240217621227,0.09101262903610503,0.3209485222530597,0.1389897107045501,0.21880623135940241,0.09113082611712064,0.3211084029974644,0.15273501191940989,0.21975907858099344,0.08304947201106487,0.3133277282926041,23.0,0.24885480925124742,0.0850923627699321,0.31335338339702135,24.0,0.2138513705273103,0.08576825385899486,0.3054983189532212,0.2244381809056475,0.08617424311594146,0.31290308521588706,94,90,0.4533333333333333,7.73,0,13,2026-04-03
0.24310299373310176,0.09164072638486058,0.31563043776002975,0.16007207219046635,0.22979291941913627,0.08273480808743192,0.3220346576436176,0.1490361669681637,0.25158983833914605,0.08265710976976234,0.33275425150860616,22.0,0.2578144572836954,0.06801447024514468,0.29790505921202715,25.0,0.22758531381653305,0.10563458044085788,0.314642160261261,0.23212894039455662,0.08004584239151641,0.3128374827636924,100,103,0.4633333333333333,7.8,0,4,2026-04-03
0.23438366460509258,0.08248166190899339,0.3248654012451496,0.14216454493838487,0.21703298291794557,0.08835739748447811,0.32077862529646434,0.13938865792841793,0.24174731678040878,0.06898216228661205,0.3390418172147986,25.0,0.22916803876303513,0.09262151838369752,0.3049212150409334,22.0,0.2233633407096971,0.09675953304260328,0.29788452183111774,0.2531494352102982,0.094272092564015,0.2920299725492057,108,97,0.48333333333333334,9.723333333333333,1,7,2026-04-03
0.23564100670727825,0.09850871289329588,0.32995151681567575,0.1734553449741094,0.20789650937085152,0.08038941300249691,0.3179427473749338,0.13092749879339538,0.2240299516085201,0.08625772387916818,0.32242999857859744,23.0,0.24640878669335708,0.0809031702842665,0.30001736481906544,21.0,0.2404626164730123,0.09157203895575947,0.3200636795154749,0.22461747796550485,0.08872990832948838,0.3010438217636222,99,110,0.5266666666666666,9.236666666666666,1,10,2026-04-03
0.23364227074115293,0.07365236996835003,0.32104916106739145,0.13961425778796913,0.21356951111317926,0.0880613863165803,0.32729146575030144,0.14692956156554354,0.21761534731499516,0.0721224342109103,0.32894673039044475,25.0,0.2359363519983173,0.07910068122873062,0.32453303410746404,25.0,0.2044322354639858,0.09095497334791874,0.33935709937774927,0.22531408009320014,0.08450486295996193,0.32557977084929535,112,104,0.43333333333333335,12.256666666666666,0,11,2026-04-03
0.22376134801979117,0.08573789761395337,0.31110822920715164,0.14397554501451781,0.20524943357229913,0.0858144685175825,0.3192065757667663,0.14760148239122792,0.25075208452856546,0.09063113044556503,0.34258271592249856,17.0,0.27047425292313165,0.09300814824559596,0.33082377616908554,24.0,0.22362512978147367,0.10623348217214783,0.3263653408454428,0.24806834793353938,0.10039467265904461,0.32078555340826087,99,103,0.44,8.89,1,9,2026-04-03
0.2448983623011204,0.0909073744871426,0.312721252277604,0.15982391458019574,0.2272731840085554,0.09136132546756917,0.31780374869049105,0.15387088318387676,0.19033491160228266,0.10323635171631777,0.3280626844892083,23.5,0.22175092909371658,0.08093535900885612,0.30288975514310557,23.0,0.2274598085914336,0.10569603154973348,0.31553123698231933,0.23588894289986562,0.07940393223188338,0.3114944952288181,100,103,0.43,9.436666666666667,1,1,2026-04-04
0.2341975374039294,0.0819707897001585,0.325344976552832,0.1432683707985343,0.21397594414907062,0.08359130876390185,0.31367939768542946,0.1317655753961071,0.24456963134357057,0.08331528757606342,0.32600315743740504,22.0,0.20071295734553996,0.08711096114365474,0.29889250115552346,22.0,0.22440547228491295,0.09666548086559262,0.2953961691907496,0.2539587603276729,0.09349991072069785,0.2924637601097615,108,97,0.5233333333333333,9.336666666666666,0,5,2026-04-04
0.1994929491064374,0.0844030834721457,0.31495710628831,0.1405462885919835,0.2225419361608511,0.08978428129055133,0.323559889075699,0.13887778472344975,0.21131083050266541,0.08420765320355851,0.3068588863830674,24.0,0.2334147713471374,0.08556122517666154,0.3129952030234571,20.0,0.20994495724740397,0.08871131338034205,0.31615875598381576,0.24420894615807584,0.09056313433173205,0.30094368316689424,104,92,0.54,9.616666666666667,1,10,2026-04-04
0.2309099325044001,0.09115304307491447,0.32728847580668646,0.1446172788091196,0.23768969645430907,0.0925096860241354,0.32381968425503094,0.1490264362979503,0.23384580355959353,0.07463493925272821,0.3267887324411914,20.0,0.23422461250384233,0.08431720676191903,0.3292406539566355,24.0,0.2333402098364962,0.09404210177910738,0.3049609112106739,0.24166928956579015,0.10043478539005779,0.3310835960771012,99,92,0.5766666666666667,8.616666666666667,1,5,2026-04-04
0.22208630117395883,0.08773549343068067,0.31888421336881867,0.1456888731039609,0.23399302940972955,0.09023481367934477,0.3176190217290886,0.15325293145194915,0.21844960216185277,0.08525969469794228,0.3184817800553401,21.5,0.22645220361345397,0.0868914869705108,0.30794361899231293,21.0,0.223110156419921,0.08777921148102054,0.3022317605183507,0.23118211641446734,0.10277384703761393,0.30329054574016795,101,100,0.5633333333333334,8.966666666666667,0,2,2026-04-04
0.22945718586639202,0.08114812735193434,0.3224550824140862,0.13114447252601255,0.229208335964205,0.0827388400585612,0.3136825655937077,0.14819543408027117,0.21361588053695876,0.09026510785180336,0.29923624877338095,17.0,0.25693091924590383,0.07872342475367639,0.32404252904905245,24.0,0.20697330123967397,0.09029813519406049,0.3356201410322449,0.22956559842731122,0.08479473145493722,0.32456819635284184,112,104,0.47333333333333333,12.043333333333333,0,3,2026-04-04
0.2227909892678158,0.08492101902836072,0.3112780282514344,0.13976827311869525,0.22287945674431608,0.08597106512677472,0.31995977861945,0.13300949224757191,0.22494496800653546,0.08849340850764077,0.3034080757587766,25.0,0.23683876436672932,0.08509403730055806,0.32224387998813325,21.0,0.21534628508141987,0.08949595656245049,0.31163586257512155,0.24415084466279047,0.094708954829537,0.30436712042105923,104,92,0.5333333333333333,8.466666666666667,0,13,2026-04-05
0.22695495081350783,0.08768081475611357,0.3206693963607429,0.1416955057239616,0.23325309903974656,0.08784081074399798,0.32117016113686553,0.148734909026126,0.22426609818843796,0.09089211305889905,0.3119053024349583,19.0,0.219356119557646,0.0841290488270093,0.32188270758182735,24.5,0.23280910588104908,0.09653252254377379,0.30226194872532797,0.23992864717947043,0.10171363465999304,0.33138650102670225,99,92,0.5833333333333334,8.493333333333334,1,10,2026-04-05
0.2309320192961508,0.08569452269460356,0.3225064177448505,0.14083811772321392,0.21995804527604007,0.08537372753359225,0.3135346597270978,0.1369040730508109,0.2292763076007515,0.07336500150053679,0.3313277504624931,27.0,0.19503440820048185,0.09614137512671775,0.31342091915401493,24.0,0.22455892738099173,0.09607271638343828,0.2949174516921118,0.25612425124782034,0.09266380158786039,0.29288390552675103,108,97,0.5266666666666666,9.506666666666666,0,14,2026-04-05
0.2346203375749728,0.08560832030803546,0.32342139569524003,0.1413179253295715,0.23643229360289622,0.08348996746083452,0.30869382906625886,0.1345594373866377,0.21509048459093527,0.08405161928610375,0.32003256704698413,21.5,0.21242308123476106,0.08313764752343492,0.3231966555975332,17.5,0.20879336975078625,0.09576613952311112,0.30404243534256425,0.2142801083913538,0.09430674438565298,0.3149841757147801,97,95,0.5833333333333334,7.943333333333333,0,8,2026-04-05
0.21468050396020305,0.08078541678053078,0.31996971669800084,0.13639104745491634,0.22634324488079638,0.08103577204950294,0.32291619889012113,0.14653925446140936,0.2256314635185423,0.07985390688721979,0.31442804636977884,22.0,0.22044710308512647,0.08965333322675026,0.31191320976477366,21.5,0.20249694427338474,0.10462457012052237,0.3265977782235732,0.23351518573158125,0.09499963803048822,0.3148058140541662,100,101,0.53,9.206666666666667,0,14,2026-04-05
0.22149510820237742,0.08749375984836695,0.3111452410005695,0.15520315267847132,0.22737704658478256,0.09154493546038321,0.32062239410828736,0.13782526297627498,0.24902365408777702,0.07276975865905913,0.31591432574798894,23.0,0.23405330874885238,0.0744593111265764,0.3287699074368755,24.0,0.21341239231300713,0.09254278636951938,0.33079168094237316,0.20842545391533238,0.09575806915568263,0.30232403023489746,100,100,0.5,9.55,1,10,2026-04-06
0.2164143147886253,0.09033083588014607,0.3160227422839497,0.13561399349799128,0.21424586985496802,0.08695182878997866,0.32697225669198293,0.14631762097474124,0.20258864487013578,0.07880083101681817,0.3151678991082455,26.0,0.23583746264613772,0.08400915350230673,0.31548366237141046,22.0,0.21344342342091888,0.08756534009509964,0.3134837670928421,0.23131574369332553,0.0846060512167979,0.32079565977994945,94,90,0.4633333333333333,7.7,0,10,2026-04-06
0.22169561967859355,0.09029350851852722,0.30871420210680856,0.1459643309895441,0.20040156686299587,0.08648114159629879,0.31707639943698007,0.13800948093770932,0.22503125507998528,0.07962128013468357,0.31477019043623544,25.0,0.20805044760598024,0.07430645770365002,0.3099424902130668,24.0,0.24928231224074604,0.08388372704405306,0.30736942651024324,0.21374322856707403,0.09252437929362846,0.31376581219018707,97,96,0.5466666666666666,7.953333333333333,0,6,2026-04-06
0.22417768098071622,0.08688033767780867,0.3119345648635019,0.1414820270509803,0.23440469235446124,0.0908454582389615,0.3172725950943113,0.14790107219794987,0.2520517079112708,0.08998188108717432,0.33432007625767257,17.0,0.21404016378219853,0.08501077803299092,0.32296352341729473,21.5,0.220165286981677,0.10509352117512127,0.32037605570992167,0.23718025818666527,0.10215485682339731,0.3283692455161478,99,103,0.58,9.193333333333333,0,3,2026-04-06
0.22748505174591718,0.09160836580857877,0.32114255473693554,0.14531531329396855,0.21654198152760534,0.08583776021255894,0.3165552823702131,0.13639571695979613,0.23428848852600734,0.09212510685350964,0.2978571571750763,20.0,0.18302401978647953,0.08426454409803494,0.34194040847193147,24.0,0.23548035968652725,0.09560499298017482,0.30476375408118556,0.25563175433666835,0.0913114183356024,0.2937887675819958,99,92,0.5833333333333334,8.586666666666666,0,5,2026-04-06
0.22916281180042375,0.10170000605014604,0.3277646554543575,0.17042046309104122,0.22848422064203408,0.08786961657374003,0.33099170175118187,0.15164587182476183,0.2545928027742652,0.0818873252544828,0.2926719503195675,23.5,0.21485436423934406,0.08027119356801855,0.30668937184937495,22.0,0.24341207261213976,0.09141731753404414,0.32196926248204794,0.21811948959351182,0.10793789940372742,0.3156679388149284,99,110,0.6566666666666666,9.3,1,8,2026-04-07
0.21953194228349526,0.09009437551753886,0.3141377276840065,0.1409059506608594,0.21968752214829704,0.090433099322053,0.31530814389450534,0.152111491552634,0.23845433033569902,0.07160046683045465,0.31947660433167285,24.0,0.24295245575479588,0.07639139459599749,0.31671309401758996,24.0,0.22031104183159,0.08767560227023875,0.29868177015572794,0.2350190058940889,0.08044550803811641,0.3091136348036836,101,100,0.48,8.493333333333334,1,5,2026-04-07
0.20881184457955876,0.0841855952210762,0.31769424352291115,0.14201319321713207,0.22076683588212548,0.09639483465550795,0.3346090722808092,0.16048173322930145,0.2562288546542711,0.06997130959855719,0.29531147256921164,25.0,0.2497300144167115,0.08193960213559487,0.289714709739941,24.0,0.24323408581439007,0.09855184297238313,0.32832093752799163,0.23229344563253979,0.09455308243479,0.31189406809956344,101,102,0.45666666666666667,8.176666666666666,0,5,2026-04-07
0.22590764652508546,0.0852611317602547,0.31507107534790346,0.14076202659602918,0.23466860175719434,0.08651297783548152,0.3161551418020597,0.15698067302499033,0.23212851834689846,0.08935481956101698,0.303899389120693,24.0,0.2517698667423286,0.07203346343143847,0.30486357425477284,27.0,0.21394674389942053,0.08993115595033446,0.3127709613976354,0.232980839351288,0.08321970382638916,0.3183916699398023,94,90,0.4766666666666667,7.003333333333333,1,6,2026-04-07
0.21722445087348433,0.08611661854766965,0.3176954325485748,0.14586565147273486,0.2161206907641945,0.08575525739177287,0.31529961571968557,0.13781628417512426,0.26119027131248607,0.0857070634489091,0.3004867594139123,23.0,0.20957774785746547,0.08016335594257681,0.3045325867897241,25.0,0.22332293360383937,0.0848324267334793,0.3099175434744095,0.20532790919565302,0.09182865921514174,0.3182558629482718,98,97,0.56,8.093333333333334,1,7,2026-04-07
0.24388860951473498,0.09032138294272807,0.3127842343214138,0.15781933656764305,0.21755824651133918,0.08569851219591337,0.31981364499334053,0.1456169834444659,0.22138319468266557,0.09204544878661494,0.33453661295628817,25.0,0.20939634106237998,0.08430816039897479,0.30171604589395185,23.0,0.23007395403637815,0.10543130557799574,0.3110362107657746,0.22726842801374222,0.0819268987918797,0.2977292118054231,100,103,0.5033333333333333,8.373333333333333,0,9,2026-04-07
0.22942873470085282,0.08272438961289924,0.31816680135217534,0.1362048086250904,0.23209140872177633,0.08550535449808115,0.3104634324202036,0.13095369310403754,0.20992069186231277,0.0870226183989135,0.3179075510188653,22.0,0.20233730926294435,0.08051123942425042,0.31629192680778306,24.0,0.20062059167441257,0.10623315956614773,0.32786289655185435,0.21241096611959048,0.09749970188608348,0.3183717661162435,100,101,0.56,9.036666666666667,0,13,2026-04-07
0.22568823030024104,0.08980220589210629,0.3089594034783018,0.14510748741393803,0.23011066571928687,0.08447754912507277,0.3200599200347325,0.13825139528168512,0.20616591338067183,0.07214626916268901,0.31948290311893823,24.0,0.2217566804724095,0.08546384602892532,0.3179114758787902,26.0,0.21471314530057017,0.09621146767361825,0.32957448568211406,0.21084699900162474,0.0973754939936464,0.3023680517876651,100,100,0.5133333333333333,8.426666666666666,1,14,2026-04-08
0.2159765577592729,0.08301274167515145,0.3168707062404525,0.13012852876343758,0.23620084318737045,0.08727423509040204,0.319776823252097,0.14758152312235528,0.243669227654933,0.09185519822297093,0.29592247970264646,21.0,0.22722935400477823,0.08277860868213188,0.3147371533316361,24.0,0.22507195204625463,0.10307030306086679,0.29850107092348876,0.2349149981653976,0.1077501373058375,0.29669446484323814,96,95,0.5266666666666666,7.783333333333333,1,11,2026-04-08
0.23167081267746503,0.07601841473535871,0.3284712430947774,0.13491511984066704,0.2174861817489082,0.09275340633213372,0.3226518736153959,0.14665106386274587,0.21107873475513195,0.0737519755124594,0.34525163688636923,24.5,0.20443308428134294,0.10352240860555392,0.3135123651047715,22.0,0.2103089665911987,0.08817141062631371,0.3333161144209543,0.25250784517151853,0.09862627987760116,0.326149053904037,112,104,0.42,13.056666666666667,1,10,2026-04-08
0.24578536586967875,0.0895351444294539,0.3110364382266931,0.15780887345209768,0.2150112881412159,0.08507044720559537,0.3160315345602902,0.14198144579696867,0.24433053775607078,0.08838629904014059,0.3182565949757456,24.5,0.22621443302939845,0.09655530251837346,0.3038467221024943,24.0,0.22980310393387055,0.1054383182810097,0.31358548705427136,0.23029342588259943,0.08252881355346854,0.29794118733852926,100,103,0.44333333333333336,8.456666666666667,0,10,2026-04-08
0.21311885768054284,0.0892161409916514,0.31609270265073364,0.13180553622951882,0.2124447967717809,0.087319016686058,0.323311665628582,0.1457410516803497,0.21729866043659796,0.08430339158132494,0.32203779308432484,23.5,0.24454988630004582,0.0775497004944872,0.3248899790119104,25.0,0.21316943560607057,0.09020774924833608,0.3111163331399829,0.23232288831585987,0.08326017476134476,0.3169524220045775,94,90,0.5066666666666667,7.82,1,5,2026-04-08
0.20831585348826606,0.08606163337427912,0.3231178869843225,0.13018017570103296,0.20822739128583448,0.0884536937296389,0.3068662679776617,0.1436728266939829,0.23792425144814328,0.09224932538509109,0.3068260153257994,21.0,0.2177684731009273,0.07539587737406173,0.3193014674209794,24.0,0.24200936915598298,0.0855543259665646,0.3254036232764469,0.2249004321960472,0.07994300928628142,0.3121075758640415,97,96,0.6066666666666667,8.763333333333334,0,8,2026-04-08
0.21672573500781217,0.08697351578615743,0.31622043732672517,0.14409300070521108,0.20645245060812897,0.08447104081139073,0.3114156519069153,0.1405276407745529,0.21560828568594392,0.08657138018286786,0.32902920395531077,25.5,0.21544340905297815,0.08386565387504222,0.29097373657831715,24.0,0.22340672568259376,0.08324268636262161,0.3105415349950281,0.20423941228299058,0.09050302627678516,0.31686962803849683,98,97,0.46,8.796666666666667,0,9,2026-04-08
0.21953452726953857,0.08859644826059351,0.3130436361392887,0.14164934442269414,0.22709496349642785,0.09063913413355522,0.3127432329247724,0.1496778239429963,0.24731217695373614,0.09032413541782638,0.3255330888572259,24.0,0.2571000052180546,0.06805220896742528,0.2856296197074213,25.0,0.2199023222169199,0.08674750645133247,0.2977427461895602,0.2351034129488288,0.0804948015338582,0.3090845030338414,101,100,0.49333333333333335,7.406666666666666,1,3,2026-04-08
0.20451523308953207,0.08348237302623075,0.31801298029163744,0.12610078365060726,0.23293460737935837,0.09106142499185049,0.31908679597774237,0.14560366663239754,0.22878571577677864,0.08761565810282847,0.31923124140621406,24.0,0.2219709563830892,0.08813895750384221,0.29710322348265233,22.5,0.2266032925347734,0.10197677899993242,0.298876238036364,0.23281861577379437,0.10729051204061729,0.2920791023058684,96,95,0.5,7.416666666666667,1,9,2026-04-09
0.21294335960581473,0.08503044254727087,0.31162884909207605,0.12879275073114238,0.23234741563903263,0.07671331802350861,0.3241227415423068,0.1388490893204496,0.19714066270831399,0.08585700763516738,0.29986598195558395,22.5,0.23375771111540672,0.07935107756564519,0.305302264855565,17.0,0.25076084152555306,0.09339737260832252,0.29532100635590164,0.21001327885721982,0.08753413401282373,0.3308068238258497,96,95,0.57,8.096666666666666,1,10,2026-04-09
0.22107329366125708,0.097164352384715,0.3255648180066413,0.12866108541235938,0.22946336093934436,0.0807356187496136,0.32332280350622883,0.13538145447796415,0.2512678137926345,0.09354410441313372,0.3166971357588403,17.0,0.1978928635214158,0.08247704538853357,0.32696480734611916,25.0,0.23769189427725979,0.09654547960175675,0.3028345071613283,0.2013061952527097,0.10986809857195304,0.32545066012724344,98,102,0.6266666666666667,9.066666666666666,0,10,2026-04-10
0.2134201800828243,0.08909007514959592,0.32575289755434456,0.14155867930359634,0.20925885708165357,0.08303219104465662,0.30964077546524377,0.1308488932306445,0.2633841974773339,0.07648043545395945,0.326414134602653,24.5,0.23964653773145145,0.08644228899602246,0.301526287295529,23.0,0.23266910021302095,0.08248595548849397,0.3189588567588014,0.2045663492264811,0.08957801442716547,0.3142692201346744,101,106,0.5833333333333334,9.12,0,9,2026-04-10
0.22113271741180618,0.08653864430727948,0.3192460642347944,0.13991097893686677,0.22676730217976201,0.08652818663867667,0.33350149213470864,0.14243388600945914,0.19953859493515133,0.09085813491793723,0.2920576779142878,24.0,0.2255567708176538,0.08506672198902665,0.32144406853585406,21.5,0.2196200487460902,0.08357068515235247,0.312396210927516,0.22163688738431495,0.1068375335934744,0.3156757799522384,98,97,0.54,8.676666666666666,0,4,2026-04-10
0.21587353813969465,0.0875588338628934,0.3177109071665589,0.13473811859239465,0.23128546168353814,0.08275897688044458,0.3217100158710114,0.1270526569427748,0.19809140568944605,0.10060731465533636,0.3149025010931691,23.5,0.19814017969109127,0.07261017804783201,0.3125024531152002,24.0,0.25109332891724523,0.09316212516664626,0.29294021597762776,0.20747979853022241,0.08929546279838649,0.32805592649173054,96,95,0.5733333333333334,8.826666666666666,1,7,2026-04-10
0.20859823490566043,0.08018907810076555,0.31974469351834234,0.13148448691608952,0.22270111385306762,0.09074767486567942,0.3172668692550345,0.15738476796485534,0.21564717785222426,0.07378105412739983,0.30679490846689883,20.0,0.20803609477549767,0.09973193850520042,0.3021725472559691,24.0,0.2418528984587683,0.08523159796921317,0.32525227470055385,0.2447151676134063,0.09199903181991798,0.31929605928615634,97,96,0.52,8.423333333333334,1,8,2026-04-10
0.22996328384068723,0.0945200184478349,0.31505402506031377,0.1489106622626687,0.20811282500697464,0.09147991867022989,0.3189423166433492,0.13490493207971893,0.22677799230566317,0.07366601117430226,0.3141661221545795,24.0,0.23190896106371361,0.10080548225477043,0.32636196811203155,22.0,0.23167973444418494,0.0813610283303371,0.3066683922484461,0.2486013547611789,0.10619729910108283,0.3277599090369537,95,96,0.57,8.02,1,15,2026-04-11
0.2173750980778111,0.08929059181074678,0.31175610786619945,0.13990309465936251,0.2246783025175808,0.08631908594951337,0.332722237382524,0.1411700760090805,0.23633081899319647,0.09766007074055405,0.31291647600455264,23.0,0.22935762209614957,0.10300720580579042,0.31560294818015966,22.0,0.21791350401213844,0.08259500615771583,0.3120891939737491,0.22331332098008216,0.10507381596723085,0.31659006558681435,98,97,0.5166666666666667,8.84,0,17,2026-04-11
0.21696297848422413,0.085278961341613,0.3170570851687817,0.13441923960937088,0.23234313638050846,0.07678796477376536,0.3223988325937353,0.13327287820287104,0.18350894727079572,0.08286769479448446,0.3426999697220038,24.0,0.21150625118804045,0.08786198385639393,0.3125411026804056,25.0,0.250767114618861,0.09291903502488849,0.2951019144644633,0.20722286527107522,0.09077562262881757,0.32820285601527815,96,95,0.5866666666666667,8.273333333333333,1,14,2026-04-11
0.2338434378704777,0.08478997336646021,0.3184484989522618,0.13988672695827847,0.20874047787241654,0.08376207372134276,0.316963814401503,0.12415371841912186,0.22985149446983305,0.0778181829403134,0.33238233212921925,24.0,0.19984097041713858,0.0639482608082681,0.3137108398568064,23.5,0.21081586398094504,0.10039520248662478,0.3007706187458101,0.2288022793411536,0.1007497500042301,0.29812679513354845,97,95,0.5533333333333333,8.246666666666666,1,7,2026-04-11
0.22981848484726466,0.0901389318743922,0.31809090434293236,0.1493003051546107,0.236188204584421,0.08863366304177293,0.31702078399615846,0.15569890681494464,0.21333654316560807,0.0851714675821219,0.3054399667857344,24.0,0.2253399978460101,0.10142863393869868,0.314922465238029,17.0,0.2333356813260147,0.11035419242246217,0.29465835083288355,0.2299988648092364,0.10726303531778429,0.312669583284498,104,118,0.62,9.583333333333334,1,10,2026-04-11
0.24096106330451356,0.08772818856454181,0.31650158302102416,0.14444609740057168,0.21355334122449462,0.08889561189597554,0.317600305546354,0.13157758655423607,0.21245048933442873,0.08596317700888179,0.3259816320340651,24.0,0.23043287725647094,0.07297420884004177,0.32609757122572613,26.0,0.2384053292527517,0.10380879582694082,0.3201896150954988,0.2134588252466996,0.09090595815728636,0.3091416769068811,101,103,0.5466666666666666,9.163333333333334,1,8,2026-04-11
0.20998732121461466,0.08943666413833548,0.3157728209129509,0.13413495344320067,0.2251493956452993,0.10780829135218392,0.31555116560967833,0.16028728032443185,0.220777840950821,0.07398737572052348,0.2926555414943328,21.0,0.2590982609664209,0.07863676521370067,0.29616671874686823,23.0,0.24228268112913143,0.08595281822937662,0.32266521558449246,0.24258511457650964,0.09232992386700695,0.32235983088468845,97,96,0.52,7.23,1,9,2026-04-12
0.2307864212296484,0.09211251939205088,0.3189313034535618,0.148193965901263,0.23506795043885542,0.09021822189478114,0.31419005358679897,0.1526942108684496,0.2129598995619537,0.07633370513452012,0.3196591929151,24.5,0.22977634767013555,0.09500840408683688,0.29507021479780465,24.5,0.2330072755647973,0.11128427510891273,0.29277021760049826,0.2285502384596773,0.10860527020480575,0.31128545845683414,104,118,0.53,9.543333333333333,0,15,2026-04-12
0.20988954970680904,0.09575347237365954,0.32185003590824923,0.14163175999692487,0.2267929203288942,0.08744283550455895,0.30934729580357057,0.14414855201080562,0.2571331070396805,0.08043123476360464,0.2927397708527588,24.0,0.22150738008331494,0.07909602090465631,0.3140343588004586,25.0,0.227361138410771,0.08561584734781877,0.2992420845219392,0.25205100986087753,0.08589348927219806,0.31285702183889186,100,101,0.6333333333333333,8.306666666666667,1,14,2026-04-12
0.21223930076981887,0.08162795550216151,0.3081528453572619,0.1335981974625779,0.2295606841859186,0.08870944534949053,0.3352038396154548,0.1438892507457624,0.25923957296308986,0.08822651249971361,0.2959402577307666,23.0,0.21789241881125243,0.08617649171248487,0.2998946633392834,22.5,0.21957029644401221,0.08257654253472783,0.313602650310442,0.22436176427981316,0.10447876360900807,0.3160803636666373,98,97,0.5333333333333333,7.79,0,1,2026-04-12
0.2161482679260774,0.0891326516445317,0.3215870154827681,0.14533443255748685,0.22265192187121668,0.08516523094707229,0.3074821100807265,0.13219303532801863,0.2183005614304824,0.09061414466926368,0.30676663582409813,22.0,0.2098822796632891,0.08478473161114677,0.30583346747031,25.0,0.23205898397661334,0.08113354232138076,0.31526361193569963,0.2107360532763487,0.08912353847996837,0.31419513726521753,101,106,0.6166666666666667,8.73,0,7,2026-04-12
0.22317401719798413,0.10099267276556508,0.33261817985572706,0.15592347321218208,0.21841828921447282,0.0860042213925882,0.31505374587291574,0.13989848310666855,0.21969776826558762,0.09286625393922374,0.311973443529583,22.0,0.2551409164917287,0.07001685726375402,0.2947259187490666,23.0,0.23655534496367303,0.09707895023221957,0.31306175824127,0.21903125364588039,0.08660569272931418,0.3021416373162227,99,105,0.5766666666666667,8.03,0,7,2026-04-12
0.225305811869051,0.09074205870606025,0.31385762018982033,0.15708859677596182,0.23768933461450178,0.09260257596709068,0.31189661939656554,0.15320774446630328,0.22610009018822474,0.08576971479023329,0.31921652672132417,23.0,0.22666130798578113,0.09180269356608917,0.33957263796690884,25.0,0.24058045511886098,0.09125164357721299,0.3225829653486109,0.2273939625488176,0.11019298151748019,0.31269252753955434,99,110,0.6333333333333333,9.653333333333334,1,21,2026-04-13
0.2404220889475735,0.08906659252192063,0.3204987146605036,0.1448160993166777,0.2213764900712079,0.0844967029422983,0.3147301220801661,0.13322608849103568,0.21521130644447395,0.07778552987889646,0.3096634263007825,25.0,0.21455675957680448,0.08034458155211946,0.2894521727918632,24.0,0.23857332340648274,0.10187641569257629,0.3191135982412963,0.21068038531196437,0.08891825688567306,0.312716398521815,101,103,0.5066666666666667,8.15,1,16,2026-04-13
0.221074228307262,0.09257483860527418,0.3113059091374299,0.14092727208121855,0.23073728283995276,0.08370299766421647,0.32217621246083183,0.13381740307211543,0.1996288803495191,0.07125259066303669,0.31417558275986934,24.0,0.2599151341756083,0.0692836685235851,0.30838835825217215,27.0,0.20961934255499773,0.0926459870306358,0.33404731530171294,0.2250915763909438,0.09901964495540595,0.2938343911481398,100,100,0.41333333333333333,8.393333333333333,1,19,2026-04-13
0.22333054036490152,0.0971484076900104,0.31348209243198527,0.14823405211108928,0.21298015238291754,0.09105860472182532,0.31808881430687047,0.13748286408650234,0.2366720893311285,0.07269621655362796,0.31180706331199426,24.0,0.2244704851552114,0.08375818170279915,0.33277135188710305,21.0,0.23129622999989558,0.08189939671445826,0.3084246666253167,0.24677240456982663,0.11003878880423186,0.32537252582340737,95,96,0.6066666666666667,7.926666666666667,1,8,2026-04-13
0.2168830144109706,0.0892335999228504,0.32713815157110887,0.14224101537517886,0.22851803080192135,0.09149405785499645,0.31626432983876185,0.1454098780668387,0.2505119923666719,0.06996390053737911,0.3171081583009622,27.0,0.20721523414739812,0.087893147981469,0.2930569490149214,21.0,0.2350791346689288,0.08088744548319934,0.3161514383784768,0.23014383621662501,0.0796026112565118,0.3105940898083892,101,106,0.6,8.693333333333333,1,20,2026-04-13
0.22474389423391206,0.08683621256728137,0.33561148043372335,0.14279251003305057,0.21871647216610904,0.08871894497902083,0.31690505212157,0.1390312544112437,0.2138788094631322,0.09643365060613696,0.3145389082953418,25.0,0.23986747886582124,0.07265836100900949,0.3199885736923303,24.0,0.2240309190595197,0.10425899319293477,0.3130795363451699,0.21895307752905743,0.08807047367577892,0.301716364909184,96,96,0.52,8.113333333333333,0,9,2026-04-13
0.23404311814129086,0.08901845882817984,0.3113957508466743,0.14955452598585162,0.2100549379449706,0.0895298784262205,0.3191860560448055,0.13112572004500633,0.22467914166736885,0.08056877840010304,0.33025500171826017,24.0,0.23322858826099419,0.09137411179132321,0.3000679537076035,24.0,0.22930024614360062,0.11476285102257605,0.2890533519733872,0.21577200864369836,0.09230880577687242,0.3150826635322066,104,118,0.5066666666666667,10.236666666666666,1,3,2026-04-14
0.21877815478356574,0.08885964070222069,0.31132492989003674,0.15560842559997173,0.22418121806749505,0.08605272021002022,0.3229161141383565,0.12941880053203295,0.21919588982749177,0.10025835034295676,0.33867746533407755,21.0,0.22897390865880687,0.06845565677286553,0.3210885320937057,25.0,0.209608090495946,0.0940795598920061,0.33453972014488675,0.22402172126329828,0.09876669020593354,0.29018261814871216,100,100,0.4533333333333333,9.193333333333333,1,6,2026-04-14
0.2071544688612534,0.09230032849516945,0.32547346907344665,0.1398467332559798,0.20329238647301143,0.08184429233643851,0.31810459082557807,0.12194300181150636,0.21731476649186127,0.08642966656905111,0.29789306555442113,22.5,0.22461682947449335,0.0911264516182318,0.31424622054286255,24.0,0.2267422381988966,0.08376684891672029,0.30627002158279704,0.23066335030477403,0.10298341545235792,0.29589190016624056,100,101,0.6166666666666667,8.783333333333333,1,11,2026-04-14
0.21134564322961388,0.09033330930712402,0.3161817441600686,0.14039307094527753,0.21663664483243897,0.09449345547455638,0.3184936254573757,0.14929446358489953,0.22316688237971136,0.09301194444887545,0.30557363932104487,22.5,0.24900949205737566,0.06980351887233369,0.28575431191048545,25.0,0.25291771316268913,0.09300751094825971,0.2953141281647395,0.23021095966323096,0.0824359426849871,0.3070007216757953,96,95,0.5333333333333333,7.14,1,5,2026-04-14
0.22537431543264275,0.09353926880598526,0.3257089717440015,0.14040720572147214,0.22785860602885688,0.08252327599936185,0.3218826515045561,0.13352628276765355,0.2602334386670303,0.1011391388093847,0.3528313985423519,22.0,0.1990715953767342,0.08817402780405696,0.3225126563446924,24.5,0.2344384609810795,0.09795292999890642,0.3101616788458419,0.20051561147181515,0.10999630264058585,0.3235200049974841,99,92,0.5233333333333333,9.913333333333334,1,2,2026-04-15
0.20692024494153097,0.0913003805280776,0.32546316345262416,0.13851073449110973,0.21234711433586834,0.08618493931446142,0.3197760847110158,0.1235533764987588,0.2139396148040449,0.0797501341720559,0.31726052158940216,26.0,0.19987203403398435,0.07296602328763198,0.3238173775086575,22.0,0.22803992100775622,0.08264051720904012,0.307076284206488,0.22962497448740188,0.10170158365913887,0.2965828941923371,100,101,0.5933333333333334,9.31,1,9,2026-04-15
0.2368632982554456,0.08923523917308819,0.3194084376818008,0.14706717525832289,0.22333769314233085,0.08308925627822829,0.3166673066150214,0.13654484217417115,0.2511760808480786,0.09622962376615922,0.331097359662078,22.0,0.20391800436688884,0.08662935510357432,0.3174478164122798,25.0,0.2397190550949108,0.10018238432740927,0.3172605485701431,0.2084022642122042,0.09017780277961851,0.3131104049579859,101,103,0.6066666666666667,9.473333333333333,0,13,2026-04-15
0.2260246396397264,0.08817860006892082,0.3029729909244371,0.13825845706575757,0.20854671112934697,0.09138236585932057,0.30236348822155484,0.1416218253365866,0.21101364250122406,0.0843751344501418,0.33462385780268156,25.0,0.2108237519360808,0.07512669055808172,0.307114254070343,24.0,0.21142260716810715,0.09718545007570795,0.31102906107351863,0.24683326440914186,0.08543365000201773,0.31589332264118575,98,96,0.45,7.95,1,8,2026-04-15
0.2341156105073291,0.09027561243864995,0.3107419056245803,0.13529452084938565,0.20999398604129194,0.08284739937832361,0.3139948149667746,0.1311927767173075,0.2430577916516069,0.08551039484591443,0.31513476522923356,20.0,0.21636528132041793,0.09049569317835826,0.29885346181559685,22.0,0.23431078074538178,0.09705970800682845,0.30473799484245306,0.2005370092779734,0.10915483323798217,0.32189693567792305,99,92,0.5533333333333333,8.306666666666667,0,15,2026-04-16
0.21245697811617179,0.09079527790994298,0.32463059956861723,0.1391320150538914,0.2342563526608574,0.08050672134204766,0.32534505145928794,0.13528617489076417,0.23103451009029857,0.09172536919541455,0.3449157989823536,22.0,0.22096892972113505,0.09347062309065791,0.3205315656629685,22.0,0.24723391106298193,0.10991226575523165,0.3230955797332254,0.20389262012524634,0.09323947331609267,0.32557366752729144,99,101,0.5966666666666667,9.453333333333333,0,5,2026-04-16
0.22419131693796931,0.08802227602923934,0.33542565000955826,0.14173309249889116,0.21932440134169273,0.09422720647410171,0.29827954621133607,0.1438102891289799,0.21220257894604155,0.08236627280247602,0.2961913410937296,22.0,0.20545694913529816,0.08205976612484181,0.30865507405935066,24.0,0.22386785032705372,0.1060503031795438,0.31514426224305947,0.2191214333775509,0.10819761894291385,0.32100448854350594,96,96,0.6466666666666666,7.96,0,11,2026-04-17
0.20789186785048458,0.09299381781670155,0.31810452591066135,0.14697818054186365,0.22254662437434813,0.08290408334590499,0.3107197436849651,0.1368993994591981,0.23346935416493134,0.09142153046314822,0.30271388855658266,23.0,0.2335721328505753,0.09882743557648754,0.3279392913593372,23.0,0.22640306975812002,0.07888961705069858,0.3092677063601955,0.22285706237127872,0.08288110703759702,0.31776333273480417,100,101,0.6466666666666666,8.756666666666666,1,16,2026-04-17
0.23139795763207127,0.08564421005859828,0.3151146058121141,0.14904995858892198,0.20711203165549513,0.09064122469563951,0.32492444761090034,0.1396935934354359,0.19276686578188162,0.08478688146715896,0.3298926437621519,23.0,0.20130910234599825,0.08641952090580149,0.2862570412488117,22.0,0.23553341121036364,0.08299752549305209,0.3207928175699321,0.2289991264013373,0.08314483271603887,0.3084920338631611,101,106,0.4666666666666667,9.393333333333333,0,9,2026-04-17
0.2314847684321031,0.08380725628925685,0.3159929148241178,0.13109272834750238,0.22573668615697498,0.09887337288132678,0.3338067222850791,0.16072663609198032,0.19508259799011896,0.07015444034203772,0.30738161691013444,24.0,0.253992341009054,0.09030309308190144,0.29515289516726484,24.0,0.20314593483672408,0.09519035647417393,0.32375864094536344,0.2391002047829554,0.09785294313670989,0.31487767372976105,112,104,0.3333333333333333,11.213333333333333,0,8,2026-04-17
0.21838231163746993,0.09484484932779486,0.3187208415081033,0.14704765294986955,0.2195944154954493,0.09282109128405568,0.3175319688651177,0.14541793324072447,0.2600420154547467,0.07037413379685631,0.3204144981921378,23.0,0.2594011615406141,0.07283652510072029,0.2954302143444866,23.0,0.22820168376347577,0.0810984459443493,0.31230257667987676,0.21922659763297303,0.08840365426547005,0.3034859987087413,95,96,0.5366666666666666,6.786666666666667,0,5,2026-04-17
0.22749312153814227,0.08433898823916255,0.3226405147959596,0.13064778774182034,0.22026442481687747,0.091450724695108,0.3198990641631461,0.13534492315657848,0.2256845939905428,0.07684203872369455,0.327410361194854,26.0,0.22771871402253324,0.0767013594256598,0.3324149703088385,24.0,0.2262960243388045,0.0990005168000343,0.28952517729418603,0.2087396924692993,0.09822838844717213,0.30261884615251833,108,97,0.56,10.1,1,1,2026-04-17
0.23082811341010398,0.09120790844156658,0.31664036819274766,0.162564552214459,0.20793632741989462,0.08970797220661135,0.31414239379220893,0.12955157219399566,0.22971543790254279,0.08514356990755678,0.31919478799982876,23.0,0.21482917740638152,0.08310329567681796,0.30080722398207704,24.0,0.23323978885522936,0.09318785861361654,0.32659291078911123,0.21330576120278694,0.09553242115195854,0.31552646072224444,99,110,0.6066666666666667,9.413333333333334,1,17,2026-04-18
0.21751794267240296,0.09349549508104407,0.3127254132510801,0.1437922875979765,0.23315674994833507,0.09449004389539163,0.3148745724184453,0.1514740025217149,0.2357233954700763,0.0893730179649691,0.31849296483987893,24.0,0.20818702334436612,0.07746321252053295,0.3271139388312141,24.0,0.21007665134873943,0.09390095714291946,0.3321030484519041,0.23012077445535623,0.11332793769355455,0.29052055805086063,100,100,0.5566666666666666,8.983333333333333,0,9,2026-04-18
0.2107143256423062,0.09535889657220141,0.3055589848994796,0.14171980865374997,0.23594728592449085,0.09393876170666572,0.31688466199201304,0.14921043699788938,0.24800575249180082,0.11269303656948024,0.2911404408915672,24.0,0.22469230223944114,0.07448894460755365,0.31684237353387823,25.0,0.24545483398542844,0.08669626553839052,0.31862570940496365,0.2411875718349233,0.09967265278720569,0.31850458132306003,97,96,0.5166666666666667,7.316666666666666,1,6,2026-04-18
0.214370275671035,0.08239015522354279,0.31323169727011657,0.13857477897080728,0.20164233256276828,0.08095277182704165,0.3089020551160617,0.1241716780497834,0.20511265846111126,0.08344109859906015,0.31121261304263925,25.0,0.2220650411177666,0.08151357613454205,0.3272257847549933,22.5,0.20982963426123163,0.08834990240157777,0.31281927337266646,0.24717822819361232,0.09845645568176611,0.32361243316468846,103,102,0.5433333333333333,9.166666666666666,1,8,2026-04-18
0.21067944525067953,0.09233038621660801,0.3207220977341672,0.1483496880697714,0.2232767508464694,0.08361609495085606,0.31476463134801175,0.13773791356289403,0.21531857602607601,0.07738703642080816,0.3011755059538364,23.0,0.25776283994393073,0.090040797082483,0.294074501142456,23.0,0.22572952997605067,0.07806815342957521,0.3123967979323812,0.2210100981465637,0.08227561741650771,0.3195006513122654,100,101,0.57,8.243333333333334,1,6,2026-04-18
0.22878891949219224,0.08614085058716633,0.32066323770968946,0.13334055052145985,0.22161867075861413,0.10303890849589051,0.3288624315719288,0.154510013125811,0.20425620245799453,0.07409986594032567,0.34631136585018935,24.5,0.2232502073869682,0.10241526060965549,0.31827912687723287,22.5,0.2039974506268053,0.09403840911020886,0.3230304107304084,0.24022207146026064,0.09729151597727997,0.3136717133386663,112,104,0.44,12.426666666666666,1,15,2026-04-19
0.22821975241292622,0.09336105466637068,0.3056305033012625,0.14402372132860558,0.21988781043941985,0.09333927066444245,0.32003026502867576,0.1435903201614301,0.24036563532697175,0.06849924552700826,0.28822094632206424,25.0,0.2523234810655667,0.10023748859611567,0.3187707384700966,24.0,0.22699955315473908,0.08442126329493432,0.3167982156368343,0.22081411561944136,0.0906655398899765,0.3034098553246701,95,96,0.5166666666666667,7.233333333333333,1,7,2026-04-19
0.222645423851081,0.08272775567594105,0.3125594059913762,0.12854155789693983,0.2227604826896872,0.09197327478416652,0.31473183500844476,0.13932942227114614,0.251687259652667,0.07206704911665332,0.3167248652709327,27.0,0.20879110366846576,0.08453367476154987,0.31351888615771095,26.0,0.22555173373708307,0.09853599510183371,0.2882403522853531,0.20828193605364081,0.09816927109303612,0.2992830344595781,108,97,0.5533333333333333,9.513333333333334,0,8,2026-04-19
0.20969807250320557,0.09441133208867711,0.3172850264086961,0.1446389180039298,0.21500181660499532,0.08797576261154225,0.3191748607092364,0.14430120935362808,0.21293327084171218,0.07394983952514628,0.3066987683017357,23.5,0.23576909001897756,0.07758906063655416,0.3280881775945154,25.0,0.2279196558891203,0.07722412084052281,0.31135672156089034,0.23294356177403985,0.08541866355826884,0.3182722193269726,100,101,0.5533333333333333,9.033333333333333,1,6,2026-04-20
0.20851537382381213,0.09558833108424347,0.3007056997937198,0.14302722364424186,0.21226585646339788,0.09440974669004273,0.31438223304409896,0.14491286437275253,0.21040882488654244,0.08253661446804625,0.3058689562562376,24.0,0.23173025367008349,0.09946836880497087,0.3064317896282578,23.5,0.2501488449753543,0.08584334446198799,0.31556513341150394,0.24354704975790076,0.10846276655493778,0.32181860273839025,97,96,0.5766666666666667,8.14,0,11,2026-04-20
0.23446439884651507,0.0830721438369044,0.3237027931314535,0.13096933413067094,0.22460319835878145,0.08859142699057758,0.3246021064452743,0.1551895317893507,0.19480100314000737,0.1011391140257333,0.3008855735416276,24.0,0.2149839474897482,0.08238273681222102,0.2932779608621683,26.5,0.20367851493331807,0.09317707913373856,0.32599471434085825,0.23880460095083633,0.09643123532248513,0.3180092347067846,112,104,0.45,11.17,0,15,2026-04-20
0.22913983793260537,0.08705074921855599,0.3198637884606265,0.13202904151890626,0.22393913233810503,0.08766588982742149,0.31999545612217256,0.13700019035844743,0.22105239475885669,0.06797069221546595,0.32747149381280327,25.0,0.2420267144901395,0.09788268209727805,0.3141442077240474,23.0,0.22271960119371575,0.09835442905147691,0.2890190339165394,0.2086547446848423,0.09809270756512925,0.29996442852997773,108,97,0.5033333333333333,10.316666666666666,1,14,2026-04-20
0.21580506384718343,0.0833670336761395,0.3246080122030366,0.12491416464444138,0.22572440922602233,0.09077833241353234,0.30780173146367945,0.13450919693141486,0.22496991040728181,0.08886728746303163,0.31575708314093653,24.0,0.18732096594062378,0.06884354466863424,0.29729346764423437,24.5,0.22994938675361848,0.10438640297466577,0.2952045226365697,0.21189690415126303,0.09927225867546638,0.30935473356623655,96,95,0.6,7.97,1,8,2026-04-20
0.23843355103200206,0.09310812754395797,0.31459898525461727,0.15909431958411413,0.2102660233910824,0.08827087215842572,0.3224266737465975,0.131897318743332,0.24702109064061673,0.08369373030687155,0.31268389469680946,24.5,0.2698847137299424,0.10095785358228135,0.3241100754503848,24.0,0.22640137592224335,0.10995342934593978,0.3156456290885392,0.24548711453454422,0.09768460140481747,0.3241725120403658,100,103,0.5166666666666667,8.746666666666666,0,7,2026-04-20
0.23832257831317222,0.08224462340717811,0.3275509764975648,0.1381254036644965,0.21012721741737997,0.08991742904879037,0.31630683331886966,0.13184159742139628,0.22455638313303436,0.08126842750078,0.3014529739712917,17.0,0.2074226495802998,0.08644609110170776,0.3114568885888168,22.5,0.20477089598048107,0.09397463682460003,0.3289678922547441,0.25412996449923453,0.09476583971733518,0.2938402381759941,112,104,0.44666666666666666,10.866666666666667,0,1,2026-04-21
0.22921995938869447,0.093711875915743,0.3173216360608653,0.1551417542269426,0.20678893797898132,0.08060848987931209,0.31499531626099625,0.1311470617630922,0.19069578663268438,0.10828164703834708,0.3062199500840944,24.0,0.21800845846920275,0.0832247966383968,0.319575439167078,22.5,0.22486795394154435,0.10958116916964422,0.3151857342844691,0.24724988828411687,0.09745722103482689,0.3224932216371208,100,103,0.5366666666666666,9.36,0,6,2026-04-21
0.21038967562126804,0.0818211571251657,0.3117689442477198,0.13700373333863997,0.22284561389105587,0.09504626678680168,0.3012049416922793,0.15330679303011768,0.21659604178331154,0.08088116565844049,0.30806939799397076,24.0,0.22141375520142842,0.09079552860137677,0.3187375781783921,22.0,0.20892283231112857,0.08740336014408731,0.31056659194833885,0.21637978786153395,0.11076634744112501,0.32104392622543576,103,102,0.59,9.27,0,16,2026-04-21
0.2239457051395743,0.08655294853710611,0.31845059786182656,0.1298094474975724,0.22961789384120823,0.09303193199356692,0.3158054469219006,0.16890212930948448,0.2371043480688807,0.09240387977431899,0.3068941686466322,22.0,0.20333541550236606,0.10279385416654799,0.2993844861267904,24.0,0.22069583403420043,0.09865194202228192,0.28974973403132165,0.23160946740111388,0.09360570782561133,0.32493015136103265,108,97,0.5533333333333333,10.266666666666667,0,4,2026-04-21
0.22709709935665717,0.09059336104998933,0.3082791702967649,0.14647946885095198,0.21711138402646904,0.08973290425849968,0.3322684111795723,0.14392315568472158,0.214987003128999,0.07596484592339818,0.3268243188252803,24.0,0.22797362046951963,0.10849727946023704,0.3183491571782332,23.0,0.22650480416477473,0.08418642653109795,0.31784973810770634,0.2244949655350949,0.10641041305748224,0.31169327016965814,95,96,0.5,8.51,0,7,2026-04-21
0.22384493809776684,0.09335100931081752,0.3180751909127676,0.14803837301546618,0.21949201297279103,0.08671384771337974,0.30644484579455467,0.15140712055605382,0.23387305107174888,0.07647443003424484,0.3121342130777777,24.0,0.22719090103679798,0.08367656659979701,0.31875512158775715,22.0,0.22535055453727826,0.07946866448165005,0.3094912625936319,0.23183519216981785,0.08875267577116014,0.3200633183372274,100,101,0.6333333333333333,9.136666666666667,1,9,2026-04-22
0.2102711608942628,0.08531555756133125,0.31420807622916497,0.12505133576555277,0.23460736845602556,0.09504433058032706,0.31925985620583774,0.1515229461980515,0.19072995789382013,0.07810960014425833,0.30266324232874586,24.0,0.20215162760842542,0.1027860188532343,0.2944602840372124,23.5,0.23602765616979476,0.09442677473185579,0.31667385530208786,0.23190373891169647,0.11687070560139343,0.29149000790806157,97,96,0.5766666666666667,8.07,1,7,2026-04-22
0.2016665254673877,0.08805464774195082,0.3141640508867567,0.12099133396651579,0.232058529835785,0.08672906624371071,0.3005915153849722,0.133438589584976,0.1951794177360061,0.06746954723900268,0.3114766622251653,23.5,0.2089650289026333,0.08696998621147198,0.31980026511026416,23.0,0.23278362403323505,0.10309996230177336,0.2943429180270772,0.21083549075700297,0.102632615894062,0.3068697896558479,96,95,0.5933333333333334,7.633333333333334,1,5,2026-04-22
0.2052313970375984,0.08255726216206842,0.3193627355663655,0.13849717749911777,0.22825109128869903,0.08746243808721686,0.31768249674447235,0.14770732364547653,0.20125936284836676,0.08965287234161512,0.31685287853728045,25.0,0.2093958247875526,0.09479184803764533,0.28864919082400103,23.5,0.2076256429074634,0.08836212573274238,0.3100916541998164,0.2156542250072249,0.11354620931302728,0.32097289425930997,103,102,0.5633333333333334,9.733333333333333,1,18,2026-04-22
0.227572424338227,0.08534189476747638,0.32060140149659866,0.12753429792120988,0.20944409048548518,0.08790261828726345,0.31408476436676624,0.1279134102860554,0.20910418463528005,0.08890527613271314,0.3200115906071712,24.5,0.21694020589602792,0.08972497518769101,0.32872256593950455,24.0,0.20816430438616804,0.09321650124636353,0.32718827596219385,0.25362538965345616,0.09333919909903879,0.2953316345378191,112,104,0.47,11.81,0,18,2026-04-23
0.22330291850919862,0.08201973662063247,0.31590159223269143,0.12910743914267084,0.23332884839370008,0.09573614602898356,0.3141927537191249,0.1735626290881533,0.22482352234675285,0.09146094373338867,0.32038594701212364,18.0,0.260603714609398,0.07810850377970041,0.3005713790308088,24.0,0.22407738276603612,0.09684150143531461,0.2908173901794686,0.23025245109626366,0.0924438672343676,0.32464914128645284,108,97,0.44333333333333336,9.483333333333333,0,6,2026-04-23
0.21636057195304476,0.09711524957205192,0.3253692599009721,0.14800216775368494,0.2122813641698818,0.09169884279204717,0.32490307855596223,0.1435874184693725,0.22679610098161157,0.0912523641056171,0.3086221707272562,23.5,0.25418696541227553,0.07167676831545414,0.32192966905007203,27.0,0.22799282773749058,0.07831330649072595,0.3105030156011288,0.23045610045143672,0.08706340106956512,0.3238993419426861,100,101,0.5766666666666667,9.083333333333334,1,15,2026-04-23
0.2136787693441585,0.10149430752829658,0.324682751106562,0.12369036512024291,0.22670050443483333,0.09434890954982636,0.31921897467219223,0.14020677181085958,0.23873412592672785,0.07226525608306757,0.29401693608059987,22.0,0.2567857421412237,0.07449395935622197,0.29164323767976896,24.0,0.2259397316236933,0.09544542686696053,0.3192506541021605,0.23271470862684013,0.09748051861002148,0.30717902678291287,98,102,0.49,7.533333333333333,0,6,2026-04-24
0.20986313227905345,0.08995733484588325,0.31963923377613496,0.1420549694445484,0.21504474684529531,0.08886605918560812,0.3234554634967428,0.14517997640767566,0.2216625947103208,0.09679632122201029,0.2989543138191962,24.0,0.22799745070564603,0.07980829027037402,0.32850974785394915,22.0,0.23010079478503223,0.08804024120774274,0.2992654831761218,0.2290969152457164,0.08778022960151796,0.3249681296575174,100,101,0.5633333333333334,8.613333333333333,1,8,2026-04-24
0.2314578797698177,0.09209967199531449,0.30861572983001695,0.1439956132670718,0.22204280201988183,0.09744142089173932,0.32172493642720545,0.13538675646836218,0.2063702005212018,0.08017442180712506,0.32886146099474967,24.5,0.2111202644144367,0.08544466053759046,0.3091298726714794,26.0,0.23024185512362216,0.11558448936680113,0.28991899229892404,0.20327222399592565,0.09861685488264041,0.3102858225496304,104,118,0.5133333333333333,9.736666666666666,1,17,2026-04-24
0.20699923486324373,0.09301127947764021,0.3136577772676541,0.1452654615358654,0.23219683439300162,0.10777215406549777,0.325669530505195,0.1717025476347345,0.22508910322947379,0.10242404652844697,0.326085290670918,22.0,0.23906337026818797,0.08117190566064994,0.3208223826427749,23.0,0.2404318733898852,0.10922670214764421,0.321330728153835,0.229703452620858,0.09218722780803418,0.32351763557635094,99,101,0.49,10.383333333333333,0,16,2026-04-24
0.20968070215526094,0.08795680683138067,0.31876362504720823,0.14414803524727707,0.21388249154994324,0.08741497699271443,0.31842224554837695,0.14675749295959906,0.21764825896996912,0.07940773274292126,0.309647281769733,26.0,0.2609472154987055,0.0770156745259012,0.30973766731018015,26.0,0.228406646563254,0.08775211583746971,0.2986620897074286,0.2276346850108314,0.08768773507014732,0.3227199354236498,100,101,0.5933333333333334,8.143333333333333,0,13,2026-04-25
0.209928107861571,0.08483425547464059,0.31624694404458914,0.1290291368197315,0.21331031585850385,0.08830960245711851,0.30389882369563,0.12554573988959722,0.23617268896668883,0.09287686931132433,0.29951543010456916,24.0,0.23956890052213517,0.09013255839383169,0.3053051789646365,21.0,0.22026105555351905,0.0941210492026897,0.3034595385032951,0.23452068943779159,0.10235393646901489,0.29477141248135547,94,90,0.5066666666666667,6.97,1,8,2026-04-25
0.22753417393361897,0.08914636755008894,0.30597671585388825,0.13540384179714185,0.22389430104586877,0.09088143916968647,0.3129932201665324,0.14665812298656536,0.19896129896451015,0.08313723477064308,0.32562270309405333,24.0,0.23938194986476757,0.06725165433376584,0.2854271520840351,25.0,0.2103065643149795,0.10198671989440918,0.30490820475019353,0.22585230187080402,0.08312613324060872,0.32051193410739515,98,96,0.4066666666666667,7.496666666666667,0,20,2026-04-25
0.21919057840330688,0.09608339360815421,0.30926817194445827,0.15117010167740058,0.22829507290232678,0.08609672822819031,0.3255929835617447,0.1361170230985702,0.22756288203014008,0.09525792403224234,0.2930326690768151,20.0,0.200318930203695,0.08653513213121536,0.31567823340586826,24.0,0.21545488526886725,0.11308378674174213,0.32180641777648966,0.19492447165018748,0.10726896820798355,0.323104468594972,99,103,0.5733333333333334,8.766666666666667,0,9,2026-04-25
0.21489914934102494,0.0993629517574607,0.31480567270078696,0.12740635430633895,0.22009072967153903,0.09213964798485791,0.3223063256079986,0.13351519564110823,0.2749128008938361,0.09741302335955698,0.3202087279144702,21.0,0.20303691075847505,0.07998005147135542,0.3020757639324785,24.0,0.2241515909008055,0.09473141066515098,0.3184035136179157,0.2328226300817218,0.0978906216603081,0.30606325464487993,98,102,0.54,8.616666666666667,0,9,2026-04-25
0.2285165935819467,0.09248834348644688,0.31394589818556,0.1506994666404516,0.2191808195937838,0.08736120135669662,0.31771298118059094,0.12805888640382884,0.24186520706978176,0.09227808296689353,0.3459834193135471,22.0,0.23360269069992112,0.09442875813900395,0.3069002643258011,22.0,0.23746790265381257,0.09841251292368866,0.31763403767430776,0.2238340016757392,0.09452704834584115,0.2988531518171996,101,103,0.49,9.19,0,8,2026-04-26
0.21878062156905764,0.08847613823664904,0.3138841771812119,0.13406879692355622,0.22403973597570115,0.08375805514479721,0.32051094022145665,0.12803560085359925,0.2632027944696868,0.08187328985648636,0.28909441936548275,24.0,0.1870626614500242,0.09857439966948323,0.30722184634775773,24.0,0.22426341835152366,0.083664277752722,0.32281604932751007,0.20890130006871435,0.09314393357290382,0.331922124654674,98,97,0.7066666666666667,8.046666666666667,0,4,2026-04-26
0.2153650831039411,0.08237082241994974,0.3158666779564048,0.1390594884338211,0.21730033155360007,0.08991274974411094,0.31296794345966544,0.13617165030760328,0.21589689146593127,0.08410548796882908,0.31639732037534524,22.0,0.20321246430365159,0.08225295363670462,0.3142395333072202,24.0,0.24867700640084237,0.096217343369425,0.32274443351048254,0.24650257752195734,0.08572709972647787,0.31180149391035394,101,102,0.57,8.596666666666666,1,6,2026-04-26
0.21235635996242463,0.08667476745055493,0.32030649884159235,0.14408229986109788,0.22575863924072978,0.08915587096404962,0.31037574704894366,0.15583914567878263,0.25382931617559296,0.07726460204598219,0.30539047740731057,25.0,0.23473950247605352,0.08228105877166028,0.33448814508564184,25.0,0.23027865575690448,0.08816318781363537,0.30210835966285665,0.22552022663261145,0.0869373461099872,0.32321103065731005,100,101,0.6666666666666666,8.48,1,8,2026-04-26
0.21703585121122082,0.09350729681507376,0.314894598485112,0.14138030319743206,0.2042653861423287,0.09349377994983264,0.3274409713513038,0.1493059479860028,0.21558288793573568,0.08762300660407948,0.31464884647107527,22.0,0.22434102034212994,0.08780761221095397,0.31044593475799165,22.0,0.2208208290691895,0.08811188784182927,0.29664782079487056,0.22387924020225644,0.10347865901727449,0.312287438183501,101,100,0.4666666666666667,9.686666666666667,0,3,2026-04-26
0.2249124943388344,0.088934757342832,0.3047734928971276,0.1405851511342977,0.23234667915911741,0.09632750847140642,0.3217327248448858,0.14589834308034358,0.1850087221568838,0.0696984427397449,0.2974122689408908,24.0,0.21770206260142907,0.07495332008276774,0.30723214151156236,23.0,0.20780302557759633,0.1011889060276766,0.3088231070452866,0.22591240689125477,0.08298797878350814,0.3196227615382144,98,96,0.4633333333333333,7.48,0,5,2026-04-26
0.21498931768204252,0.1017055671891033,0.31808138934520713,0.12854109121502638,0.22458827932532952,0.09058357699745391,0.32242878322600066,0.1201616261804222,0.22364086515975803,0.08983652608020279,0.3174325042621342,20.5,0.22651190705246943,0.08422258061157656,0.32395169561835635,21.0,0.22598002699143027,0.094271683218,0.3184358122935871,0.23351635011385696,0.09807555427396938,0.3035929112607394,98,102,0.58,8.476666666666667,1,5,2026-04-26
0.21271983219705756,0.0898005050410308,0.3131346850052867,0.13961061543037018,0.20798444585868497,0.0868934961052314,0.31596458042641157,0.12769299418163826,0.2295584636138623,0.07848338266926691,0.3071015149932086,24.5,0.2192335523201286,0.08011957937621819,0.3086278281510084,21.0,0.2475339193169789,0.08524621454681547,0.31025171386796013,0.23344496674783363,0.09296078223284632,0.3120407595986129,97,96,0.5633333333333334,7.576666666666667,0,5,2026-04-27
0.22370653574793792,0.09827197321626047,0.3370813906039629,0.1563419966967824,0.2064230524964356,0.08339031976873895,0.3254680622410952,0.12295436060344267,0.24740695437350924,0.07845643751590202,0.28645585187469647,25.0,0.20461272510954176,0.06944952872508241,0.3314561011517364,22.0,0.2378821209393937,0.09608674179766866,0.31897112568725716,0.23049734402717842,0.10445397628870312,0.296150090914027,99,105,0.6433333333333333,8.773333333333333,1,9,2026-04-27
0.21702779081905202,0.08655760023301123,0.3151140474511517,0.13137909781990248,0.2121650473538034,0.09564839620229942,0.32150205664935083,0.15013964031753418,0.20728983171492804,0.08236304290130537,0.30387289086774416,23.0,0.23463516838603704,0.073401952817764,0.31211911618375454,24.0,0.24670581709949482,0.09228893726211143,0.30379981930845523,0.22396190489731327,0.08003812522839734,0.3086371975489762,96,95,0.53,7.52,1,16,2026-04-27
0.21246269234751933,0.08677253890435352,0.3168050383470497,0.14592822586875698,0.22501972482951846,0.08311893810936638,0.3162819890823752,0.13152607888313098,0.2541222505362236,0.07979355723082004,0.3390515873904315,25.0,0.21785795110406342,0.09586300290320826,0.3194288363737632,24.0,0.225023484589302,0.08621225229812371,0.32298383572647804,0.2191321732694232,0.09430819032134302,0.30056761720449804,101,106,0.5233333333333333,9.036666666666667,1,7,2026-04-28
0.2145448917790495,0.09092682160696675,0.3138560064156137,0.14459837931679734,0.22801364588550957,0.09486923437721333,0.32172210571520093,0.14736633524217407,0.24616263994543933,0.07297964226564596,0.30234078689010113,23.0,0.2545945780563644,0.0702744758936638,0.3273827228035928,23.0,0.2110562130895457,0.09532827223392659,0.33181279412253384,0.2246667290328575,0.08575255685555996,0.318573570359147,100,100,0.5466666666666666,8.32,0,8,2026-04-28
0.2227577240480724,0.09252567106927542,0.30966753488191845,0.15624821756071608,0.23493523492720614,0.09254045878734332,0.32144441806641516,0.15604352528596158,0.20808737775128122,0.08002736019693478,0.30532706991313197,24.5,0.23910945194626543,0.0960368344641564,0.2941532521298909,24.0,0.2146891337715963,0.11202319438346053,0.31827140807280413,0.22310155897246348,0.11091947840600389,0.32435057252947685,99,103,0.5,8.586666666666666,1,7,2026-04-28
0.2308158593008118,0.09462764050132005,0.30714205709095166,0.14958537324108795,0.2197469854976871,0.084310166805203,0.32716498291528695,0.13009386770100514,0.25185404581235893,0.08961598114939909,0.31176763053050255,23.0,0.2044829437044952,0.07403492652251553,0.3177546154370514,25.0,0.22745321528497384,0.11793381319598477,0.2927236801798609,0.20914856835648876,0.09327571947170205,0.3298932966759034,104,118,0.5833333333333334,10.063333333333333,1,9,2026-04-28
0.20494269828916034,0.08899281576264585,0.324535357141958,0.14151291380124023,0.22222013063333065,0.09885977027430384,0.32246399244099727,0.14161634761619898,0.20194086372836584,0.08295579178560454,0.28608542119727987,22.0,0.2329755507729509,0.07772832600011544,0.3223714505217235,24.0,0.2307891860114458,0.08741720328796532,0.3005775865903968,0.2077617318503081,0.0985223093530884,0.3132492939365109,100,101,0.63,8.89,1,7,2026-04-28
0.2247241548783265,0.09312302416803722,0.3200733586894728,0.15467535217166617,0.20731882751745015,0.09255497194226159,0.3141068127329507,0.14752794682541698,0.2224015943841987,0.08733687407460525,0.33208041082807394,24.0,0.23469686434693224,0.09433305501614435,0.30094304673769456,18.0,0.23661094874280067,0.09793432773559604,0.3163369513355095,0.23246781707809772,0.11139164018794953,0.32611219194618524,101,103,0.49666666666666665,9.553333333333333,1,8,2026-04-28
0.22065022775574317,0.08940783487103102,0.31806959632343407,0.1403062216782921,0.2249917147036284,0.106890849243703,0.31987802276215815,0.16945362361777747,0.2293427484747077,0.06998712302054069,0.31392124197498056,24.0,0.2213813121897957,0.08904462885057102,0.3140786987989387,22.0,0.21810136498316535,0.0887415087750995,0.29450494700279156,0.2316253856811833,0.09224774268250098,0.3222586322405369,101,100,0.5033333333333333,9.166666666666666,1,3,2026-04-29
0.20951778986375805,0.09091030251958024,0.32719637182029065,0.1466464042838056,0.21211864703113845,0.08693818318185495,0.31821391493679635,0.13489453716392086,0.21028573501872497,0.09688664739075206,0.3147885425457274,25.0,0.2072349378450747,0.07839022948130363,0.29818420609460417,24.0,0.22536920240483238,0.10415171662368877,0.30913228147000016,0.21465216384292818,0.10273151633633211,0.31562409665012103,96,96,0.5366666666666666,8.546666666666667,1,7,2026-04-29
0.2065694685827748,0.08002667033461061,0.3167265317171945,0.13232664537121158,0.22499065471119817,0.08482323517359361,0.31133150285675426,0.12565850508476703,0.2172152142316575,0.08822680190208915,0.3146696220756652,22.0,0.1882823628119356,0.09052162391193418,0.3250368095576033,25.0,0.25163402338148744,0.09667782727155191,0.3187803105586868,0.22386132826238678,0.09314018514543904,0.29928793146799737,101,102,0.5666666666666667,9.37,1,9,2026-04-29
0.22601627315334716,0.09064573378568071,0.31380247461247357,0.1467871516356943,0.2421583555872863,0.09344335987792118,0.32334891535772836,0.15494862852545552,0.17848377083497208,0.09701617598617218,0.2963800774865181,22.0,0.22869822844448495,0.09305340945309531,0.3373003467699966,25.0,0.2167143251746534,0.11237825038150741,0.31864982149921967,0.22294237584663196,0.11032647444896664,0.3238432810568016,99,103,0.5833333333333334,9.97,1,5,2026-04-29
0.2239299662836598,0.09306156810249745,0.3104958031508874,0.14810489753875558,0.23581739853631836,0.08198253956805912,0.32379189065018665,0.13649898005947766,0.2000902748278945,0.104222467397029,0.30437004298246206,23.0,0.1914911956447216,0.07029644235532768,0.3146580434020708,24.0,0.22740755122853573,0.11750882593265602,0.2942741570606666,0.2091805653070889,0.09231914193218221,0.3319226291081625,104,118,0.5966666666666667,10.26,0,15,2026-04-29
0.2216675278532706,0.092265431130169,0.311358486643959,0.15357909246535473,0.22509384131749796,0.09104829095366282,0.32274862699856965,0.14926241839867618,0.2261426784444236,0.08983411765180987,0.315472032705407,24.0,0.22479058303492344,0.07051699460579883,0.31091724938044124,24.0,0.2091773502020325,0.09484447839775302,0.3328262494664281,0.22473759620372172,0.08486246051565458,0.3160006855800923,100,100,0.48,8.96,0,8,2026-04-29
0.21663993613991464,0.08656671771641242,0.3155990778970639,0.1395562414501219,0.23193324705110058,0.08540908590009166,0.3235675721959657,0.13801509452900934,0.21413472636745295,0.08762121618094906,0.32768349929531077,25.5,0.2198878557462323,0.08930318794712015,0.33585455903877026,22.0,0.22770405656758338,0.08452911432517686,0.31741831539007503,0.19671701134160216,0.10806965909533368,0.3194080138089985,98,97,0.57,9.643333333333333,0,16,2026-04-29
0.20670586307541586,0.08625851050797087,0.3210154598283715,0.1438937561344271,0.2228266249838815,0.08996049310353942,0.32708265298393413,0.14529696699940942,0.22515131779560654,0.08701903270148346,0.31021902514445515,28.0,0.25887152563224813,0.0662804447076703,0.31126752055431683,25.0,0.23001951901054274,0.08706387475183147,0.3006784332879535,0.2083664796203205,0.09751265863786013,0.31393055169981676,100,101,0.58,8.5,1,7,2026-04-29
0.22289281448047404,0.09243159342440845,0.3191518225188787,0.15235709044910598,0.21576997227299932,0.09136040698928836,0.3138829468405428,0.15066540579296347,0.2045786030163585,0.08494017011198139,0.3159419571947073,21.5,0.21909286481026052,0.10580864454356409,0.32739601181784844,22.0,0.23820486885151906,0.09755705054152601,0.3186299113057359,0.2330995904939568,0.11111871174419596,0.3257159747874606,101,103,0.5333333333333333,10.023333333333333,0,16,2026-04-30
0.23360894350551137,0.08600375875885648,0.3222338859642715,0.14687315432979078,0.21505671003149818,0.09033685502923186,0.31568289551402673,0.13577936457482187,0.20855202444001358,0.08015317446206213,0.29505501994324984,23.0,0.20988094468183774,0.08369504220382695,0.3115648033089322,24.0,0.22470148613385038,0.10492910562017915,0.3089767263721166,0.21413126701208052,0.10245301839120663,0.3156220670169123,96,96,0.5566666666666666,8.02,1,9,2026-04-30
0.2137137122989196,0.09831456975551259,0.3192964918914194,0.12452320551088297,0.2117915615243801,0.08362775079804363,0.31278480354824656,0.1409290770410623,0.23365837556350705,0.07352403784131217,0.29608379470603186,22.0,0.24414452800765385,0.07989553805822149,0.30880834772200416,23.0,0.22806287794574273,0.09430632389339241,0.31669013785158545,0.2081256491765054,0.0881022801578662,0.31343996326574997,98,102,0.5933333333333334,8.113333333333333,1,14,2026-04-30
0.21315332386016633,0.08670188173334274,0.32079721717022225,0.1480851531936572,0.2268353441274531,0.08281496294598266,0.3169981276621152,0.12890159591317232,0.2492151849716086,0.07153357607932823,0.33151503922535125,27.0,0.2269240765833714,0.07557355235635921,0.32465093021700586,26.0,0.22692837060222043,0.08582330950922062,0.3221046044042131,0.21876127371149873,0.09472106830722117,0.302674749359925,101,106,0.51,9.136666666666667,1,5,2026-04-30
0.2384015248309733,0.09775094746662856,0.3202110403878433,0.1561958009667698,0.22808664014058488,0.08414562456358102,0.3223995189290558,0.12476338794618919,0.2067512676915569,0.08053246813124798,0.3336552057503196,24.0,0.19711038365337047,0.06965141766696993,0.3451022895161626,24.5,0.22712600387397064,0.11637899807289585,0.2993690988292537,0.21151425802948318,0.09135312641052928,0.3348513657327477,104,118,0.6466666666666666,11.673333333333334,1,10,2026-04-30
0.20921824521421317,0.08451385534889136,0.31624521415933793,0.12266838898634869,0.22744208468487162,0.08372801471016572,0.3185752214598509,0.12665425419205584,0.22976765070824923,0.10018683982891738,0.2944506406015346,22.0,0.23372843581125885,0.09403119465159826,0.2977538821015582,24.0,0.2337964438494452,0.09423908511418598,0.3123249131344026,0.21632666761208572,0.09553313296749333,0.30423213401649857,97,96,0.5233333333333333,7.81,1,3,2026-05-01
0.20806219232888878,0.08836005925064387,0.32082365563453036,0.12396097718812989,0.21005904560627878,0.08690887447480639,0.31557116519124484,0.146629584188756,0.23983941907798212,0.0899549402129733,0.31197120229820186,21.5,0.2622374247995589,0.08066899450064065,0.30803207200811733,26.0,0.22763420716083652,0.10737640086807973,0.2948645627925995,0.22774439352748121,0.08561426914416981,0.3267136316786753,96,95,0.5466666666666666,7.826666666666667,0,11,2026-05-01
0.2275259332416811,0.08979420772910005,0.32000118954647494,0.1431950297672546,0.2077602836832014,0.09901945844291944,0.3022329258823167,0.13896178332054818,0.221908387087289,0.08722754024452542,0.3084846085589227,21.5,0.2381017267447683,0.09494951776194555,0.31537723534614376,22.0,0.22218605636332753,0.10507005371685443,0.3073475039160839,0.2454654047228377,0.08520695109518049,0.30740365045600865,96,96,0.59,7.4366666666666665,0,13,2026-05-01
0.22262616405893723,0.10264275262967198,0.3189481330375888,0.14272976377355293,0.22084411416239547,0.08974986110854685,0.31771415019687604,0.13967850030492035,0.23867000582906242,0.10629102371610541,0.32107149648909805,23.0,0.25107656800518474,0.09902530310768046,0.32558368384820624,24.0,0.20827922862259013,0.0992158933675898,0.3134446295219039,0.2176184912316496,0.08829509730342666,0.2937310958639634,97,95,0.5333333333333333,8.786666666666667,0,9,2026-05-01
0.21398653647749727,0.09517359486002788,0.3113914814340235,0.14112004945251305,0.2132449903756163,0.08239925419246388,0.31608784771609133,0.1407549679765766,0.19523557819507728,0.09330045161929837,0.31863656874645263,22.0,0.2163176384440746,0.08417085318841558,0.3188037007957798,22.0,0.20791077892992954,0.09617132269188022,0.33258224070990794,0.2528263267377904,0.09684721421049276,0.3202041781851974,100,100,0.52,9.313333333333333,0,10,2026-05-01
0.2247801430924028,0.08059804528241542,0.33483088690635276,0.1310423665201474,0.21554117731905836,0.08501976719669148,0.3222347647916103,0.14170075677925464,0.19219911562913403,0.0980831994640512,0.30139849185421597,24.0,0.21697998241026123,0.09721011068745318,0.30178769100865127,24.0,0.21100703070541021,0.09193084969715659,0.3346017045334538,0.23320155215457308,0.08903124196077752,0.3028023461638696,112,104,0.5266666666666666,11.566666666666666,0,14,2026-05-01
0.22836063499415754,0.09155100854598097,0.31977084221544066,0.13519438674782325,0.2053074190086468,0.08855597351545239,0.3157310530514661,0.13861910276034814,0.21348014651590727,0.07507344816243683,0.30840097634484354,23.0,0.2119208440994587,0.08560929414234134,0.3123016297957693,24.0,0.227475642888336,0.08530695180034745,0.31802770640266254,0.21375814931530585,0.10276421926185822,0.3137160741413627,95,96,0.5966666666666667,7.453333333333333,0,5,2026-05-02
0.22673900708226982,0.08861913132946096,0.30904323199309425,0.14397764945175803,0.2193661557197723,0.09861755108618879,0.33339995070722633,0.15176487064251784,0.19008117051231643,0.06689151989936576,0.29764474324780155,24.0,0.2143476579043913,0.09776996171404555,0.3299363570132166,23.0,0.2117387533487733,0.10046206860216511,0.31019803499047927,0.24180217697598053,0.09498298205519509,0.3185821292541423,98,96,0.5466666666666666,8.753333333333334,1,5,2026-05-02
0.22168543759393064,0.09202975568966028,0.3270830365185591,0.1431561978682562,0.21836961522439327,0.09186420660053687,0.31413987691606,0.13598731381352935,0.21405192300294923,0.07693566642133605,0.3100530009237853,22.0,0.2096810566533213,0.08725636985987353,0.3135249435068058,22.0,0.21037088198297882,0.09843969915936099,0.3133776560951809,0.21636777516431166,0.08780316573874573,0.29177418349848,97,95,0.5733333333333334,8.696666666666667,1,6,2026-05-02
0.20240550440343652,0.0948210147487909,0.3283896602300419,0.14472807787781636,0.2087541223945255,0.09052504224743417,0.30803152178066323,0.1364962028164674,0.21769873948947394,0.10998246427758612,0.31599359197640164,23.0,0.20365588212943395,0.08065917825116949,0.3147519019987608,24.0,0.22236411803784922,0.1053423519269199,0.30925012052534173,0.24425676370491112,0.08605101715344037,0.30627898065567116,96,96,0.5566666666666666,8.91,0,20,2026-05-02
0.2154317842199449,0.0887928903793485,0.3107596217262203,0.13516554248366836,0.20949099606381813,0.08519641360507202,0.318240207208019,0.1275404379742598,0.2472787195526227,0.09579107094157971,0.329187095200858,17.0,0.232176496616396,0.09354075368572579,0.2933235249513376,23.0,0.23351134424761977,0.09352937033147578,0.310633170749102,0.2161125448764869,0.0950758701825257,0.30373673063030815,97,96,0.49333333333333335,7.693333333333333,1,6,2026-05-02
0.21624976018313832,0.0898066479766041,0.3218027818163809,0.13656664972693858,0.21797835424459608,0.09609771622794042,0.3112586871351939,0.14892945748532782,0.23121924069718258,0.09568404680797236,0.2927462100681103,23.0,0.21424149763469558,0.08442971495655426,0.306767730802481,22.5,0.24222566890950414,0.0947110367717091,0.3015166560678021,0.21742789083794173,0.11154225918907362,0.3184258845910442,96,95,0.6866666666666666,7.666666666666667,0,4,2026-05-02
0.21705828393794005,0.09403677764317182,0.31978034833368707,0.1564861992305865,0.20182994327460527,0.08568728952069543,0.3251960496352127,0.1382906667013094,0.23893270735857217,0.0731607843055971,0.2974913578561239,23.0,0.2135481603737571,0.08191366147320363,0.3086988991125011,24.0,0.22740286296379858,0.08162777206636718,0.30788247007128966,0.20676637433270517,0.08943580830547987,0.31017858128774345,100,101,0.6333333333333333,8.73,1,2,2026-05-02
0.23046333884927803,0.0842150168800829,0.3248869689848539,0.12621648250658107,0.21403450086717501,0.0821698335392047,0.3186442617018781,0.14092687342381255,0.21759857234472982,0.09080318954947819,0.30195850495837906,17.0,0.259124591649332,0.07871515007492517,0.2972119311701016,24.5,0.21065182069318777,0.09432730359239486,0.33504615372857194,0.2316273504413236,0.08881609707174457,0.2999534088405596,112,104,0.37,10.556666666666667,0,10,2026-05-02
0.22490352814452302,0.0944392528035634,0.3210773989108257,0.14351152849825344,0.22903328759095987,0.09629311660515968,0.31237981599313636,0.15424465879084667,0.22600434230189614,0.08346279797906087,0.32595542046859893,21.0,0.20725562997236235,0.08208005954638994,0.3055798362557146,24.5,0.229622119826907,0.09687414353361223,0.30046673606696656,0.22650943443975222,0.11819032310150754,0.3009808103237356,99,92,0.5466666666666666,8.38,1,24,2026-05-02
0.22608395472397425,0.097155770694537,0.3305211322780002,0.137879008456345,0.22887066074945583,0.09569241533863054,0.315989607521285,0.15332130416165224,0.24384212137577405,0.08734585400412671,0.3165623377443225,21.5,0.2570312090294615,0.08653023224789425,0.3202065684875318,23.5,0.22977942808613108,0.0961332303368214,0.30112537938173234,0.2256618614468378,0.11987657419283247,0.30753734779650177,99,92,0.5566666666666666,7.86,1,1,2026-05-03
0.22194055295524917,0.08992760020269723,0.3056536581504662,0.13391312356937693,0.20926741268935503,0.08727620146932977,0.31664957986271247,0.1371746134304331,0.21280820752173987,0.07696353974718341,0.32937471957114656,24.0,0.2334197551036296,0.09700142534425696,0.29813674381577715,25.0,0.22786416730830095,0.08458612438374466,0.3174553128779565,0.2140602591952587,0.10179012360002015,0.31044943133431124,95,96,0.43,7.976666666666667,0,5,2026-05-03
0.21083010832892854,0.0845678458954249,0.31308448787940724,0.12829614316720062,0.22504165480182647,0.08204927671544165,0.316926368036759,0.1268230514314646,0.21085453987397268,0.07790850509836757,0.30046883823220805,21.5,0.21368670845264148,0.09803972329502675,0.32191233883288506,24.0,0.2330387742085727,0.09190323170395315,0.31086345544371274,0.21475546551833755,0.0965677060292292,0.301828911952743,97,96,0.5733333333333334,8.07,1,3,2026-05-03
0.23329596111993192,0.08987176849725205,0.31957863559096245,0.15421981785830663,0.21496736410963693,0.0858469851884252,0.31056657120713943,0.1347326576145263,0.1854023307364762,0.1037357057851726,0.3014344928810704,24.0,0.19577641065279644,0.08621288935829127,0.2852432320668272,24.0,0.22231543480997146,0.1116194600934601,0.320689671941328,0.22968466623273287,0.08394108313689748,0.3194846532871708,100,103,0.49666666666666665,8.383333333333333,0,6,2026-05-03
0.22713142814344078,0.08790755587515268,0.32063770585441104,0.14140069529377303,0.233649092551095,0.08606141261561856,0.3076868662635136,0.13394576638687372,0.20673135707492893,0.08788956692108481,0.3159052258480486,17.0,0.2286660422323711,0.09185157701934198,0.3217240080139231,24.0,0.21114405091359206,0.09777270944678615,0.31352617490568613,0.2161998851486172,0.08851356867172393,0.29201659750855335,97,95,0.5466666666666666,8.196666666666667,1,8,2026-05-03
0.20828110756246065,0.08569719427469373,0.31992808569477954,0.12923300565375428,0.214674839140023,0.08944923122404262,0.3151463108742385,0.1317124614086393,0.22214806278179827,0.08495870283600473,0.3129977417797851,26.0,0.20573471288688527,0.08492130743579146,0.30427639524485717,23.5,0.21261815295337327,0.09744366025563557,0.30204746428080553,0.24655521211554812,0.09291494137737182,0.30143711669817896,94,90,0.4766666666666667,7.233333333333333,1,5,2026-05-04
0.20868203322964057,0.09429467439256284,0.3126488069653871,0.13855612686230764,0.2122571115892173,0.09665317818454841,0.30557571923996846,0.13776235393867164,0.2069069205365347,0.08199385896037706,0.3055573474479504,24.0,0.21524874527115678,0.08258494695089909,0.3201877213361828,25.0,0.21523484120984968,0.10199628310936527,0.30936563836559716,0.2416193384316169,0.08762815220058735,0.30905464896661533,104,92,0.57,8.886666666666667,1,8,2026-05-04
0.23988374477274554,0.09103134509071946,0.31788166816849484,0.15324640767201697,0.22030000746337036,0.0984821105111402,0.3139888516655848,0.15493619155332944,0.23926940102843036,0.09727599131821517,0.29876575216132856,24.5,0.21130802916854396,0.07845057904395478,0.31023379638982146,25.0,0.22263789903731004,0.11130890107440755,0.32017979044485734,0.21796444063323303,0.11172829927421382,0.3178581491934518,100,103,0.56,8.95,0,6,2026-05-04
0.2125989492093175,0.09339967819856272,0.32677073586720184,0.14620818239637914,0.2273013007070975,0.09207499420848093,0.3222059471449856,0.14875356986788318,0.22641282603968083,0.08790278624972514,0.29951727849492116,17.0,0.2434722949078853,0.08239109099964022,0.2883121480143256,25.0,0.23152772943021638,0.11299902304868312,0.3245151097515036,0.24036886843723482,0.09490995767679535,0.31553302966533925,99,101,0.48,9.32,0,11,2026-05-04
0.22747722081695226,0.08741694182807852,0.31309454034951245,0.14200903709463397,0.20779679922727426,0.09757098010927684,0.320374396336464,0.12345443505836899,0.206843017436032,0.08412056134082385,0.3350757342565959,24.0,0.21116570592037565,0.09303156022817217,0.30402036655731846,22.0,0.21222055955614988,0.10040862437393831,0.3121695604084722,0.2300732963832366,0.09347784515113032,0.3160258408293058,98,96,0.43333333333333335,8.64,1,9,2026-05-04
0.21702817500257193,0.09082292575531034,0.3212360614163699,0.1252300652121342,0.2101484186083557,0.0890450996037718,0.32348103762833014,0.142099629694459,0.19176401446075123,0.06641103543405086,0.29778366776008397,23.5,0.23434129021048006,0.08449263865835462,0.33956177564674617,25.0,0.22853490805650953,0.10439314617773265,0.29491422173398385,0.22612702676040086,0.08721342188330361,0.3266913098812848,96,95,0.59,9.13,0,1,2026-05-04
0.22067866221584273,0.08949273106101233,0.31623266176515014,0.13530381196808858,0.21559712772181594,0.08451498207784497,0.31912427215518135,0.13688616052387725,0.22669352084132868,0.07548855890026496,0.3263385695316733,26.5,0.20006077400865604,0.0980540677312264,0.3176588717299764,23.0,0.21297331334864944,0.09692281603795241,0.30142925240879204,0.24637075293869576,0.093048640307652,0.30047304822866117,94,90,0.5333333333333333,7.993333333333333,0,15,2026-05-05
0.21183748746825046,0.08685468135853797,0.32454276626761197,0.1404664492426343,0.2309404000435367,0.08735235365991484,0.31435603294991243,0.14146643220405913,0.249970681617128,0.07232375756172603,0.3251628470618778,27.0,0.21504092269521044,0.09594536314581772,0.3132496468627271,25.0,0.2257561222472828,0.08643508422754535,0.3258328386376283,0.22027740280815777,0.10712341784035455,0.30860037316503924,101,106,0.63,8.873333333333333,1,10,2026-05-05
0.20947311635400365,0.08496129948476687,0.3152264278982283,0.13915214637731627,0.23440683283257505,0.09099076513935068,0.32981788863801953,0.12269605192259034,0.200071578757679,0.09204669491422487,0.3223159385970804,25.0,0.22009868235053467,0.10189667805191133,0.30031812935248337,22.0,0.2069649888670395,0.09133749708236305,0.30998269328059846,0.23056036274545555,0.09585686033145133,0.3006380946451309,103,102,0.45666666666666667,9.236666666666666,1,9,2026-05-05
0.20794601105611177,0.08658409323564537,0.3145811857545672,0.13790977572009508,0.22380084179736315,0.09628446357969761,0.3226998251849995,0.13959305524001459,0.23726763581223306,0.08044452880247065,0.32367366936132747,23.0,0.26329704902122963,0.06868510060179128,0.2910634076405244,24.0,0.20753551921269106,0.0909541880608543,0.3086727158916026,0.22739069598611517,0.09505747448115767,0.3022690706869577,103,102,0.42333333333333334,8.496666666666666,0,1,2026-05-06
0.22826592577578333,0.08736093065531264,0.32733723807223103,0.14042596499516521,0.22072237115898335,0.08192965476697336,0.31344129306833923,0.12981216007184732,0.23754696814244577,0.1075079105867834,0.32457543034103986,23.0,0.21954709170310727,0.06926005482849382,0.3283444641338087,25.0,0.21465378040004648,0.09621066624503465,0.31454730798579267,0.22250643515350177,0.09092780784368312,0.3006460913768207,97,95,0.52,8.4,0,4,2026-05-06
0.22033042871668906,0.08526491980104682,0.3311724387961059,0.13059917400725218,0.21733883296159545,0.0885200246190871,0.311850726274862,0.14026412836719115,0.1981404067584392,0.07245683072418499,0.342540740206014,24.0,0.2521871822768719,0.0921198419322243,0.2935682273679004,23.0,0.2132126919378676,0.09345606551224503,0.3341994834223439,0.23441071676249836,0.08180021969978676,0.3195344371171239,112,104,0.47333333333333333,11.41,0,15,2026-05-06
0.2272345882504633,0.08771141024184165,0.31597482862551407,0.14034485990207374,0.20071078969971823,0.09336573187805257,0.32001263091643306,0.1238946227084249,0.1928794073842251,0.09166417857283364,0.308228786345069,24.0,0.2186784655991709,0.09893881472245866,0.3291484685528873,21.5,0.2111220907065039,0.10050149537316486,0.31321858636481353,0.23025052593135964,0.0927994464457071,0.315840203397005,98,96,0.55,8.84,0,8,2026-05-06
0.20345802286829087,0.09698845118513263,0.3183868407472892,0.14996396823940575,0.22887746852420957,0.0942486389762988,0.31573225687590845,0.1537400484231138,0.21162286034818245,0.0749912242488105,0.3158002280899188,24.0,0.19915275693272638,0.0785714676377091,0.3264887965970518,24.0,0.2282134180922665,0.08240693712060151,0.30257420137037633,0.22440659216827485,0.12281871954175057,0.30911418294962034,100,101,0.6366666666666667,9.666666666666666,1,13,2026-05-06
0.20668133447933454,0.09750507505313785,0.3143463663502682,0.14693499959843873,0.22654897528186543,0.09440898614345006,0.3116706697988117,0.1498731308155646,0.23683834360887154,0.07216604236060459,0.2944698029731603,23.0,0.2031151564057594,0.08893886877231415,0.31411233881637274,24.0,0.22726564502877755,0.08206731174949311,0.30202998025879124,0.22449104389955776,0.12346760266737497,0.31013252467585034,100,101,0.67,8.46,1,11,2026-05-07
0.21793783261283967,0.08393544767838451,0.3142271184975024,0.12510276074423987,0.21032964313354696,0.08828427703837113,0.31008811727634616,0.13262496009444552,0.21587771586938828,0.09017325714910182,0.3155831038881759,21.0,0.245476850255599,0.09563226562336895,0.3226925871769747,17.0,0.2236339363530216,0.09228299604345405,0.29835553186229696,0.2331177988441493,0.09043895654731848,0.30854515327175425,108,97,0.5433333333333333,9.643333333333333,0,12,2026-05-07
0.20637189065082362,0.0835979100910246,0.3183337532505262,0.13017831303676408,0.23833013344823295,0.09390701866247851,0.32164195634794557,0.12682693838421344,0.2337061215161076,0.09069433023529554,0.29537786682776346,24.0,0.23344011600082282,0.08284435977942113,0.33358345556158303,21.0,0.20837844171335548,0.09797305730222261,0.3021980367105699,0.22697851637083402,0.09628729008779802,0.3007963046993268,94,90,0.57,7.57,1,7,2026-05-08
0.21075117404885735,0.091816557177093,0.3148603270622925,0.12294153620094075,0.22149083983799267,0.11000716437672044,0.3246214882098685,0.17409726265278738,0.2815847920657536,0.09464925853896024,0.310282283320908,21.0,0.23107241273469775,0.07797856084951399,0.29042844782142957,27.0,0.23009168267743946,0.09225801095067257,0.3146305508764423,0.2329143458609397,0.09217345712145916,0.3137257030507886,98,102,0.5266666666666666,8.066666666666666,1,6,2026-05-08
0.21889843236108045,0.08729278598864564,0.30600607744510905,0.12499277182799434,0.23203427144432767,0.08564520342412701,0.32917534275441257,0.13526883451428837,0.2207306785659503,0.08956805238120491,0.3141201087386878,22.0,0.21455032750259773,0.08934673900566255,0.28793875464334184,25.0,0.22760055598437307,0.10343351204374915,0.29179473854808735,0.19251143567521212,0.10500240636904073,0.31119566778765795,96,95,0.5766666666666667,7.47,0,5,2026-05-08
0.22184622859804462,0.08310611356405301,0.3110754943970051,0.12857232072116934,0.2051674274615984,0.08649625078797823,0.31132843144447836,0.123061111648867,0.22624898332450716,0.09302657351370314,0.30655069189029577,22.0,0.21115693751029116,0.08271337995916413,0.3075147087108504,27.0,0.2218169565736396,0.09219600314205642,0.30018972055504084,0.2323549432319641,0.08941374692240572,0.307181210558168,108,97,0.49,9.376666666666667,1,2,2026-05-08
0.22211853378492347,0.10022300199443203,0.31296639925411723,0.15321980171681865,0.2191850326413831,0.09414399445157878,0.32514854012873173,0.14894014330060318,0.2203843996421025,0.08281075988787817,0.3058244272561221,23.0,0.23033814285769688,0.0709779131880843,0.31421559522698617,23.0,0.21920415395707243,0.11079448632563148,0.31349962694803174,0.2298383475130056,0.0848526698152107,0.3178872284450849,99,103,0.46,8.26,0,20,2026-05-08
0.20699917162688974,0.08831659277973483,0.31151779712940625,0.13986694480408005,0.2167224900154097,0.0876802341985687,0.31243409334277905,0.13952193628509102,0.20718136862060235,0.09020717631199132,0.3276665914758785,25.0,0.19743516574301062,0.0881535279863363,0.2829287209220183,24.0,0.2077875051550831,0.08962480087642583,0.305001348854933,0.2356301325812569,0.08435298700358271,0.3241930336221396,103,102,0.5633333333333334,9.06,1,3,2026-05-09
0.20797882416810073,0.09866135478188909,0.32598029787081373,0.1201507380706473,0.21918628135595147,0.09671713170589917,0.3177534885919357,0.16525991754279706,0.23858043389965422,0.08609502701001275,0.31881731076203623,20.5,0.25348671283127544,0.07825424283454653,0.2949773272673891,24.0,0.2306771155765329,0.09159415133611054,0.31319318869301815,0.23307329332016438,0.09160392795617159,0.31368356455832247,98,102,0.49666666666666665,8.366666666666667,1,7,2026-05-09
0.22659473567907285,0.09437000818397923,0.3172025160027256,0.15023884020940248,0.20736164881397923,0.09419945398539431,0.33501228157414126,0.1467600797108246,0.22033724696743,0.09030549813312003,0.33117551909765863,24.5,0.20178910181192433,0.0763317067757444,0.312087109878429,23.0,0.22948229283404567,0.09785913745717553,0.32409041000980365,0.21969995290834984,0.10628171150620046,0.31149018773740256,101,103,0.5333333333333333,10.29,0,8,2026-05-09
0.21765962439191044,0.10041313041353421,0.3363289747167631,0.14951932299224277,0.2169535222558,0.08015160599614303,0.3239823259086532,0.14867534929438123,0.23885813824296137,0.09122309730649585,0.31634296315734645,24.0,0.22998979723834437,0.09850081385114577,0.3323546499054497,24.5,0.24207278637014257,0.09303713977659087,0.3103339105736095,0.23741710567133834,0.08697170375724998,0.30508928975769845,99,105,0.6,10.043333333333333,0,9,2026-05-09
0.20289995395929164,0.09576967747002581,0.30359437030678016,0.13408061158483878,0.21698070334130742,0.08848910993229148,0.30820632614327825,0.14901984655550066,0.2149038609361173,0.08350281032812021,0.32155249563861166,25.0,0.24669248082993211,0.07385233367429794,0.3044438228285064,23.0,0.24464107467237273,0.08796159449317648,0.3105181008093032,0.2009869548543493,0.09599339869096798,0.334814110661611,97,96,0.57,7.95,0,3,2026-05-09
0.20291736227668097,0.0953922683705522,0.29796411711158455,0.1322905359998635,0.21195840943426958,0.09242378167023467,0.31405928979527886,0.14029358980981813,0.25198792018904437,0.10065974436897844,0.298053996196175,24.0,0.21777922232903962,0.08500664455535524,0.3268857389889841,17.0,0.24763269493246154,0.08752510582904516,0.3087386738558288,0.19948745345877028,0.09867708949922145,0.3305041953176798,97,96,0.6033333333333334,7.733333333333333,0,9,2026-05-10
0.1996891790463948,0.07568422139049572,0.3146421242092579,0.1314701795656854,0.23302422710893278,0.08958745187915607,0.31510641860427735,0.1469257254826579,0.2187601545429076,0.08397440588256616,0.30707517372725834,22.0,0.23843808895355953,0.09839705655989728,0.30759951061091473,24.0,0.24846553037915653,0.09363298771421588,0.3227432751903714,0.22571383441456458,0.1071857297940599,0.32521685503363484,101,102,0.5566666666666666,8.83,0,7,2026-05-10
0.22111494484574726,0.08698142121813063,0.3118843720576976,0.13862857660871677,0.220211102207484,0.08341974541672831,0.31081123108702596,0.13370293634107877,0.20376566810958496,0.09218507761889856,0.3139568938444332,25.0,0.214788734029931,0.08926533539281706,0.29739823278797417,17.0,0.20846278456206763,0.08921485137596734,0.30374960301417836,0.23529241510804483,0.08524838479152877,0.3233194582322567,103,102,0.5566666666666666,8.966666666666667,1,6,2026-05-10
0.20213897466823616,0.09228016192463102,0.3220618984837087,0.12338617641888569,0.21270195573693285,0.08329695841279311,0.3075351319541756,0.12922063668876818,0.19594880890466954,0.08185948369178914,0.3042258246546823,26.0,0.222020838518946,0.09071835667650845,0.34225662147501296,22.0,0.22725370837791786,0.10263029761263347,0.2905201490539597,0.1904986444311297,0.10418314173183367,0.3127602095255665,96,95,0.65,8.64,1,7,2026-05-10
0.21708928926894233,0.08443308820361112,0.3093383645263834,0.1292141416492933,0.2018741467956738,0.08173251441708554,0.3060226111004886,0.12155087541466318,0.2453788515895359,0.0902692061653949,0.29628485968910967,21.5,0.19033082420578457,0.07312961529724127,0.2920750451921366,24.0,0.22390660224297815,0.09179681204026402,0.299572153915013,0.23237945661618326,0.08858981978857809,0.3070270298746696,108,97,0.5433333333333333,8.176666666666666,0,5,2026-05-10
0.21112909354946693,0.0967705987096677,0.3179436187290858,0.12373378208629274,0.22362929348156613,0.10699093310496616,0.31980673807665294,0.16779809207646573,0.24265084788054486,0.08328181425900105,0.31614590428871336,20.0,0.23209918937583635,0.09039928890214795,0.2894156704012899,25.0,0.23378582663912045,0.09225957977746209,0.313409276155436,0.23154277313245097,0.09185251433108053,0.3131793033766853,98,102,0.5,8.153333333333334,1,7,2026-05-10
0.2116822628210686,0.0869749333985652,0.32590510024725144,0.14332828632460565,0.24255588342758092,0.0833255822143247,0.32813396313690746,0.13244272367951979,0.2547596822764907,0.07079049154042263,0.31731206539474927,27.0,0.18290820194501856,0.0745783831503084,0.30591768177827117,24.0,0.2315482024283943,0.08662309800307583,0.3242805904817384,0.21298144995933002,0.09306992926937663,0.33327229595806496,101,106,0.5966666666666667,9.45,1,6,2026-05-10
0.20266169985031254,0.08147337685965783,0.3235078406760993,0.13843043893488016,0.20866631304522626,0.09131780322823241,0.31554622491594536,0.13091585907133962,0.22996454112449252,0.06981454092434428,0.29729413950539396,25.0,0.22491531605695303,0.0692901026970856,0.2904389501271962,21.0,0.2472598619870718,0.09369882720871277,0.3217752932245493,0.23391092786633602,0.08857527619173067,0.30607339596653094,101,102,0.5633333333333334,8.03,0,13,2026-05-11
0.21818596475387753,0.09124299708718811,0.3215057937265979,0.15105857046163113,0.22070587506284534,0.09344091744153404,0.3244093025163124,0.14985563120757353,0.22783918210010146,0.11107635286212506,0.3110247737150268,17.0,0.23402891380387383,0.06402416371400527,0.29277387570625235,25.0,0.23178749025662865,0.10953670737681409,0.32382061461459866,0.23015001818284542,0.08402140549572734,0.31946436382952714,99,101,0.49666666666666665,8.996666666666666,0,12,2026-05-12
0.21828952018050377,0.09049426390291748,0.31300674861435135,0.1403511986766984,0.22019541601471077,0.08769093919696329,0.31986326065112114,0.13388557195483158,0.24449436513401618,0.09256290851217996,0.2896630856335894,23.0,0.24607048938554532,0.10535240693256971,0.3229203114569977,23.0,0.23562389654557409,0.08431142518907805,0.32126671748494223,0.21564842341729204,0.0990150308238927,0.3129355971478152,98,97,0.5633333333333334,8.113333333333333,1,12,2026-05-12
0.23289074352131994,0.09375816003157916,0.313676641851343,0.15316463052457166,0.21776877602199923,0.10158388745224604,0.3123167919470229,0.16941625013885478,0.2274436316836642,0.08486532728684798,0.29912371458838,25.0,0.24730112007070448,0.08115237117364463,0.3293666200419,23.0,0.23099154228152763,0.09690960307762456,0.32185410772607087,0.23465584455828642,0.09104539386834776,0.3151092126269553,101,103,0.54,8.92,0,8,2026-05-12
0.2090389614839501,0.10036844238826677,0.3313553466020962,0.15183427150533318,0.21255698582154484,0.08318726360798243,0.32107956709820684,0.12873719162825595,0.24719506236987182,0.08101590401183587,0.29021433005321834,25.0,0.17766116074325167,0.07760558857696667,0.31795177890176307,26.0,0.23885582029942715,0.09441045814626087,0.3129454367937693,0.2013718111810448,0.10040968492570129,0.3029614981925117,99,105,0.68,8.873333333333333,0,8,2026-05-12
0.2230027540170622,0.09792129928902407,0.3211039549638229,0.13869800355078832,0.22426056435024988,0.08212211973577747,0.33516348011610897,0.13213912345579765,0.26344909279570805,0.06585526434280131,0.2815905525929137,24.0,0.19286962824988704,0.07479287025861565,0.3504785992792922,24.5,0.2253044403546951,0.09759809368229513,0.302375267036803,0.21193610212403163,0.09297447978550347,0.33262936458340886,99,92,0.6766666666666666,8.923333333333334,1,4,2026-05-12
0.23259988410467494,0.09529196577770484,0.30944633415323136,0.14895842091026554,0.21252573304405592,0.08320736199000602,0.30962971202044426,0.1291928392219625,0.20125282564229782,0.07703333275057699,0.3261305729584068,24.0,0.18172776463169338,0.07462070208443365,0.32026134146544205,22.0,0.22317729126015678,0.12105162979175987,0.30991210994386875,0.19115170698982725,0.10477571135056604,0.312639344868053,104,118,0.5533333333333333,10.523333333333333,0,14,2026-05-12
0.2064283134491361,0.09453802142969592,0.3209146917132902,0.12118871846936802,0.21198816659586928,0.08169788270112041,0.312058024334595,0.13611221002337018,0.289675758218375,0.09406355712162097,0.30524614255932037,21.0,0.2322622228187668,0.09670232319002536,0.2900324358868772,23.0,0.23677796633489367,0.09365533805356492,0.3127480257732657,0.25147649027709157,0.09061794657494851,0.2987721162767024,98,102,0.5633333333333334,7.566666666666666,0,4,2026-05-13
0.21814914777330519,0.0911936106861229,0.3130083645495969,0.139532246810769,0.20803884550187454,0.08966539494703689,0.30985382801063355,0.13759787596857953,0.2071062178240835,0.08820876657184742,0.3253105292303472,22.0,0.21599310387040221,0.08078661563568254,0.29800559475055544,24.0,0.21128339166534546,0.09219410325209781,0.29247381665384753,0.21050312740533988,0.08826017172233983,0.3036428093529826,101,100,0.5166666666666667,8.4,1,11,2026-05-13
0.23614073937268654,0.09206358982583657,0.3177356116423748,0.136888539732134,0.21800660795759597,0.08644780987785056,0.32389760128765643,0.12098251940371539,0.20678385078204514,0.0792424552384616,0.29351359223732165,24.0,0.1861718173738986,0.09341196179001773,0.29708908735062517,24.0,0.2246116986284558,0.09731795320563329,0.302672581839757,0.21122102945257884,0.09336415302197751,0.3331072402704925,99,92,0.5966666666666667,8.236666666666666,0,14,2026-05-13
0.23665424594258047,0.09775269144060905,0.3195928590434124,0.1531456328670656,0.2299579238865968,0.08748770713040874,0.32689423879080437,0.13733883561581747,0.22287636699019098,0.07605528616184093,0.3130470266479351,24.0,0.20346253977718654,0.08455672305866171,0.32148946847384025,24.0,0.22463381282792416,0.1212643589316307,0.3125232943183001,0.1932295066086469,0.10375087757749937,0.31422439821834247,104,118,0.6,10.503333333333334,0,15,2026-05-13
0.21908042636489666,0.08894571086450534,0.3243153409160172,0.1549013712030049,0.2296960094966361,0.09515530850228812,0.3213518781549877,0.14946095199756174,0.2281134211177656,0.11179002515879315,0.32588930176903824,22.0,0.21212085371744005,0.08677971834467418,0.3164767124087198,23.0,0.22881554345735972,0.10972904391163481,0.32309208667490963,0.23047879729453907,0.0840799652199471,0.3181569429007664,99,101,0.55,9.193333333333333,1,7,2026-05-13
0.23462578582368968,0.0950130901679899,0.30708413088971376,0.14455425317350984,0.22791892019502782,0.10512106038606076,0.3153543240918018,0.17017952254358595,0.242378764825197,0.09801178775568856,0.3446131067357494,22.0,0.23058630967113605,0.07856132676787925,0.29058873156675574,27.0,0.2302666448053151,0.09770695924164387,0.32086822804706083,0.23406406128275467,0.09023724638792488,0.3136783686734452,101,103,0.41333333333333333,8.766666666666667,1,7,2026-05-13
0.23448837870930342,0.08819901599573038,0.32142337048849534,0.14962342544389537,0.22931150723320806,0.08726918647711251,0.3135032046942975,0.13719892372797846,0.22501727286619064,0.08953422227325053,0.3040993502864321,22.0,0.19933183484488287,0.08504709130599852,0.32509466715954427,24.0,0.2236703900749573,0.10514063353162079,0.31149528623419565,0.21511178614299103,0.09967785302879131,0.3085232219975499,96,96,0.6533333333333333,8.443333333333333,1,8,2026-05-13
0.21655553977393352,0.09195320059031092,0.31302642240490663,0.13581142167869636,0.2236557064918388,0.08756620713374971,0.3204078403904871,0.13316044605369895,0.2680663683499097,0.08034306120593221,0.299911384516542,23.5,0.2056094196828235,0.07588312747720163,0.2983588004947288,23.0,0.2360228345877976,0.08570604768076523,0.31887296196857795,0.21816224619697006,0.0987434716811445,0.3154879201253904,98,97,0.5566666666666666,7.31,1,13,2026-05-14
0.20693946249437817,0.09483063953414272,0.3135860620460353,0.1233173337698319,0.2167489924119147,0.0881239419214352,0.3128104150890196,0.13405658271118498,0.24261151374832926,0.09093890045772757,0.32054403588641617,21.0,0.22688961641105532,0.0952580042692251,0.3231237160223299,22.0,0.23735152638807994,0.0937147279265653,0.31327253723064025,0.25076511700140447,0.08988703590210745,0.298874728010865,98,102,0.5633333333333334,7.94,1,8,2026-05-14
0.2085607110064613,0.08726281679498192,0.3236358901111988,0.1431026859673471,0.22157570326318218,0.09492970587368678,0.3182851468243497,0.147603278532521,0.26575450872252526,0.07531395718487038,0.29286293204990543,25.5,0.23270459751344652,0.08133196465478035,0.3062413008031366,23.0,0.23655311618038807,0.08752525091275717,0.2995612243930064,0.22296005566478241,0.08673530833728141,0.30216201032820666,100,101,0.63,7.91,0,2,2026-05-14
0.21148809693524206,0.09201703444496988,0.31770254048560254,0.12831834558908772,0.22387865364414583,0.08794180996293115,0.3078996126911508,0.12727613672980642,0.24000670452646664,0.08870690926479802,0.3180511485398666,22.0,0.19779399478075732,0.0645167620426517,0.30056889319555813,23.5,0.23244464267538925,0.09137701735683607,0.30493810425240786,0.22660137601248553,0.10271790991878191,0.2871369387643119,97,96,0.5733333333333334,7.65,1,9,2026-05-15
0.22683289976286714,0.10031381836214083,0.32236085032078887,0.1403029832721089,0.20802831021087717,0.08665391961146111,0.32329394059112126,0.14678673697172065,0.24124116156301187,0.08205245240528067,0.3087320465158993,22.0,0.2322412213904577,0.08057686811015549,0.33676724957831217,25.0,0.2219787363185164,0.09791026499115532,0.30109650843804925,0.23670239754259564,0.08566465386080957,0.32527574899946304,99,92,0.6333333333333333,8.973333333333333,0,20,2026-05-15
0.218252152409566,0.09856817718800458,0.32562104610012976,0.14873713475250835,0.21387341912821722,0.08526593421069154,0.3172385457729029,0.12467656704128566,0.20492209411913168,0.07911595578213057,0.31517843514409716,23.0,0.22057479297273772,0.09482608389941134,0.31879963338897,24.0,0.22239022108894574,0.10289977159633525,0.3115439003403597,0.200596129956153,0.10134798123971794,0.2999276715606106,96,96,0.6,8.723333333333333,1,7,2026-05-15
0.21387138859121102,0.09139617048347692,0.3111212979912804,0.138052075778922,0.23032979367303558,0.10840325351202976,0.31680463195505115,0.17462273931789699,0.20040047149845297,0.08799290762827375,0.28388192407294566,24.0,0.2541326537602544,0.07531590538021922,0.28784837654665685,24.0,0.23634115051028037,0.08529232976825699,0.3181523054416319,0.23358456776090214,0.0901381559888292,0.3135686193432111,98,97,0.43333333333333335,7.173333333333333,0,7,2026-05-15
0.21230154042963145,0.09107611253798076,0.30712054858570775,0.133547832842135,0.23506911214541024,0.09579518990164138,0.3191725247769981,0.15443359148584235,0.22149268281467113,0.08403204838084276,0.3151069232564928,25.0,0.21087888184965825,0.08226643858130259,0.3265577923059856,24.5,0.25133764805456404,0.0887669500152376,0.30954038498647707,0.22410158001110553,0.11974547488202603,0.30965600018588013,97,96,0.5866666666666667,8.736666666666666,0,13,2026-05-15
0.22360651253793978,0.08676021695518944,0.31393616482565384,0.13643342561075145,0.22373370618299804,0.10393883585542135,0.3199694381156003,0.17392595008247802,0.21277366810830034,0.09403228357033022,0.28747096406972605,17.0,0.23021450787433712,0.09535140305641981,0.28502039308080773,25.0,0.23543601277307896,0.08536452010351121,0.3169714693956167,0.2324861890242632,0.09026803740793442,0.31415796699055315,98,97,0.5,8.54,1,9,2026-05-16
0.20973456759488404,0.07831399960260271,0.320609941909483,0.14535421257075906,0.210129582315658,0.0837841001523519,0.30729482683429327,0.12662240005003544,0.2211836772078,0.08394187013202259,0.29832044219013343,26.0,0.24137523916791717,0.08543766692237409,0.30181505368472816,21.0,0.23616639416976026,0.0870964088767679,0.29782182409461666,0.22581155219276128,0.09073629751417821,0.29552353366024253,100,101,0.6133333333333333,7.726666666666667,0,5,2026-05-16
0.20775324203660686,0.08882349361710812,0.3213059943773192,0.12702476938801044,0.21170773464394174,0.08623583049693727,0.3212796284113876,0.12272400205499404,0.18781370524864605,0.07017531723205049,0.2931957569488121,24.0,0.1938286299740112,0.08167942031417667,0.3021117118677118,26.0,0.23090116627702545,0.08966676869511694,0.3029769701460402,0.22736307245589957,0.1021607791216036,0.28673543200112594,97,96,0.53,7.743333333333333,0,15,2026-05-16
0.22082947489960453,0.0905740398283958,0.3072752296856087,0.13390816163515457,0.2072246563886109,0.09510704087661287,0.31057445145770446,0.12215304704106703,0.22863191460620674,0.09046081984802054,0.29540382118960107,20.5,0.24340401405933665,0.0815359851562115,0.31644201306801145,20.0,0.20050826023922236,0.09883249713629959,0.3313638652614176,0.23592970445265443,0.0943661570341996,0.313074583019628,100,100,0.47,7.8933333333333335,0,3,2026-05-16
0.22326936450913384,0.09791000175855796,0.31331767614711226,0.15445891477703133,0.21223798938144478,0.1000427805761873,0.3152941517882744,0.14367567473342727,0.2272763348332149,0.07545008601659958,0.3091947287384283,25.0,0.21165338050284901,0.08018849150344728,0.2909720836740868,23.0,0.21823542998980403,0.1092133942565629,0.3121400530406544,0.22339252852734617,0.08496998093788088,0.3030739671996837,99,103,0.5033333333333333,8.153333333333334,1,11,2026-05-16
0.21521140720765575,0.09181326924120069,0.31314822856389135,0.13858183810136712,0.22838603276511854,0.10559527364077027,0.31393215084778314,0.16778641526396593,0.24591422999971513,0.09029481950169718,0.2941954061601134,23.0,0.20194667903578478,0.10297338724852878,0.3109276338391955,23.0,0.23790650412654316,0.0850520292629274,0.31879061919224244,0.23297924239897583,0.09061731542925783,0.31581912792918365,98,97,0.5933333333333334,8.453333333333333,1,13,2026-05-17
0.24575480999612026,0.08949233655585397,0.3164183061581837,0.15001388403377816,0.21834963477573835,0.0970544747174654,0.32795442745968756,0.15352567222439506,0.22098578835230095,0.08950464721941259,0.31244625297388007,22.0,0.2109515177866113,0.09322809132456403,0.32408884570284147,23.0,0.22113942738875472,0.11070883488153305,0.32120963106308764,0.24081621124108535,0.09583091798398327,0.30866148752746786,100,103,0.44666666666666666,9.343333333333334,0,11,2026-05-17
0.23200908534393724,0.08844713373481844,0.3222417251608849,0.1500545418754608,0.21954961392597566,0.08757412831599042,0.31063228957226263,0.13323959666063737,0.22239268842397478,0.09105687368123347,0.2956596477078744,25.0,0.23460441274034083,0.0662225860656793,0.30154877282569215,24.5,0.22639642855154338,0.11181208137428056,0.3186431337344128,0.21078972874418292,0.09345882962331488,0.294844762352779,99,101,0.5033333333333333,7.823333333333333,0,8,2026-05-17
0.21909603164603167,0.09339033043637647,0.3202543476946112,0.12726887633431508,0.2106529303435768,0.08613442130473661,0.32354672705522514,0.1444523099684467,0.26798901756253224,0.06301648980365002,0.27423456718000006,24.0,0.25309864077751,0.0742207974237416,0.29833101604186146,26.0,0.22235794395098543,0.09887759690932821,0.3044428661527441,0.2387920682370287,0.08466595194397428,0.3252383687548104,99,92,0.5766666666666667,7.083333333333333,0,6,2026-05-17
0.2014892396407878,0.09705957674370116,0.2979534174889125,0.1289095472380365,0.23396838824424945,0.0978379573948164,0.3200286142039772,0.1539880317873693,0.2502211000231874,0.09781811336077678,0.3079005431107233,24.5,0.1983723595418541,0.0764056857825518,0.3274704398478038,24.0,0.25083111783755796,0.08834048808801331,0.3084249276684565,0.22386371241473202,0.12346409303386549,0.3112122765049796,97,96,0.6333333333333333,8.233333333333333,1,13,2026-05-17
0.2295920941939851,0.08655685317583736,0.3140961735185885,0.13088755131250984,0.20583588205994277,0.08896686019412173,0.31356992749052304,0.13360904053340272,0.1898082783386026,0.09266665770046534,0.3093947841006039,24.0,0.2025561244866607,0.0791274367977273,0.29633623723337216,25.0,0.21291429966775893,0.09898995607582521,0.30913721905934954,0.21472653988020018,0.10596844171912985,0.30955600633911895,98,96,0.5066666666666667,8.336666666666666,0,2,2026-05-17
0.24647750948622044,0.08855945915325464,0.31565085116327396,0.1493599379135896,0.20816542514999223,0.0950185670074302,0.3292351269764685,0.14618517409848583,0.21999066585289187,0.10477197185305231,0.3034447177425248,22.0,0.21926775440600657,0.08682470804351591,0.3100367680500372,22.0,0.22271349850292138,0.11048715735438219,0.32150402883150797,0.22129020196991167,0.10210013488860646,0.31487475624778766,100,103,0.43333333333333335,9.23,1,3,2026-05-18
0.20655129703332026,0.0876051224249095,0.3176190347964352,0.1358540232753402,0.21533393432805448,0.08400997818113295,0.30866487700062817,0.1256779356918636,0.21058924604045728,0.08821107680151971,0.3264683372539756,24.0,0.21819203821150507,0.07024269077206649,0.31895181437355585,24.0,0.21387159946212564,0.10589800985641523,0.30792345468394433,0.22568981975810568,0.09314856182058966,0.292725192155564,104,92,0.5666666666666667,8.873333333333333,0,4,2026-05-18
0.21331415930873068,0.10093266646209464,0.32327591828535757,0.15889964482438113,0.21470097299750826,0.09603859533198468,0.3136648987435494,0.1398463349023478,0.251571743791732,0.08147221511558408,0.3220524108570295,22.5,0.20192699803149589,0.08229473363829826,0.32335664632782046,23.0,0.2300586865415764,0.091295252581007,0.3149219650887227,0.2463542338582797,0.09532889572209603,0.31919542247424554,99,110,0.59,9.853333333333333,1,13,2026-05-18
0.23696906774997575,0.08390192920163757,0.32569479241731353,0.12785766279993663,0.2280491242901437,0.08839450191801906,0.31038849406292957,0.13291721785645344,0.18354466638012984,0.09680014046693743,0.2983389059500995,24.0,0.23851949154401814,0.09966576610801911,0.3172712364785958,24.0,0.2106453593558788,0.09173869054148326,0.3272754074105883,0.21131350822785777,0.09306908953121512,0.2936849855322834,112,104,0.52,10.036666666666667,1,13,2026-05-18
0.21036629200308632,0.08582043960548465,0.32346861699726237,0.12012423338134878,0.20913168474297938,0.0869498942276296,0.3215167063746293,0.14511667497892006,0.23995363426573402,0.08468670077657842,0.30989656463461024,24.0,0.2100255935299798,0.10708039053960172,0.29685866118827203,25.5,0.224424363623303,0.1032994122456959,0.28492036914981467,0.23700162969288294,0.08608768221739571,0.2984896161505562,96,95,0.51,7.34,1,12,2026-05-18
0.21113923264240833,0.07999220992615347,0.30857732175796604,0.13377524602882565,0.20905027300524884,0.10208714367065558,0.33023380093651444,0.15173717155753963,0.22293576005362137,0.10297057773424807,0.33340557810779115,22.0,0.25653021585154767,0.07959760966181273,0.31641457302332565,22.0,0.2525650068447155,0.09365859792055482,0.29745621977595904,0.2407819519106495,0.09514051330419972,0.3083303985306862,96,95,0.44666666666666666,7.696666666666666,0,9,2026-05-19
0.21248401163160868,0.09149124685886632,0.30700875661396826,0.13610861100320448,0.21836741329229165,0.08238765292200426,0.3164271241073529,0.12732516677937714,0.19682064810645516,0.09000727819822488,0.32282100709338823,22.0,0.23493327245413698,0.07432069060882429,0.30915570527294645,26.0,0.21385178950242484,0.10551397096432319,0.3088261897095513,0.22710283931609238,0.09250101290938453,0.29188710333614365,104,92,0.49666666666666665,8.783333333333333,0,8,2026-05-19
0.2048378221094199,0.07716343373225099,0.3140353994952949,0.13080302767090846,0.22744392380386735,0.09932015376914871,0.3119724720252426,0.14895379673239828,0.25674661480115946,0.07567180080200475,0.3337141432117032,24.0,0.2511087112912005,0.08619999686992189,0.2992520428152765,24.0,0.2381907529305312,0.0842964287018817,0.32425211558626865,0.22118866962703843,0.1233939900495207,0.3105970225727623,101,106,0.4866666666666667,8.82,0,5,2026-05-19
0.20534589343251025,0.0901483779787311,0.31086736076132976,0.1350524942785657,0.21640332834100204,0.0834882804157619,0.3186218779423895,0.13293506197173494,0.21987118565601038,0.0772429254047375,0.2951179197354945,24.0,0.24276310358404252,0.09443859038158343,0.3116442971717694,23.0,0.2063886097901344,0.08800637949643234,0.303751737535801,0.20200137538238488,0.09962556164195976,0.29753384243946757,103,102,0.5566666666666666,8.823333333333334,1,8,2026-05-19
0.20647064154639827,0.09001326513466562,0.32266564405537873,0.12563111761596432,0.23346449370846856,0.09498648579684604,0.31409637229790954,0.14856337653697688,0.2319129110675743,0.09939597750920295,0.3164378843345087,17.0,0.24554406104150261,0.09925941929981927,0.33471378342992053,22.0,0.2313372653837253,0.08900995785837942,0.3107550301514909,0.2254363764644427,0.09973523908439699,0.3229978956707309,97,96,0.61,8.363333333333333,1,5,2026-05-19
0.23109670144215708,0.10926496715921796,0.3177666912226214,0.17262624868570114,0.2122515597346074,0.08608585698416532,0.3122924249791461,0.1408059532714843,0.2468476283400553,0.07984688382562855,0.3249628811693144,23.5,0.27949547676393316,0.09415599413187939,0.32879830177188474,24.0,0.231978048257494,0.09241226448587955,0.3152769552498396,0.24473569281869456,0.09491041701073655,0.3195184991476022,99,110,0.5066666666666667,9.01,1,9,2026-05-19
0.21259942117501168,0.08899469099405165,0.31054354744637225,0.13071577164599724,0.21852938476484052,0.08536164698929888,0.3118530336757366,0.13358056310756689,0.22686794160578122,0.08825332656641965,0.29315641779489965,25.0,0.26618051587985214,0.08175546195467547,0.30070180972523874,24.0,0.19238467147073696,0.10274562847119162,0.31803750712531054,0.23443206924991022,0.0869962189234167,0.31624479041012443,100,101,0.51,7.77,1,15,2026-05-19
0.22869733892490718,0.09503470568483395,0.3175801693120816,0.15060785482424693,0.22791071312802588,0.09175608024686144,0.32261938172627164,0.14498766224442472,0.23772723719605793,0.08614720968979092,0.3126186547047411,26.0,0.21106366233661794,0.10860100379410906,0.3111467466287368,23.0,0.22215545105588103,0.11083591216501788,0.3217208247304452,0.2212517780261903,0.1021086970839998,0.3148824091602974,100,103,0.5166666666666667,10.166666666666666,0,20,2026-05-19
0.22280463850269522,0.08689656611782909,0.3131790800178395,0.13188209178405064,0.22925697977877166,0.09594241482633964,0.3223109911321984,0.15330875051089632,0.22762173631433275,0.08302087954932509,0.340992611970784,25.0,0.2055358076000533,0.08422548477420222,0.3193644193669307,24.0,0.23802435896882507,0.08559286050406319,0.3238238870091893,0.22307671586173747,0.123228383200229,0.3095039102870449,101,106,0.49,9.736666666666666,0,13,2026-05-20
0.2132825250585483,0.08553169549771929,0.31678746838430194,0.11882035757293538,0.22392514273855724,0.08688850375028573,0.3162439629102876,0.13163281157882245,0.20441088751240225,0.07633249424995277,0.3386273242470182,25.0,0.2358217378745915,0.09529966852848672,0.31454923962875647,24.0,0.20999121630657142,0.09375710460518319,0.32693052831495095,0.21084524592524262,0.09256493757108436,0.2884996830105775,112,104,0.45666666666666667,11.506666666666666,0,9,2026-05-20
0.21449744515774538,0.09000228659515058,0.31943498053521935,0.12426353625881978,0.23380903263722588,0.09306372950682401,0.3117619561557894,0.14680585582405747,0.20392799933250588,0.07990020703211138,0.2948851498566233,22.0,0.21638004789713033,0.09234485791692815,0.32676786410493885,24.5,0.2313510088067393,0.08890007213760555,0.30904447385289624,0.22627327212494106,0.09896475614717028,0.3234210026104677,97,96,0.5633333333333334,8.106666666666667,1,8,2026-05-20
0.21384273067743736,0.08278452689524246,0.30574595863692866,0.12937788479045695,0.21524357462339727,0.08665715230426843,0.3158574295462876,0.13196551728675776,0.20269415792134127,0.0862519660036127,0.3090514780819851,25.0,0.22138431305425646,0.09196918318145297,0.3310738196186653,24.0,0.2075571041138859,0.08826433634316261,0.3027773554121248,0.2014459546107828,0.10140347090040225,0.2983409078033403,103,102,0.5333333333333333,9.603333333333333,1,9,2026-05-20
0.22970521867178428,0.1007951056723879,0.32033111278992255,0.13867524209042742,0.19901329369017853,0.10063408599385831,0.3004259915073207,0.1322465997782417,0.23208519241112538,0.07567648264973273,0.3148634612543236,24.0,0.2206522001518421,0.09828498892904355,0.3072130098581493,22.0,0.21266419701359596,0.09747123497892245,0.3117639441104466,0.2538732454034784,0.09069267234583304,0.3078332906438735,97,95,0.53,7.636666666666667,0,4,2026-05-21
0.20924107219136398,0.0872937722095001,0.3166741171060739,0.1213789724266162,0.21336723601138988,0.09105852228376397,0.32411863654719725,0.14401728285004733,0.19419043185281076,0.07845914164013551,0.30388674862449805,26.0,0.23597870900232004,0.10112446686681087,0.320046291022673,23.5,0.22570954230726004,0.10389580319324007,0.2857666609599796,0.23444816370593088,0.0897009764269546,0.29678212199472187,96,95,0.49,8.383333333333333,0,12,2026-05-21
0.22476808451390973,0.08585426953682199,0.3099257009898824,0.14380525592204446,0.21003180683840122,0.09855103538327087,0.32598465548555744,0.1474911384211825,0.23839185534234553,0.10103225103111219,0.2969345877195654,25.0,0.21050421089500282,0.09673400585506209,0.3237096964258965,25.0,0.22007053052763798,0.11067176632441421,0.3226082875548756,0.2207532273439827,0.10077837996013791,0.31059778712045527,100,103,0.5033333333333333,9.743333333333334,0,5,2026-05-21
0.20813353832784043,0.08844561202144446,0.32538841573259697,0.14023144637063625,0.20952612055893202,0.08493231402795082,0.3081922901096295,0.13201267532209668,0.2146957230469355,0.0994218322957641,0.2993549666202725,24.5,0.20719660310632249,0.08802270893796521,0.3280249449577872,24.0,0.23499190957501476,0.08832892438184747,0.2972834570972042,0.19521967222994485,0.10103117389634313,0.31701530072877504,100,101,0.6533333333333333,8.72,0,2,2026-05-23
0.21252895304888783,0.08077603976257948,0.30795889105393415,0.13490839067218593,0.205921684076671,0.09801670843088692,0.32567164801466386,0.14298348266546657,0.20805117781548949,0.09442975186243649,0.29344729339712666,24.0,0.2264960684760163,0.08409895764082079,0.30088377859417564,22.0,0.2524637035553512,0.09391664056947432,0.2972773000850041,0.2204769776850571,0.09999935497960265,0.3113883311586132,96,95,0.45,7.916666666666667,1,2,2026-05-23
0.20646492740592046,0.09598532893824178,0.30579110865851933,0.14524344473349518,0.226469475385271,0.08634356605166703,0.317486774835417,0.14978308183876876,0.2052121033362877,0.07508094010030944,0.3203008807238309,23.5,0.23241792755943086,0.09464598828950099,0.3006580093666027,17.5,0.22356143954404856,0.08582230056885656,0.30060533600262274,0.22266080468023702,0.10985415371921142,0.31511711514946716,100,101,0.59,8.903333333333334,0,3,2026-05-23
0.21007577012439996,0.08624195009847894,0.31509327582489344,0.13409738049247816,0.22099403190493758,0.09044317338819681,0.32202076573615296,0.14068355984860167,0.19780767077833128,0.07679342552692751,0.2901230356405069,25.0,0.22607670561653317,0.07176426327852936,0.3207584432464572,24.0,0.21188266779289855,0.10340412018487949,0.3121216806095508,0.23215503655238212,0.08487619629238159,0.3202696618113269,104,92,0.5,9.096666666666666,1,5,2026-05-23
0.2343314551393219,0.08807521512157084,0.31162981354878144,0.15460405855633788,0.217976066464306,0.08653807781773969,0.31385055941243495,0.13274360051527323,0.21583713202788396,0.10225944763548761,0.294894831465662,22.5,0.23511039761793082,0.06713163304569975,0.3012371345284416,25.0,0.21769994168782764,0.11219277543530348,0.32034774104802866,0.2096428451928095,0.09101073785938585,0.2881979326494658,100,103,0.47333333333333333,8.19,1,7,2026-05-23
0.2063525626151836,0.09473206596786722,0.30821246839978655,0.13936919743017637,0.21939035296651566,0.08684351208908221,0.3045619072774473,0.13260615899413317,0.23430550445040482,0.07393433421800716,0.3048122382189753,24.0,0.2242960326792403,0.09002363218697088,0.28841515973346993,25.0,0.22315151977167302,0.0860517275254454,0.300698729320537,0.22320784961755694,0.10916770924974747,0.3139164134791308,100,101,0.6166666666666667,7.833333333333333,0,13,2026-05-24
0.2089323326459513,0.08605666805133705,0.3150986344997018,0.13286017856447202,0.22345780542464816,0.09187093921768479,0.3178257611710314,0.14155775691951827,0.2100423262929033,0.08740990476061813,0.3245692750943273,24.5,0.24336082983734558,0.06615167071674623,0.2909283466315065,25.0,0.2119103196504168,0.10341545365730247,0.3120799558907549,0.23156646843893414,0.08585701954348621,0.3185994093796676,104,92,0.41,8.776666666666667,1,14,2026-05-24
0.21638927395911478,0.08500355878752168,0.3040361497041254,0.12557816942197897,0.21616794279828516,0.08533307460495008,0.30616344954235625,0.1306404963854151,0.22498722303242635,0.06912817263638568,0.3198488783903842,24.5,0.19723199578089684,0.07362515599373567,0.2947977025613157,24.0,0.228397253991366,0.09011663921154425,0.2942008201748999,0.20211999487729,0.10106729378121815,0.32194564958209193,108,97,0.5733333333333334,8.87,0,11,2026-05-24
0.2167784834627244,0.0844693104771687,0.3140536564862274,0.14129392580545808,0.20369821219290474,0.09859534041866816,0.3226579385149003,0.1408848086184663,0.23451061709518997,0.09480156787931422,0.29106742830960214,23.0,0.22178465412971066,0.09443303118481203,0.295075808184968,22.0,0.2533817842590317,0.09370818702215168,0.2958061927544198,0.22137991967361192,0.0998645411033408,0.309816083718812,96,95,0.5533333333333333,7.83,0,7,2026-05-24
0.22315569155625775,0.08563767722321619,0.3156783422162715,0.13523963755202736,0.23066282837003899,0.08899431027476916,0.3181211554637383,0.1506121700280757,0.2230161950008076,0.09205908891582196,0.310422900092604,24.0,0.21957095366828747,0.10577135849996963,0.29050225293938375,22.0,0.20569032040922286,0.10172983162339469,0.29518095773056446,0.21835040360346306,0.10896158579311405,0.3117716395486301,94,90,0.56,7.773333333333333,1,13,2026-05-24
0.21880881227495605,0.08409319703940395,0.32232220330526845,0.13429591915538458,0.2148636939579352,0.09061532562260248,0.31908399587775266,0.13017666641833034,0.2362534048569389,0.09025656108801244,0.3131292415986662,23.5,0.20127670366487715,0.08238186888603216,0.31205830232246334,25.0,0.20642612731983023,0.1011778566072487,0.29351466220658207,0.20482236328012934,0.08848174326934224,0.2993691669505238,94,90,0.5633333333333334,7.913333333333333,0,8,2026-05-25
0.20617574057132654,0.10049273192025344,0.3248838562204106,0.14205550434235578,0.2173629647143211,0.08876907197088528,0.3207860446461646,0.13855097541552028,0.19613726755299118,0.07893992841274014,0.313732929750984,23.0,0.22022574678010826,0.078697139202752,0.3254312642479872,24.0,0.22065694630119115,0.10039367872360164,0.30967961525346177,0.2296070093427453,0.08632406696627352,0.3193073574681637,96,96,0.6233333333333333,8.636666666666667,0,11,2026-05-25
0.2079060571133188,0.0864857131027993,0.3158006639871245,0.13135366981780694,0.21924152019242218,0.10364824059133475,0.3108317209488152,0.16273663045518005,0.20874317088360192,0.07818806120924214,0.2944486345737417,25.0,0.24281774423294925,0.07870483186077884,0.32427907319505633,23.0,0.21123823198967326,0.10240219242811793,0.31423662339755865,0.23334753821445264,0.09129834511055561,0.31673525472926134,104,92,0.5266666666666666,9.58,0,7,2026-05-25
0.21755019917060966,0.09553152820388638,0.30759829434280217,0.13082120295380995,0.21777476951182617,0.09014538034904028,0.31909302732272865,0.13872182874872466,0.2066488205891031,0.09311512318524519,0.3113363623520845,22.0,0.22521072742124004,0.104738547640508,0.31941631918124636,19.0,0.21015851849608563,0.09061956769419971,0.2903104679218498,0.22097465867496985,0.1100390574989441,0.31194739211059974,101,100,0.5966666666666667,8.866666666666667,0,9,2026-05-25
0.23382781181373927,0.08781849581647688,0.3128195187784335,0.14618880703620896,0.20695306377723688,0.09132283498050399,0.31694364458281843,0.13142508365599784,0.2230284021113497,0.08778440620484092,0.33701344179777937,24.0,0.19943551817864275,0.08706058023903832,0.3087356935398884,25.0,0.20537352625146804,0.10183814785563428,0.2939769868488875,0.20451732312305448,0.08801838697151187,0.2986280676486215,94,90,0.5466666666666666,7.34,0,12,2026-05-26
0.19979036254217333,0.07619782664060516,0.3129495136459079,0.12865809754085586,0.21912703429653999,0.08766471040787814,0.312447141235469,0.12662250642768944,0.23194949054104388,0.06413115456429908,0.30496984316259945,25.0,0.24297403066705425,0.0957765165333007,0.3004129180757865,22.0,0.24496652279853814,0.09592587970169891,0.3116475495654716,0.23021808864992852,0.10248023751728645,0.2861120378696065,101,102,0.58,7.976666666666667,1,3,2026-05-27
0.21163861487484315,0.084278891707741,0.3127149814277675,0.12445408149940478,0.22063987476952565,0.08226270805332686,0.3164710378768631,0.13929838087807295,0.23109047985183595,0.08321435770228416,0.302920486831899,22.0,0.2134990122250601,0.07798872251340212,0.29532105057431923,26.0,0.2317715583233641,0.08979701942847212,0.2966463937127213,0.2352065682470187,0.08762965577886353,0.29611644393685754,108,97,0.49,8.703333333333333,1,8,2026-05-27
0.21743791041868654,0.08808866662255979,0.31158356580574126,0.1392084774551442,0.21614539121341797,0.08380872704592635,0.3099745910436404,0.15100256274966511,0.20011275013672225,0.09321329896439356,0.31354368173637776,23.0,0.2622138090843307,0.06518411433034557,0.30738949157957474,27.0,0.2527700946853795,0.09482171945437637,0.2939059719367762,0.24179611467607542,0.08358899479915541,0.32590588199359327,96,95,0.5166666666666667,7.25,0,3,2026-05-27
0.2124268846008851,0.09710354723228147,0.3318158655606495,0.12132498680841557,0.2263094645739774,0.08866872819416392,0.3139933484885063,0.13703558764758575,0.21595759472362222,0.09107286935548939,0.30126584242200594,22.0,0.2043954273547275,0.0825162976450555,0.3246709155340435,25.0,0.23377580328617514,0.0958876526311788,0.30572211704022,0.21635256582140697,0.09975457761503584,0.3084916826689958,98,102,0.6333333333333333,9.12,1,3,2026-05-27
0.21430484443031447,0.08408207978546459,0.31843289577259215,0.1260556455009233,0.2196358085373843,0.08047539727887372,0.3153286159332228,0.1394242426365914,0.23531490073273853,0.08192064381749639,0.2898284976544783,22.0,0.2696072404786718,0.07251289516388579,0.29370720487445484,26.0,0.231100722768262,0.09009117896089466,0.2958158092488904,0.23327383781453173,0.08636064673290997,0.2969336539697133,108,97,0.48333333333333334,7.886666666666667,0,12,2026-05-28
0.19766422987825624,0.09024321056437436,0.31854303405402656,0.12217200192413936,0.23395645893260417,0.0877899008059755,0.306890412382339,0.15205192709146464,0.18124164677795362,0.06806306385509017,0.2964130014515606,24.0,0.21902304968192654,0.10392217550601181,0.29954205669483724,23.0,0.22793070483076341,0.08780857865922488,0.31343074150142036,0.22052769288221868,0.114782441359041,0.31845440909550526,97,96,0.5833333333333334,8.44,1,13,2026-05-29
0.21644376172254443,0.08828695918630347,0.3214320376333558,0.13989191714326735,0.21157863800039428,0.08954228807468999,0.31854484189251236,0.1289363690092783,0.22111592068256947,0.06854195654996931,0.3235942828221163,24.5,0.20174937090306064,0.07981184759390544,0.316413692345238,25.0,0.22828760696916262,0.08445331016292576,0.31919156678148497,0.20543069435297906,0.08799925732783828,0.2992180107421283,95,96,0.58,9.106666666666667,1,13,2026-05-29
0.23266291365544564,0.09409646035877879,0.32246452934918085,0.15510876388828226,0.21488697842881738,0.08798110290476115,0.32750986773639507,0.14338161926025672,0.19512770462534706,0.0739076235520478,0.33308321444533195,22.0,0.22421791919309814,0.0985610799776992,0.30746461916356177,24.0,0.22177651251314784,0.12188768283253462,0.30603370697665333,0.23308672894060223,0.08560770159243525,0.29566976090190006,104,118,0.49,10.77,0,11,2026-05-29
0.2147151225762699,0.08922673831400975,0.3062347174269626,0.13697323763308136,0.21585167936437794,0.08996443846362476,0.30754736335606103,0.12904569373920266,0.23946486902352845,0.10229790436804351,0.31460580122594267,24.0,0.18899431005368733,0.07421682915563602,0.27963691427710063,25.0,0.2072315591616613,0.0900041722367956,0.29295012031289547,0.20795364744882444,0.10310489470801942,0.3215057880820005,101,100,0.5266666666666666,7.75,1,10,2026-05-29
0.22143160299238776,0.08546775164295707,0.3167004473375213,0.11707026236026863,0.21139512010855338,0.0830955488293541,0.31733278975440404,0.1308536422736405,0.19563838247731408,0.07609855069185784,0.3590629441631109,25.0,0.2251641189786161,0.07363623723543229,0.3285584942840981,26.0,0.2048468672755529,0.09399596066558649,0.3248712938847633,0.20555182918075854,0.1018688926092079,0.29332783562174125,112,104,0.44333333333333336,12.253333333333334,1,14,2026-05-29
0.22108819320762949,0.0854513241720731,0.31236742272843426,0.13581416960752263,0.22915429478537774,0.09992351354101593,0.3151146909987504,0.13939441893092705,0.20505460019374563,0.0904865215574007,0.28715933512086383,23.0,0.21848405966836643,0.0875005631091144,0.3134997961462299,26.0,0.21971620849940265,0.1058086871406134,0.3096352873838219,0.2123934694978047,0.09876297597223355,0.3140112580618863,99,103,0.5466666666666666,8.5,1,8,2026-05-30
0.2260185865574125,0.08262608913490868,0.3160057601647764,0.12492033494975652,0.20427961125561767,0.08309237660175434,0.3195018240603715,0.13170079541908197,0.21271160849565152,0.08906572534303672,0.318850770639671,24.0,0.17794295750827197,0.08064808772590704,0.31395227599291403,26.0,0.20461799641738476,0.09325805321089653,0.3257919441747519,0.2043571099864131,0.10022473254006298,0.29731185682974337,112,104,0.52,11.956666666666667,1,11,2026-05-30
0.22185098655551186,0.08993789315173631,0.3228054383328156,0.1437322973291408,0.2108272587313459,0.08968099738092919,0.3191046059992988,0.12868891479141864,0.24034700001452147,0.06673689882222411,0.2935878989852293,25.0,0.20779264695826039,0.07744840512711378,0.29363580764721364,24.0,0.22627690400705913,0.08499256823599718,0.31964759169561396,0.20762061169462231,0.08747562390838637,0.3009112747742223,95,96,0.6066666666666667,7.323333333333333,1,6,2026-05-30
0.23597005903804044,0.08683740537198548,0.3274075378273732,0.14556691866086038,0.2292091507180713,0.10598107622218425,0.3185749252434773,0.1736244549015363,0.22743072753609644,0.09325070230252024,0.2973812177739328,22.0,0.24712190893597807,0.0798695286124569,0.3182487676167982,23.0,0.2198118729962389,0.09715967889480136,0.31083060361094195,0.22799144414947642,0.09182077480466802,0.31240874535330904,96,96,0.5233333333333333,8.143333333333333,1,10,2026-05-30
0.21086615308858794,0.08863426033764436,0.31809944378090993,0.14785683550038511,0.22097275519613613,0.09552399683264749,0.326941871776785,0.12569842594225034,0.2232865465798014,0.0933696547208798,0.290904264023803,25.0,0.22991063041772325,0.10727627406200752,0.3235015654336366,22.0,0.22106405015227076,0.10968203602032442,0.3066776143765748,0.23531042800793883,0.0957775847941396,0.3031448458493482,99,101,0.5733333333333334,9.376666666666667,1,11,2026-05-30
0.20718571184683002,0.09017588545423859,0.3171319042084481,0.14269852043133993,0.21491037052632767,0.08386134732952735,0.3186717132220585,0.14796121458266007,0.21596847986661927,0.08809783143307245,0.3167139818715863,23.0,0.25666616681051735,0.07561184321650147,0.32814522688019343,24.0,0.24285577483428278,0.09335580729635731,0.30366308837302114,0.24126961529237384,0.08277913075774176,0.32428887811887674,99,105,0.55,8.74,0,7,2026-05-30
0.21347675773607,0.08963979534750932,0.3189268713351139,0.1438406491454228,0.21823955080752894,0.10000010560656922,0.3154914141804633,0.12962463684974715,0.21721504789566254,0.10942828656242416,0.29863198948131475,20.0,0.30509912188613486,0.0853276343540001,0.29428351332563285,21.0,0.22309858953585254,0.10879515302072501,0.3056556225414256,0.23493184806809048,0.09594321853595167,0.30513216073754956,99,101,0.49,8.25,0,2,2026-05-31
0.21502958260058047,0.08658558494559801,0.32340873959408944,0.1454128978122204,0.20847704523505348,0.08719367062897186,0.3116999333253634,0.1293266859307252,0.2143382772563093,0.0782424066907785,0.31318957358831734,23.0,0.19904659915375555,0.08203280696995008,0.30687207228318913,25.0,0.22501868336004338,0.08524203990607104,0.31841915064851356,0.20608398395050248,0.08682316163615719,0.30001026946609843,95,96,0.5933333333333334,8.02,1,5,2026-05-31
0.2052297186450116,0.0923044241834426,0.3089227917402611,0.1320419586231727,0.21189176127941192,0.09116579038390303,0.3206887366956802,0.15204879920353992,0.20146471779466296,0.0861025861463617,0.3102158645481542,25.0,0.25393905716301524,0.07702600798691987,0.31797560647288303,22.0,0.20864348846180664,0.08726425604086682,0.3009758116966724,0.24148400331731334,0.09361096610963232,0.3012752184244637,103,102,0.49,9.363333333333333,1,5,2026-06-01
0.20300863068659447,0.0919130543287974,0.32146596207009154,0.12299092025155617,0.21956880930908326,0.0839660871555186,0.31284290137499354,0.13179433240695582,0.22959100190541176,0.08232463053685904,0.3038233112179805,17.0,0.23848953034956474,0.08784568950889345,0.3184705773780031,24.0,0.23586563593091858,0.09560210711360369,0.3043263770810263,0.20273069902570393,0.10058034085089712,0.2983427063918098,98,102,0.5733333333333334,8.223333333333333,1,18,2026-06-01
0.21201338776710632,0.08902599965278572,0.3262096482962168,0.1486124508213151,0.19895402991815703,0.08265145040440837,0.3163433799297853,0.13516017241274456,0.20868942388691122,0.07702284582485658,0.30430774776011443,26.0,0.23161471018188562,0.06510520713788448,0.308492403158494,25.0,0.23556251847354345,0.08403803270998603,0.29477315622090505,0.23910834618601845,0.09598858923942133,0.31213276420646285,100,101,0.5966666666666667,8.493333333333334,1,7,2026-06-02
0.2188142686703705,0.08920962069623434,0.3181569237660309,0.14804003849968256,0.21558363504707548,0.0979018573830466,0.3286824427545032,0.12946960315215894,0.2139136841268171,0.0804374334161681,0.32747736635292735,22.0,0.2235618165442584,0.11073922933349999,0.30195794050119157,22.0,0.22315946630746464,0.10816189456561526,0.30459375451726634,0.22910480313714865,0.10008251206134897,0.30047752705736674,99,101,0.48,9.286666666666667,0,16,2026-06-02
0.21831796532088196,0.08496879159835084,0.31684596890456346,0.15067788929388445,0.2119443196368246,0.08956570066067697,0.3023690205741205,0.13559885293667792,0.22614323026618088,0.07706591119935655,0.3389166086538774,24.5,0.18946722454052267,0.07903212355790253,0.30451311873544784,23.0,0.2403492782960057,0.08280455859510562,0.32416777353391646,0.24994099485120924,0.09390744385467786,0.2929179146391226,101,106,0.63,9.01,1,5,2026-06-02
0.2142406074800791,0.09910451386801526,0.33035646294216003,0.12182073565517998,0.22065590435085813,0.08659580100470492,0.3132014101373863,0.1329142478017375,0.2461891697755508,0.08060646145175646,0.3088490633133291,21.0,0.2208992388464137,0.07428515272383342,0.3011109061107434,27.0,0.23623322702219296,0.09626648340011279,0.30213832023617665,0.20034031191104834,0.10269576818192486,0.3022561029384443,98,102,0.6066666666666667,8.34,1,11,2026-06-02
0.2178906481684989,0.08996611032865207,0.31848035555506304,0.1577039020473133,0.20169489446298242,0.09311853030480084,0.29873234884501193,0.12903788109321868,0.2575122088833701,0.07265288240800678,0.28941658465413994,24.0,0.2196136189071759,0.10487932604887747,0.3063446522974794,22.0,0.22562283342793718,0.09187496013416167,0.3140190816925036,0.25676910545155807,0.09155358808924435,0.31401889009987294,99,110,0.6,7.876666666666667,0,13,2026-06-02
0.22518799412752794,0.0937650550525169,0.3148129291254652,0.14156792510797003,0.20612945098991126,0.09859012556489194,0.3251995144668844,0.14223796400628774,0.20583643341777316,0.07758892537394241,0.3046959785737363,23.5,0.21837879681952094,0.0846159395871767,0.3245751477995338,26.0,0.22187395388091194,0.08713312087184227,0.3030416151731311,0.2199791002285455,0.10009682441596521,0.31095703475658704,100,101,0.5133333333333333,9.65,0,3,2026-06-02
0.2288037870593666,0.08554257969339135,0.31440226011180594,0.1458313423932522,0.22569866069418001,0.0894919155121937,0.3197782878945749,0.12394142451512995,0.21956444420182727,0.09561947699043166,0.32224091899253854,22.0,0.17205070650522558,0.07202971034110314,0.31039191733717925,24.0,0.21907623100046492,0.11753564327744412,0.31855223395458393,0.20298378470910525,0.09318977306925663,0.3341081460579613,100,103,0.5633333333333334,9.446666666666667,0,10,2026-06-02
0.22827196383394208,0.08834104085734326,0.31340521136155375,0.13500421909157398,0.215476202469622,0.08674036733078477,0.3145637878541237,0.13703856983189322,0.21045640851597647,0.0788799027759356,0.3169928559240306,25.0,0.23119214942713856,0.06777568360930167,0.29335273573905385,25.0,0.21588460354449684,0.09641997008168923,0.307345926654092,0.20894208409705933,0.089819807452747,0.29780909575259856,98,96,0.45666666666666667,7.383333333333334,0,11,2026-06-02
0.2284929566898157,0.09026753301666612,0.31409491615228796,0.1455015291163798,0.2155081329298461,0.09143982418198651,0.3218793371206742,0.1211495569973256,0.216911632565251,0.10440966310351316,0.29800681360770553,23.5,0.19326909072366033,0.07728453442920569,0.3592804880241746,24.5,0.2190616374738243,0.11725005231430731,0.3180385240358655,0.20320206362162962,0.09252587565762083,0.33297679396604446,100,103,0.57,9.45,1,15,2026-06-03
0.21713484692396492,0.08411644442374283,0.3179445463538974,0.1486709908898512,0.21942365610587033,0.08683111111875624,0.3131456222076912,0.1410354630863132,0.2640325516978346,0.06320575931602436,0.30991496823399156,27.0,0.19707588863293382,0.09018668144316284,0.30920837776956533,23.0,0.24071416944635782,0.08261122554098715,0.32380752545374525,0.24901442928484796,0.09495795897096522,0.29430775318085584,101,106,0.5866666666666667,8.63,1,5,2026-06-03
0.21781435371572977,0.0838267055971065,0.3094478861750056,0.14522937180667045,0.20168142446499,0.0796180408300318,0.3204278538489008,0.13175883092365315,0.22443635820080543,0.0963959594107723,0.31408230424740646,24.0,0.2034556323053298,0.07908104038442504,0.320494431659004,22.5,0.2362113846592767,0.08351640141095032,0.29597910157065577,0.23873502529165297,0.09559047096650805,0.3113428943346407,100,101,0.52,8.533333333333333,1,10,2026-06-03
0.23960524903943467,0.09372003041317928,0.3181354415591976,0.16120580526060035,0.21278410262167557,0.08890607396457156,0.31013960840779714,0.1351395773582851,0.26233092945581216,0.08240875573404889,0.2988399702862129,24.0,0.19095355315615758,0.07264507363183553,0.2836702667200034,25.0,0.22069094241817408,0.12083814729798087,0.3075457112744639,0.2106800771747281,0.1029075221711751,0.3278660253633797,104,118,0.5766666666666667,9.31,0,7,2026-06-03
0.19791702239907108,0.09217096957271863,0.3204943105775493,0.12593625979921075,0.2272901010937466,0.08994938983054938,0.3222021380393254,0.1373848465534752,0.181838343883024,0.06540717252150548,0.30014412488115216,24.0,0.19542370622971306,0.08606310144186435,0.282958773197609,24.0,0.22234214005316408,0.09034854766090192,0.31276669229523923,0.21207306422971095,0.09919579096240991,0.3142792361686384,97,96,0.57,8.33,0,9,2026-06-03
0.214877506265441,0.08651692735495621,0.32593359633361796,0.14829424926220078,0.22050779796049594,0.09165672526363973,0.3165149954205044,0.13987136693462168,0.21981106689833663,0.06778820274867663,0.3249837361914354,24.0,0.24529288458846005,0.09242140640306756,0.3032600551528416,23.0,0.22584938179005914,0.08478908772840918,0.312481301695094,0.23626811906022233,0.08739950098780477,0.3091688570872725,95,96,0.55,7.383333333333334,0,8,2026-06-03
0.2174044069641558,0.08593924397422796,0.31620246875504127,0.12298948544619696,0.2289750401790608,0.09839160575039177,0.318682638763566,0.15105603353517968,0.1890412950299637,0.08228373069750866,0.3215466430418518,25.0,0.21374961561698713,0.08411580627292245,0.31142700432008485,25.0,0.23107929126253968,0.0884785152859533,0.2959732812660164,0.2222772418790342,0.09570994586569946,0.32614247684301045,108,97,0.5666666666666667,11.04,0,10,2026-06-04
0.19716716720776312,0.08764276783218924,0.3218927025398799,0.12920663114501452,0.20515587693615545,0.09616598882928855,0.3183309215661474,0.1555451379484133,0.20499019601596896,0.07462494451688997,0.29616995431729654,24.0,0.2069271220306885,0.07213505835913495,0.2908314628180213,27.0,0.20952178790032977,0.08774216479422924,0.3039989814136487,0.2391104924594617,0.09511245309820979,0.3004794794809217,103,102,0.5733333333333334,9.136666666666667,1,5,2026-06-04
0.2133541901096421,0.09905665763163207,0.33000321822064066,0.1209826295115235,0.20328367088729235,0.08116126170177039,0.32413338332147723,0.13134445471639367,0.20445067143636284,0.0823059353524298,0.2972262953800691,21.0,0.1780818368066224,0.08083503075370581,0.31999559758984003,25.5,0.23467671184718064,0.09559416077532969,0.3036956452153542,0.19895017063668924,0.10404266087005172,0.3055213473321702,98,102,0.6666666666666666,9.543333333333333,0,21,2026-06-04
0.2177727750349731,0.0839145553023129,0.3185146434526959,0.14935546439543212,0.21288571581557067,0.08350424061326107,0.30741215498452856,0.1337503797416725,0.25225265097756966,0.07026050530805643,0.2901945103333449,26.0,0.19784156961176952,0.10611047654616293,0.29959388526356984,24.0,0.24109150145810576,0.0828061800624019,0.32383352618486566,0.24884059975543743,0.09439936379945607,0.2961700330372051,101,106,0.6266666666666667,7.976666666666667,1,10,2026-06-04
0.2183476853090377,0.09053420957301832,0.30973735584392564,0.14038250416126535,0.22012465499742145,0.09053381326591581,0.31964311642748505,0.13765805866306352,0.22606487636211126,0.09593646728808966,0.29248084364767435,23.0,0.23981737636999595,0.09716643391848172,0.31599147901429187,21.0,0.2489783865074259,0.09453364711229359,0.29652375695867417,0.23654525486460115,0.0874178555218523,0.30765653712779506,96,95,0.5966666666666667,7.303333333333334,0,5,2026-06-05
0.23074989083748784,0.10072500141547071,0.31174428409354743,0.15875027632747873,0.21867147243082896,0.0840126947095425,0.31390940273648327,0.12041550437674846,0.24997966948413283,0.0816589430532629,0.32805591159823744,23.0,0.22666102674578817,0.07251627202145065,0.3230910896583491,24.5,0.22903562292606777,0.09097580842922262,0.3154189319291829,0.23106293692275975,0.08944440240118315,0.2958352747546925,99,110,0.53,8.22,0,8,2026-06-05
0.20494169178120156,0.08941309301757723,0.316611086849987,0.13896466950452566,0.232965573005318,0.08482793372682923,0.3213495364702875,0.14509855235075425,0.2218892335217747,0.08635798500538436,0.31465653773044344,23.0,0.25313099975948333,0.08442237778478773,0.31491194881415496,26.0,0.23958597313367508,0.09490883909532286,0.3029317344973739,0.2185097114970637,0.11625719374795196,0.31877412889243556,99,105,0.5866666666666667,8.58,1,1,2026-06-05
0.204116198483812,0.09248677147711665,0.32105484849025356,0.13366818224088065,0.2132681115370808,0.08549849025795714,0.30784587008259745,0.13292825985309092,0.19402120476092521,0.08145885318420908,0.3091683742136103,25.0,0.22793876413954178,0.08281493793941586,0.29865210649875873,24.5,0.20990378505828808,0.0873512705090484,0.30353420080243076,0.192079436992052,0.10223723451743533,0.3153838047144071,103,102,0.5866666666666667,9.096666666666666,0,15,2026-06-05
0.20939250046623023,0.09761730991084629,0.3174968268503928,0.14171036310473337,0.2025018317302011,0.08083308501041467,0.3307332279037096,0.13454991617760792,0.24164078673219563,0.07867172658228033,0.30159056003495255,23.0,0.23576166449320762,0.09251351441680797,0.327471280317714,24.0,0.2193703027049933,0.08525497912213675,0.3043005604133401,0.197281088042053,0.10503245790788433,0.3078427551878523,100,101,0.5833333333333334,9.176666666666666,1,5,2026-06-06
0.21654091688858326,0.08269170380163675,0.30859894302270513,0.13634169420746128,0.2107401081090682,0.0921691799279863,0.31731596554705954,0.12710705298418312,0.25828088102075,0.06617943369088837,0.3012464755759129,23.0,0.22094967083788014,0.103671364506168,0.32196468564925584,20.0,0.20383394486751555,0.10372112417406855,0.3224153239114418,0.21249149876528306,0.1019028840643243,0.32776417867435026,100,100,0.56,8.606666666666667,0,5,2026-06-06
0.21567136946568727,0.08583710010732001,0.3169529324421477,0.12239632069918693,0.20313524664492222,0.09496238564618364,0.3224099966648398,0.12349194320940188,0.19273233358314798,0.0863942312153252,0.32351169309964917,18.0,0.3057122016750624,0.08168507832553748,0.28853581294002806,21.5,0.20371200116417318,0.09287974856605741,0.3354939079512318,0.23255304281135822,0.09490042152438277,0.30625187233680495,112,104,0.31333333333333335,10.79,0,8,2026-06-06
0.22353455627329255,0.08920919851291334,0.3170526152038262,0.1449468741199018,0.20186349360615777,0.09016251435650852,0.29863282547875897,0.12996001829817427,0.23797834359504555,0.09484916716622013,0.31239130936112675,24.0,0.21203022330432283,0.07777962583718759,0.31659918982703716,25.0,0.21148630137512267,0.08829189175248163,0.29576839743063865,0.25930564579660886,0.08951856497199234,0.30914049723553794,101,100,0.6366666666666667,7.89,0,6,2026-06-06
0.21476266437618083,0.09528184192742817,0.3176645289441349,0.1330898065180783,0.22068625403050582,0.08879323414072247,0.3139689418475504,0.14018627431441585,0.19822770148011737,0.0849957015126711,0.30752899282304386,25.0,0.17858560834090298,0.07121261219026961,0.3004327122116606,24.5,0.20806561282718022,0.08838297672434495,0.3074471564466378,0.19189026045865198,0.10125069243286847,0.3148461943275751,103,102,0.5033333333333333,9.976666666666667,0,7,2026-06-06
0.21300240499785147,0.10573656644119994,0.3232792266297836,0.14707694578076372,0.22691823324075072,0.08427708496086678,0.3170290007661479,0.14795481967887897,0.2488531074779161,0.07375586562915318,0.3093948792004342,22.5,0.2369174357379938,0.10679696388531168,0.3023953505241085,25.0,0.24097578854431295,0.09416646681817813,0.30267144283189323,0.2202418632684661,0.11659153113385745,0.31632467615834614,99,105,0.6266666666666667,8.603333333333333,0,18,2026-06-07
0.222006282447907,0.0913906989458941,0.3188916652410581,0.13712095501300806,0.2353815784929537,0.09402058082165189,0.3212995754996619,0.1532723561412976,0.18734614751205897,0.07298266803233984,0.30130298271862904,24.0,0.20013017733312727,0.09539938809391932,0.3078286569939692,23.5,0.21744566270066726,0.09593992516040441,0.308930737355982,0.22070811049817343,0.12222394819410373,0.31098057578670885,98,96,0.56,8.673333333333334,1,8,2026-06-07
0.205229836478851,0.09603367195034856,0.3166345369458343,0.14238048849065713,0.20288626773449442,0.08088281075884814,0.3276669237698288,0.127974186119038,0.20715380594930502,0.07596297966001223,0.30539061084434765,24.0,0.21910172730368044,0.07771439380900719,0.30264854310989153,26.0,0.22035331202603708,0.08530918184806784,0.30489691315713274,0.1971399860895326,0.10458523590455746,0.30903540271685903,100,101,0.5533333333333333,8.913333333333334,0,3,2026-06-07
0.20937212541470182,0.0897325469965376,0.3194094203603217,0.1265336197745844,0.2151597765910149,0.1009405176170691,0.31718952266408595,0.13730665241054452,0.1898612576341994,0.07067683454399794,0.3126104075108432,26.0,0.23732689605521018,0.09214181043636072,0.3282689799233003,17.0,0.23005841323451762,0.10353331421500103,0.2887267830069885,0.22504300565248098,0.08947637001461911,0.31260814602625586,96,95,0.5366666666666666,7.956666666666667,1,5,2026-06-07
0.22501773370115405,0.0871006397914814,0.314083868752674,0.1396700654819305,0.20100272722086926,0.09024607848290479,0.29824217943506626,0.1307348453525485,0.26189460605204506,0.06597131529305267,0.3001569807856106,23.5,0.21726135758534176,0.10650585245882122,0.3105706545873319,22.0,0.21024017635805806,0.08776544664213032,0.29400064963873834,0.25952123931754717,0.08935030810585484,0.3085577929769815,101,100,0.5966666666666667,7.61,1,10,2026-06-07
0.20049029773002458,0.08007543015960703,0.3224565681000111,0.1340534311511128,0.22344416127939754,0.09855882934827236,0.3215642937444511,0.14937277830396078,0.23520544073402336,0.06580403907076979,0.30903721721894867,25.0,0.22188027234149876,0.09165389887168711,0.3197420287362295,25.0,0.23710061988529718,0.09396792954066965,0.30991317929062856,0.22174755695453893,0.09365672681825167,0.32304191542497235,101,102,0.59,9.38,1,10,2026-06-07
0.21571125552005793,0.08820334329668016,0.30634599719246364,0.13151251812147302,0.2105404081904563,0.09215797771403372,0.30692854988367174,0.12619781164638955,0.22823251292136904,0.09243537439623947,0.31460294070086015,23.5,0.217829612487076,0.07843488665231035,0.30507802500115755,24.0,0.20291710402572738,0.10349485415462814,0.3210990992665903,0.2128959731167389,0.10149760878510387,0.3262304249554722,100,100,0.5166666666666667,8.866666666666667,0,11,2026-06-07
0.23321469810885492,0.08106665480689339,0.31625920479241715,0.12750204967082185,0.21884596793204045,0.09626551314678405,0.31855837918970487,0.12153679060588679,0.19928477939036415,0.07213176942998004,0.34263883091004016,25.0,0.23242093588931018,0.0842518212589248,0.30834203902120666,17.0,0.20414860001934723,0.09300884388957718,0.3379130130420191,0.2330604668519226,0.09512424813449075,0.3059542365698332,112,104,0.3933333333333333,12.076666666666666,0,16,2026-06-07
0.23394136904911392,0.08745113803195853,0.3177742653001239,0.14986049056002373,0.21921310438412892,0.09134224617537876,0.3199078331825647,0.15006522759280522,0.21495331221365394,0.09833855427957577,0.3313976313206227,22.0,0.21360484484632725,0.10386262353165777,0.2767669055040053,24.0,0.222700461890268,0.11619760605339341,0.3177518227337581,0.23248654514066253,0.10926787320004763,0.30314133348996164,100,103,0.43333333333333335,9.11,0,9,2026-06-08
0.2034457874474109,0.0866879328870318,0.3092871106443566,0.12161970220136256,0.204939228459039,0.07801861459850251,0.3104405475166948,0.12141786494054012,0.17753052301732347,0.0648835013316866,0.30635263849169747,24.0,0.2345675850430985,0.08117969535182176,0.30070499244426185,22.0,0.2255885417757011,0.09005322687288793,0.31099735167783604,0.23248121947520933,0.0910512464815627,0.2963075311433034,97,96,0.5366666666666666,7.28,1,7,2026-06-09
0.22052680220777432,0.09147726890007832,0.321355759547942,0.1450246196047523,0.22557511205530276,0.08825078094867199,0.3163084167594026,0.1361492514710454,0.2456998269358363,0.09248018571084914,0.30560943512702743,23.0,0.21718057301535967,0.0796431782366944,0.3186773134803096,25.0,0.23509651140705504,0.08602161758034836,0.30488943014086667,0.21812108477045117,0.09512690459619645,0.3103630958203064,98,97,0.6366666666666667,8.06,0,7,2026-06-09
0.241839311744525,0.08417965477693179,0.3339912585777644,0.152463348053576,0.2129610407733461,0.10027691896739928,0.33366413917661203,0.1256695969924261,0.2309086251365663,0.09232567672535907,0.29056944136906027,22.0,0.21495322470599248,0.0955195568826503,0.30940842644870936,21.0,0.22592108028558894,0.09874003303007718,0.31591511281013235,0.23731696216670162,0.09441871914871838,0.307777963484033,96,96,0.5,8.01,1,12,2026-06-09
0.19943568390599845,0.09709497351592838,0.300615274193276,0.1348010683572261,0.2255593130646637,0.09858853661159397,0.31146178511013534,0.15537073853330158,0.20050269447512947,0.07395535846608042,0.3252576736867443,24.0,0.21744051939504122,0.08227824904687273,0.29758349135378365,24.0,0.25624328050373196,0.0898316810713044,0.3121078254897207,0.23018155407849672,0.09087153301039298,0.31256533862221303,97,96,0.44666666666666666,7.55,0,5,2026-06-09
0.21598061961388149,0.08880653719546235,0.3214990978294046,0.13915455894879816,0.21045837487591676,0.0842162185423016,0.31950093360579523,0.13234287784482382,0.22855952266213064,0.09180215246888188,0.30028788137481355,17.0,0.19254954414202893,0.0862354103458188,0.31076603054822877,24.0,0.2340882198151403,0.08545881212470127,0.3054252387623804,0.218518251468579,0.09454112486361133,0.30939230765329706,98,97,0.58,8.026666666666667,0,11,2026-06-10
0.2187706316118139,0.09699861960644295,0.3137852492000587,0.13310576203603808,0.22246181382698374,0.08582601680649032,0.3183967704193933,0.14119875089374734,0.20210026967065653,0.07816123024393846,0.30171257831031306,25.0,0.20338124913365732,0.09232122651076595,0.30502065147446267,22.0,0.21236240424283293,0.10363427440005704,0.32648693123004036,0.20891019265772268,0.08593028973000127,0.2960474097200682,104,92,0.5533333333333333,9.7,0,6,2026-06-11
0.22064049030962934,0.09078861824525221,0.3190004922096621,0.14503867758860028,0.2242271930138983,0.08800905820324662,0.3154503948156978,0.13635447776410337,0.23445629176555594,0.09747259045254635,0.3083298773421418,21.5,0.22102070086366765,0.09177653049663101,0.3133213975603161,21.5,0.23290635174444435,0.08486295885052737,0.3059132596035497,0.2183495071094313,0.09397722417917875,0.3072406938968574,98,97,0.61,7.59,1,9,2026-06-11
0.23337038464779514,0.09116535394168311,0.3208041270166025,0.15282429598014172,0.207434285228546,0.08768381677516295,0.3124173911314218,0.11922702252136845,0.20673987227350463,0.09327721381747195,0.3145545363291462,24.0,0.22746358621737567,0.08748408315535638,0.2915132427376381,21.5,0.22598045222729604,0.11659112692490439,0.3171347266105138,0.22431690283358738,0.09026151231496518,0.3107112097003537,100,103,0.5333333333333333,8.626666666666667,1,7,2026-06-12
0.21985070773362064,0.0935033055337126,0.31176773685404746,0.1371152835445325,0.22307050025711034,0.1027827085293059,0.3121259774695983,0.14650908568247464,0.21892712226778183,0.10587402714585575,0.31882565835980353,22.0,0.2549737950447316,0.06596293448768492,0.3128531005840472,25.0,0.25320832049200315,0.09060338052335462,0.3105529438773107,0.21509747821006575,0.09756578430938576,0.3171003891821288,97,96,0.52,8.32,1,4,2026-06-13
0.22597073403957532,0.09821930599933447,0.32358787891617863,0.14672169265259977,0.21674788319904723,0.09182202347992593,0.30676392694684357,0.13671072976660456,0.18637006754752136,0.0928818264833593,0.3087775438240653,22.0,0.18687370163553413,0.07831588412393567,0.3111858836118348,23.0,0.22197763734859322,0.09181298904824894,0.3203848765056126,0.2535366197646987,0.09456540570743785,0.2987028874008574,101,103,0.5066666666666667,9.633333333333333,0,12,2026-06-13
0.21496307072314202,0.07707055786069736,0.31062615833811497,0.1279510170804978,0.2253493652030163,0.08621073108326008,0.3185812910325914,0.13735508246928363,0.23945166294434955,0.07424595348917967,0.32423822786990486,26.0,0.2612524276116335,0.06672714279614479,0.29735111514051327,24.0,0.23033341493218706,0.0893510092728529,0.29765023291675724,0.20841589091312235,0.08555544237059243,0.29468329877866806,108,97,0.44,8.81,1,9,2026-06-13
0.2166423584300309,0.08713122756320064,0.31131549624658833,0.14380441499906163,0.21860358994884255,0.08363784175865177,0.31724777980731994,0.14901550467930885,0.22570608967436248,0.08149173316916639,0.33428517296055316,23.0,0.22222737892987254,0.07922114453720369,0.31092405266125445,24.0,0.18774756756368083,0.10110169315089057,0.31497698880028047,0.22213605384147392,0.08830755235488941,0.3111303767965327,100,101,0.5166666666666667,9.053333333333333,1,11,2026-06-13
0.2355863532004112,0.08250124126972645,0.3333400314597066,0.15074240935467043,0.22360290989181011,0.09266556408874883,0.3239434366280201,0.13078892903440031,0.21598018791353518,0.08891075489240616,0.31261923459862306,22.0,0.1979618742956204,0.07128227817950564,0.34140343616673535,25.0,0.2301737165132282,0.09628817501431608,0.3157607481676439,0.20413024051771425,0.0933533602413977,0.34121347492150406,96,96,0.6533333333333333,9.046666666666667,1,12,2026-06-13
0.21521416328577336,0.09093540668287053,0.320549241725275,0.13857421624163752,0.2105812982691903,0.10363735742545022,0.326860559319876,0.16093894041626822,0.22815185076185165,0.08859206034694855,0.30769005645484926,23.0,0.2476908648843736,0.0736790270566733,0.2834792241682471,25.0,0.22013557820724988,0.10483857538918738,0.30041342403334115,0.24625653798756797,0.09629214258852511,0.31268467378150466,99,103,0.4766666666666667,8.12,0,8,2026-06-13
0.2201277339375522,0.08800921768705133,0.31586401274864745,0.1429093011181716,0.21307600041999286,0.08002229669880004,0.3144957030847398,0.14384659534711097,0.24216099833832294,0.09130127484002479,0.3046627705549987,23.0,0.20850773123289273,0.07669536113439784,0.29963879153224215,26.0,0.23454767395118792,0.08321622690186184,0.30523382109746344,0.23835925709269268,0.08430925606067022,0.29691000560979763,98,97,0.5466666666666666,7.683333333333334,1,9,2026-06-14
0.222132663943391,0.0898973328341863,0.32393972830261647,0.144376588512931,0.20621291408136974,0.09671708059340299,0.31738816830390815,0.12696126628040882,0.21664141929668737,0.09684000254165578,0.33426733240635687,22.0,0.21460288663046073,0.0809041421284244,0.31731375649147325,17.0,0.22595490255626788,0.11702601421616307,0.3160485676316942,0.2244382109693377,0.09061713045552222,0.3155392796094698,100,103,0.5266666666666666,9.78,0,11,2026-06-14
0.21566393279173302,0.09792802930601847,0.320062701907709,0.14858050438390158,0.22966459934840966,0.08039990552051884,0.3181124468479879,0.1285001044541304,0.20479306477088438,0.07535940821529324,0.3124878879958187,23.0,0.1734789674696821,0.07363809624319885,0.31254588138942985,24.0,0.22922054482339102,0.09684287045976449,0.31490620846075756,0.20380581704811795,0.09421948923486018,0.3399498718788677,96,96,0.6,9.013333333333334,0,32,2026-06-14
0.21674785229092108,0.09019619247343941,0.3146793822129613,0.14680291993612476,0.22335094766755642,0.08756813549135206,0.31467880048958613,0.16225592265469396,0.21474182675127562,0.09551164782406094,0.3063336257717715,17.0,0.2478239479496998,0.07664744596266829,0.3139325452315042,22.0,0.2199747545418647,0.10613175407031632,0.30023950261144483,0.24596150859531987,0.09617048053693344,0.31216188070448286,99,103,0.43666666666666665,8.58,1,10,2026-06-14
0.21330268050368428,0.08336652862656749,0.31252013977029225,0.15070794242894386,0.21120194658650615,0.08580575559840381,0.32626963497748696,0.14262726722963626,0.23151339794347048,0.09516161797474697,0.3236710267385234,24.0,0.18882224282405105,0.0703696740443611,0.30047887272659435,24.0,0.20690315462107703,0.1053877554388365,0.32711466878294826,0.21730143817723035,0.09488751140675472,0.3058460222313385,100,100,0.44666666666666666,9.626666666666667,1,9,2026-06-14
0.2116814855421777,0.09500211040721629,0.32140884033054923,0.13419227117237617,0.21785383249980222,0.0895580444236684,0.32395714448549356,0.12668218122389038,0.26760198040581873,0.06472218797904891,0.2976153909397311,24.0,0.24155849275459298,0.08653402115869238,0.29675255645713905,24.0,0.22805098724964057,0.10509236422072418,0.3038977188704351,0.23554575127922345,0.10514407602182815,0.2897348759819375,99,92,0.6066666666666667,7.3,0,6,2026-06-14
0.20609417721239298,0.08329278503728949,0.3258396632946135,0.1408911076275342,0.21405836154140634,0.09028245102336091,0.3193814292057911,0.14649655274384268,0.1973696553963888,0.08375848008520276,0.32059520345580583,22.5,0.23743241231004028,0.08173127830091659,0.3179884409625655,23.5,0.2384710453963761,0.09270758490513034,0.31006461917681544,0.23215961322660356,0.09304939490672817,0.3138331386622615,101,102,0.54,9.7,0,11,2026-06-14
0.2105059514001658,0.09799385194142023,0.31400644840056263,0.14859630227747544,0.22976954854039328,0.07897113563780739,0.3293661294405077,0.13318499160326208,0.23232019310392865,0.07148980055184151,0.3033280781075606,24.0,0.20005168366357387,0.0787507907760532,0.36494911313458994,24.0,0.21769244905246954,0.08556683803159293,0.30401273842182824,0.20304248371824976,0.09338584778297515,0.3409070838137611,100,101,0.7166666666666667,9.273333333333333,1,9,2026-06-15
0.21188890778063868,0.10520597531007335,0.3288305288975447,0.1629086752957826,0.20657509423424786,0.09089226637726323,0.312431338815468,0.12973961439002496,0.20380298976622635,0.0817831524311023,0.3094107547152929,21.0,0.1735080776183695,0.06237550264422148,0.30365682484968726,24.0,0.2450920815529532,0.09530889295845996,0.3126646853174041,0.22565598341786455,0.091742886759279,0.31335991563503984,99,105,0.6033333333333334,9.86,1,7,2026-06-15
0.2064189436688392,0.0765952121290609,0.3105631595300462,0.12492447932305967,0.2094789116122811,0.09346333063948947,0.3044781859727781,0.13312533319421366,0.2273199251699862,0.07828930564952889,0.30637502076289214,22.5,0.29210624408253005,0.09278297261838342,0.33119569501827617,24.0,0.23007356121511296,0.0881175362547391,0.29609880880239325,0.23788992896903643,0.09362502912927224,0.31008296134159197,108,97,0.56,8.303333333333333,0,7,2026-06-16
0.21558225293244251,0.08398251039856591,0.32031718978830365,0.13929322295713703,0.213564980536408,0.09193145247305307,0.30635091501677547,0.14326687875601815,0.19337755615936814,0.08598488624046993,0.30613513034607703,24.0,0.21742171896314244,0.09148501654224346,0.2946536168540813,24.0,0.21794627304784991,0.09468802308813662,0.3087840740881409,0.25011289945558085,0.09402814916108052,0.30015341233323606,98,96,0.5333333333333333,7.923333333333333,1,5,2026-06-16
0.21571381367921771,0.08613669033111447,0.31980520203275137,0.15449078513460016,0.21714138993513482,0.09121294100536997,0.307236845805267,0.1225355779736325,0.2515637102014235,0.07646365898304508,0.3268866345917971,25.0,0.2037646447065366,0.09639454489787455,0.2921411609818201,18.0,0.2417187967519661,0.08238180744976742,0.32715037025278393,0.23537265531970253,0.10405881953839681,0.2884603134845508,101,106,0.51,9.05,1,10,2026-06-16
0.2080310091499523,0.0857697971409115,0.3161851461832266,0.14571475062031752,0.19941154722770982,0.08377292624086978,0.3260556249097919,0.12999683913781737,0.21793531659293985,0.09556810004746455,0.31109240520853443,24.0,0.18462752916576886,0.08006049356559558,0.3210954420421793,25.0,0.23872763331565336,0.086500863086837,0.29754350034609145,0.19934106195045692,0.1030026401545886,0.3107345735632222,100,101,0.5266666666666666,9.856666666666667,0,9,2026-06-16
0.2335564569600303,0.09250131568605013,0.32023810309979883,0.16043385323685924,0.22134752267697821,0.09065165866787309,0.3195626258731201,0.14766214673851386,0.2011689046888523,0.08056958620247703,0.32917775700782875,24.0,0.2229639066091091,0.10256859743150967,0.3300175838615772,23.0,0.21452856123733827,0.12080904425692926,0.30835064913639976,0.2330398203539313,0.08343696704498835,0.301987412090403,104,118,0.5433333333333333,11.03,1,8,2026-06-16
0.21134680177910845,0.09829359601600625,0.3108200244249706,0.1479051653468005,0.22517120285897294,0.08657814366526856,0.32416991194250927,0.13684941634973782,0.2283239040160789,0.08458710601189924,0.3299890719064543,23.0,0.2020406556514313,0.08781226345894451,0.2992326203285024,23.0,0.21926165236347106,0.08649644228153053,0.3036663367422747,0.20234693870671977,0.09637194426820221,0.3418529198557201,100,101,0.5933333333333334,9.836666666666666,0,7,2026-06-16
0.2185541516033113,0.08769700495220356,0.3151024088188712,0.156746409800708,0.22207458998532,0.09724257728343183,0.324370676538889,0.14641194551826678,0.25100563139252996,0.07001224696026495,0.3058938703308576,24.0,0.198663415855038,0.08238916388786312,0.30750200645009895,23.5,0.223569455658569,0.08843712036321673,0.3134428221297998,0.21974144072840235,0.09160462597248026,0.32084208666334,95,96,0.54,7.81,1,4,2026-06-16
0.20892521998790298,0.08519225950545753,0.3102363746298442,0.1450502456857766,0.21207895220281736,0.09030426386361075,0.31817749851670907,0.12861274136956774,0.22773574353378367,0.07665092223759853,0.2947715972891381,24.5,0.19678277462753313,0.07643960120987392,0.30413734688828387,25.0,0.18837777921189608,0.10035157754412247,0.3121438425458917,0.21069299853654888,0.10232286803329134,0.3196457029922175,100,101,0.5633333333333334,8.74,1,10,2026-06-16
0.22519920093075876,0.0951201825602707,0.31250332114752966,0.1512355610167467,0.21829148306492033,0.08972081313507747,0.31375079102266556,0.1486201221221749,0.21510506647519395,0.08281599962883925,0.30109684943014514,23.5,0.22518940033400708,0.07308859243755912,0.31490699777826137,25.0,0.2326617654576747,0.09198556888639879,0.3129157695555739,0.22172148651330403,0.1067568842032364,0.30054608666661164,99,110,0.59,8.613333333333333,1,14,2026-06-16
0.21329759821669095,0.08622768334425825,0.3118068817493516,0.13951859965890742,0.2100077325555956,0.0979991298577691,0.31917608946969883,0.12858394650572041,0.2557293305790442,0.0811301878753927,0.27277486295616293,20.0,0.23072472930573057,0.08634944618992545,0.30149614629380217,22.0,0.2457325484082898,0.09470468757094963,0.3108079579526596,0.22620214124682925,0.09161049329570126,0.3126647102361108,99,105,0.6333333333333333,8.16,1,9,2026-06-17
0.21639480009757897,0.08703774884813106,0.32200531092566054,0.1517938806107819,0.20829972239763805,0.08914411192532862,0.3180560170986175,0.12648135077929448,0.19652144932026083,0.08529272053775902,0.33822507790282774,22.0,0.19379529946835977,0.06800248190122596,0.3086253646567921,26.0,0.2422734937257045,0.08200689446276571,0.32766394043119473,0.23532735825000373,0.10384277208370357,0.28620541515000353,101,106,0.52,9.783333333333333,0,16,2026-06-17
0.20499650445227688,0.09645960597059333,0.32302275402344793,0.15027515937753397,0.2151673578353287,0.09293384517877296,0.31665390897507273,0.1347500533774285,0.19311579045302396,0.07766436427675985,0.32125840046637766,23.0,0.24224018396937141,0.07048248183560196,0.3172146897403117,23.0,0.2252403443096822,0.09715580969311263,0.3218776853228808,0.22807344467688248,0.1048437056449156,0.3066757200123272,96,96,0.5,8.903333333333334,0,16,2026-06-17
0.21943166434131373,0.08598661322874229,0.32781030206547607,0.15379198240509734,0.21691449827411294,0.08594349079729607,0.3160974421853113,0.14309229587367597,0.2362519121049999,0.09976072742390896,0.28382176376936247,25.0,0.20863700892668308,0.08774558649232443,0.30040747939852325,23.0,0.23299131374264956,0.09142549254230581,0.311853857141582,0.22188443997347912,0.1069443446999036,0.3028293338754339,99,110,0.63,8.59,1,15,2026-06-17
0.21574868847141845,0.0893968828978241,0.3155173959226276,0.153583133720636,0.21783185058959634,0.09595954065555427,0.3205535806992261,0.141280949787504,0.22436013002959998,0.06896378705826398,0.3368792669710605,24.0,0.2303032750388299,0.1030821802565689,0.33778037505880687,22.0,0.223844294606148,0.08805138585252063,0.3129313391447097,0.2187522441253589,0.09233179993437243,0.3208864868627113,95,96,0.5666666666666667,8.543333333333333,0,8,2026-06-17
0.20966531770572483,0.0932822316285876,0.3191538202280748,0.14940453804752996,0.2311362349860879,0.08537582525529956,0.3206414733280269,0.1477304180957489,0.2177207609419376,0.09451178159894634,0.2899789332178712,25.0,0.2338277889931471,0.07306587919080612,0.30945062962339465,24.0,0.230355744783651,0.10762752224160654,0.3033707224025294,0.21427220057107274,0.09611684109844315,0.31662082939032776,99,101,0.6233333333333333,8.726666666666667,1,6,2026-06-17
0.21013403594697114,0.08482359681327657,0.3137147952845804,0.14432990307008767,0.22075257666867254,0.09263670530089053,0.30840992436845993,0.13513556657392126,0.17759944329065486,0.07142896248971,0.2993638745819671,24.0,0.21264048897178978,0.1112289968649692,0.32622726084452286,19.0,0.18815452475830835,0.10059945038239435,0.31258024673200485,0.2097659835150316,0.10338792566921254,0.3199661511353864,100,101,0.6233333333333333,9.853333333333333,0,8,2026-06-17
0.19723584279563802,0.08618163561680911,0.3151870185514308,0.1377424445963629,0.23404647767369224,0.09364563205304015,0.31795994410701733,0.15301068141072288,0.2004183461034611,0.08820127488140708,0.30810784857535184,25.0,0.20512447427841685,0.09682449115400714,0.3090362021764725,23.0,0.21054673613660269,0.08999353336088242,0.30379294087512987,0.2238843778913791,0.11635632812351025,0.316065028088484,103,102,0.55,9.466666666666667,1,9,2026-06-17
0.19545387762062216,0.09655114118939832,0.3234522214332089,0.15115255156564056,0.22895144411593224,0.08628315282234941,0.31954426951749065,0.14465604624119308,0.21442411644291676,0.08360717259009384,0.3067577417284538,25.5,0.20548562980162666,0.09510711048299092,0.3341152361292363,22.0,0.2259803499588134,0.09681538399019875,0.3226821610425674,0.22247395169546236,0.11561255854608639,0.31572825091551626,96,96,0.65,9.156666666666666,1,5,2026-06-18
0.2134366544650108,0.0775166316425593,0.3178312781824774,0.12566521557167754,0.19998155595993994,0.07997634469989967,0.327846356925993,0.13605577894595358,0.2238043377453645,0.06995101232508796,0.3242313315680394,24.5,0.22845589933671234,0.10538665797929808,0.29934451364155473,21.5,0.22918314577769222,0.08759014888908229,0.297191818146486,0.2370982705253035,0.09476997826225095,0.31043977467734374,108,97,0.51,9.7,0,7,2026-06-18
0.2204107801578308,0.086818553798862,0.32137672141554924,0.133834003705049,0.19800937761907308,0.08351738077275835,0.32505523330109015,0.13320690185531794,0.24486476351783681,0.08673689026900905,0.28410235256180993,17.0,0.23490712163929134,0.09414965365253644,0.3224422309398657,23.5,0.23734469091018173,0.10320149714577541,0.28700332680342955,0.20312720177612975,0.1016984162845847,0.3115439288718104,96,95,0.61,7.823333333333333,1,7,2026-06-19
0.22601788290804903,0.09411808857940028,0.3159619220908961,0.14966509248146737,0.21528771190105592,0.0833921960502778,0.3111442347895046,0.13965459460245755,0.2501943253903352,0.06633347729316083,0.3146061581851709,25.0,0.2307387524648581,0.08730866821931033,0.328278026126977,17.0,0.21314228735793136,0.09643948603502078,0.31632205881966435,0.22261880789061606,0.10577182214210894,0.304314142170101,97,95,0.6066666666666667,7.793333333333333,1,7,2026-06-19
0.2266764077055091,0.09587633185710064,0.3140118103750847,0.15555676423014045,0.23498145480999286,0.09327343676086594,0.31752805320096006,0.16100656095273316,0.25031519687388315,0.07236145626206558,0.2912106495276883,24.0,0.2051213869985266,0.10142698539082384,0.3038915035927718,23.5,0.2329050467879047,0.09028427721069222,0.31222508632911317,0.2143962130702611,0.12046775315746207,0.3083421872017349,99,110,0.63,8.86,1,5,2026-06-19
0.20883779483806844,0.09499398448470471,0.32049376477203434,0.15580763312491028,0.23312365896093365,0.09302079800046036,0.31774551263167666,0.1550286968103679,0.22776891290356813,0.08751135733012269,0.3152587353196681,23.0,0.19541196849553286,0.10147837206494645,0.30807368462255746,22.5,0.24511665666990567,0.09579023655625515,0.30961274801044475,0.21917612807067194,0.09236621367913984,0.3210376992247246,99,105,0.6266666666666667,8.883333333333333,1,11,2026-06-19
0.2170701901903791,0.0815902270155939,0.3180984241699624,0.13397282150990603,0.21494136544366496,0.09070573212022323,0.3058589027504857,0.1421444061995371,0.2590011349597866,0.06445839120813678,0.2991350573651852,24.0,0.18836958024803044,0.0786366863939592,0.3136832848728168,23.0,0.20658766177642895,0.08388635598343037,0.30018904612282404,0.24633611572737155,0.09428819303683078,0.29774711716727614,101,100,0.5866666666666667,7.9366666666666665,1,16,2026-06-19
0.21523264283104826,0.08844595730324475,0.31534122058316516,0.13703182064921832,0.23082305527800984,0.089352800004923,0.31396339259869344,0.14197908040724375,0.19725238316637778,0.06894213483931445,0.3445889476928311,25.0,0.22596603675735477,0.10577711226985309,0.2936829437964438,23.0,0.2018149524031707,0.09642320287808022,0.33926949416585933,0.22950483254916282,0.10420981803466445,0.30674474084218284,112,104,0.42333333333333334,12.27,1,7,2026-06-19
0.20668519972509056,0.09013196589396008,0.3087717877555129,0.12329063013742408,0.2059595496063445,0.08174662722543519,0.31255599347131274,0.13386375356119545,0.23708330318901982,0.08862832104764219,0.3268235275059868,18.0,0.20402333406873857,0.1075267270989601,0.3051450398047475,17.0,0.22453771223158564,0.0922987539621115,0.3134223940441955,0.18691252761452837,0.10056126470524984,0.31325755724724247,97,96,0.5966666666666667,9.126666666666667,1,7,2026-06-19
0.2066079591435498,0.09563376014841013,0.32358535831879753,0.1525211304154593,0.21493600220799186,0.07668613826722577,0.31588602984190445,0.14477348811365826,0.22512639440092538,0.09107010786307329,0.2936999532347191,22.0,0.21650989691965014,0.10735661227744628,0.2924250525552689,25.0,0.22754885940372205,0.09603893351680226,0.32481036058099916,0.22202898148387892,0.11717520855138377,0.3152692160017861,96,96,0.67,8.32,0,7,2026-06-20
0.220418076604652,0.09244221416923933,0.3155350972695621,0.14653062469791725,0.20748405232607642,0.08696339393555096,0.3192188555455746,0.14275624822618047,0.1931728595558503,0.08217241451860259,0.31652820608551036,24.0,0.19708012989029366,0.08152841854436249,0.3243593230017686,22.0,0.21910887749296476,0.08771154369332218,0.30281297321297884,0.2321427935591046,0.0963485512607733,0.3112736844382581,100,101,0.5466666666666666,9.6,0,14,2026-06-20
0.21823692908003076,0.08587944208131934,0.32236520438646626,0.15065006066111442,0.21300190703366864,0.08646833753481573,0.3235680774164864,0.1431527903941355,0.2662642540219118,0.06086687026111785,0.3088566506870775,27.0,0.23752108421146165,0.08982625524450477,0.3020729320027947,23.0,0.24042077881804452,0.08185225888288222,0.32673517396153184,0.23460186742194808,0.08377931969753002,0.3016866047558524,101,106,0.5333333333333333,8.42,1,18,2026-06-20
0.2227147250073408,0.09063423231911508,0.3051568170899298,0.15787187259017524,0.21984726682509842,0.08090515163795381,0.30536164881219224,0.1354313305940089,0.21838397463724915,0.07126206779756772,0.3013902553109852,23.0,0.2279186274852512,0.0856037967436134,0.31570578523772674,23.5,0.22457843946432118,0.08838646647246483,0.3140706398319205,0.2297746920938565,0.08727429320818972,0.2981246213526109,95,96,0.5633333333333334,6.993333333333333,0,6,2026-06-20
0.20213450962736965,0.08685566545004517,0.3085870285762692,0.11971194793099656,0.21582761445535287,0.08523336354790478,0.31131573491135495,0.1455043010528325,0.17697503029354136,0.06184723000019176,0.30471592786210644,24.0,0.22724098986818828,0.09296224576028297,0.3265470371193836,19.5,0.22429088714699924,0.09071299509186015,0.3116720236524694,0.18763153673481148,0.09993221530975968,0.3143162548861742,97,96,0.6133333333333333,8.396666666666667,1,7,2026-06-21
0.23988060835921093,0.08386439450576991,0.3327008343916933,0.15196176245179951,0.22583328330698535,0.07811916710760536,0.320785790726608,0.14726046527038575,0.23536221862461437,0.08634270691395868,0.3226679957707441,23.0,0.253534054806167,0.07943511111994414,0.2975885973086835,25.0,0.2264756614511237,0.09569582229808128,0.32580352105022437,0.2240215828026308,0.11733982570230059,0.3145554073702248,96,96,0.52,8.093333333333334,0,16,2026-06-21
0.22892181795843947,0.08905362870844752,0.32471891062506963,0.1319430483728929,0.19766332392147035,0.08313279720803966,0.3264642336500392,0.13263310173816964,0.20571333935484432,0.08390949101950479,0.33172153657594705,22.5,0.22523623337409393,0.06926158535114807,0.31174508567521303,26.0,0.2365793174085593,0.10115274193271545,0.28641903190478357,0.2016923440310447,0.1021511595270922,0.310407636314134,96,95,0.49,8.593333333333334,1,3,2026-06-21
0.21759687280145476,0.08977992647899527,0.3086219958861902,0.14221517615973647,0.21044835601875742,0.08372867252546856,0.32299973087153033,0.14719293990442156,0.21124784712999806,0.09252683875683865,0.29371904658408904,23.5,0.21685617893953046,0.09797709007274528,0.31499136040960374,24.0,0.2468903293713416,0.09383667712136462,0.30017951945818205,0.2339680894009999,0.08390298235753875,0.29652222475442536,96,95,0.53,7.576666666666667,1,1,2026-06-22
0.23017614249002133,0.07888078106699174,0.3304116927825829,0.13606279101316002,0.21080200986614084,0.07856165000677705,0.30617074632328756,0.13031606910589918,0.20815330897428835,0.09001554692352706,0.3063826170998298,23.0,0.20666167844953787,0.080885290480608,0.3130378990021414,22.0,0.20155022193021488,0.0955353349039833,0.3403801351277968,0.2309107715316734,0.08698869188859228,0.29548471072297394,112,104,0.5233333333333333,11.1,1,5,2026-06-22
0.19416572480747066,0.08681136126506202,0.32864169542123123,0.12251108990856746,0.2129241604917787,0.09147393748943282,0.30888920911002876,0.137380780056864,0.24135767992737855,0.063811313078346,0.2853319240222951,22.0,0.1939969652956758,0.07516973934975218,0.30489246785873536,25.0,0.22525074640483028,0.09017188226258788,0.3117682031575807,0.20648267274542326,0.10260736347450455,0.3186943667094464,97,96,0.76,8.48,0,3,2026-06-22
0.20817476839996274,0.09284150661647296,0.32536141921040823,0.12333546359972002,0.22139233885691378,0.08354016467252792,0.3149849317940348,0.13991304773148025,0.22635080415647924,0.09205041909027707,0.3009621301698605,21.5,0.21403303867183976,0.10771112856924787,0.3188745861824195,19.5,0.22533414417872613,0.0897088177694679,0.309987250867255,0.20743480177075913,0.10276801610395199,0.3178624467771125,97,96,0.62,8.846666666666666,0,17,2026-06-23
0.23763313603092837,0.0754630162669586,0.3109451770164137,0.14922255762746903,0.23331884012803888,0.09205038377303036,0.3182413083055139,0.15454847856494194,0.19603791607191,0.0902660429593554,0.33477863170659705,24.0,0.21583964878178852,0.08814382856631302,0.3174383337324633,25.0,0.22632320666575523,0.11594950962337612,0.31583995720491864,0.21910740317156457,0.09219160604674723,0.32012396883273064,100,103,0.48,9.513333333333334,1,6,2026-06-23
0.21281559639576023,0.09452813976809613,0.32905953335885085,0.1321793525666256,0.2198079947375916,0.08796957231206877,0.31703250743115025,0.15616740958000797,0.20082818469560998,0.08505131566806552,0.3100191644002174,25.0,0.22357094365356983,0.06638792923649767,0.33961676964974996,24.5,0.22943091932527748,0.10326744984970176,0.3083155563876425,0.22731874347478698,0.08820149317545356,0.31399004510296913,99,92,0.5833333333333334,9.113333333333333,0,5,2026-06-23
0.19782038191931078,0.08331561795164229,0.32478833482101777,0.13211165387752433,0.23629636377337848,0.08289476196237093,0.3360697685924352,0.15552067646865034,0.22487503249038962,0.09948538220297305,0.3078668869161645,24.0,0.1904808513030434,0.0781292528649106,0.33016248847863416,23.0,0.2017283564408786,0.10210730602058679,0.31039773006608506,0.22644536910067353,0.09530924187715642,0.3270057945169965,94,90,0.6,9.07,1,4,2026-06-23
0.22751117691703504,0.09797211144887104,0.3137297477157514,0.14319402904063613,0.22410180283631112,0.09788566795174708,0.3153302720474581,0.15603865438620618,0.2299421913513054,0.07183897578689119,0.31125701837334563,24.0,0.2383418412454985,0.09708201844281453,0.29132294614220827,25.0,0.21541013834602996,0.09498394240845964,0.3140235027671366,0.2305995781637788,0.0902855097514153,0.3088601895223937,97,95,0.5266666666666666,7.816666666666666,0,7,2026-06-23
0.21743601293701548,0.09454422597750484,0.30755429674942864,0.13978794168533326,0.21049623469076872,0.08021449124372979,0.31342188348536026,0.14966594447120973,0.1962550740355301,0.09767322259200739,0.2994245685890238,17.0,0.21143711702922774,0.10362459468807975,0.2966402883146723,24.0,0.2480543644667954,0.09395401191308259,0.30019655329319317,0.23517273445365122,0.08451382139112448,0.29583183052130135,96,95,0.48,7.273333333333333,1,13,2026-06-23
0.20868840846647638,0.0852175017335069,0.3194450862471842,0.14257935282336154,0.2238157429914428,0.08829132909692514,0.3229080245355625,0.15232298047190385,0.22134505350462125,0.0817477797913205,0.3105119563550472,23.0,0.21742641883758598,0.08949376003676351,0.28077801409944403,25.0,0.22988890728268035,0.09764781627180438,0.3089637549837995,0.23383802235758264,0.10585914436087304,0.30479238923428414,101,102,0.5,8.566666666666666,0,16,2026-06-23
0.21167719842835508,0.09378118386225828,0.3157267927682494,0.13492514385486493,0.19196435952552646,0.08611170736167963,0.31538953253823615,0.13511859295247486,0.21500517821832665,0.08113514341696235,0.34583069700014,24.0,0.22035504913890927,0.08825270975816674,0.3139351780159695,22.0,0.21187866112760784,0.09590944724696104,0.3082330564535354,0.206531955167488,0.09191264305528843,0.3074001233971318,98,96,0.44666666666666666,9.253333333333334,0,13,2026-06-24
0.21500339534289822,0.08112919141220508,0.3226460282726266,0.15892709375248867,0.21392244165897364,0.1040259863753673,0.33079811921633495,0.1593913099690008,0.25948133332985096,0.06584030663262475,0.30490333778536755,23.5,0.2522852355395193,0.07874137576385065,0.2776213903000452,20.5,0.20928020548028445,0.10524551628452862,0.33201795172661963,0.24374016086949518,0.09661877200430904,0.30557056269310157,100,100,0.44666666666666666,8.596666666666666,0,7,2026-06-24
0.21920077465711685,0.09069633717552045,0.318417364904965,0.14668535595464482,0.23612005734382344,0.09651041011657874,0.2964282817660061,0.13780415150755318,0.2187810818176472,0.10171260670854948,0.31022713063344043,22.0,0.21596148594918785,0.07839640032528195,0.30386408501308243,25.0,0.22165049929583963,0.10655995205012314,0.30856267860801423,0.25570651788579046,0.09099766369845498,0.3151572054471441,99,103,0.5333333333333333,7.746666666666667,0,7,2026-06-24
0.21599015083848563,0.08440743259327656,0.3153238669125057,0.13501643905228128,0.21878730577821248,0.07831294628536,0.31724074580956874,0.14240244949983136,0.21550149377505368,0.08220729658633921,0.3212138896474074,22.0,0.2138409083413125,0.08638335730596775,0.2882417736583497,22.0,0.24899578446217166,0.09391721438887449,0.3012370303240275,0.23350891229611598,0.08375477324622162,0.29541517312667354,96,95,0.49666666666666665,7.213333333333333,1,7,2026-06-24
0.23249674594228775,0.08426568093100271,0.32280304585644426,0.15005795952876186,0.21248253916428997,0.09541157833713998,0.32591946870726746,0.14891394831261257,0.21985191686487948,0.08965927693706571,0.33238993691962126,24.0,0.21861658157507077,0.08650659081348384,0.2954807472178369,26.0,0.20174705731916698,0.10243570046274067,0.31060322731887413,0.2272958741608832,0.09674353583505171,0.32730119782131245,94,90,0.45,8.2,1,3,2026-06-24
0.2152759441578706,0.09446890088419174,0.3068634549426246,0.13743597805862096,0.21571919336462853,0.08699787534198404,0.315595404842166,0.14327185236424655,0.23531189875066327,0.06891792551761114,0.31192672928427084,25.0,0.23552319721116832,0.09908503317167579,0.32349129025667783,24.0,0.2299617583384463,0.09851486834905386,0.30810524198726286,0.20898056796955622,0.08327168836729053,0.3041753366266622,101,102,0.5366666666666666,8.763333333333334,0,11,2026-06-25
0.2322492077978525,0.08384882127543193,0.3267120156791481,0.1444683699513194,0.21933132290454949,0.09678195464836116,0.3228768930994687,0.1548511986442197,0.2371294469305386,0.09160879122624349,0.32639091371023354,24.0,0.20594281965399083,0.07808932758362826,0.3171183835090918,23.0,0.20206085432498655,0.10219752616525424,0.30904396436700166,0.2275424220590135,0.09698364072417419,0.3272646754513643,94,90,0.5,8.483333333333333,0,15,2026-06-25
0.23782783249856124,0.08649712310223467,0.32423885177040446,0.14611788385959362,0.21642586457366997,0.09457648830371465,0.3245575646326088,0.15026764837394568,0.19861287883374018,0.08122710608912476,0.2785421189791646,24.0,0.23788892457114238,0.10101115456615536,0.3148624876154459,21.5,0.21871482411126755,0.09433290541257947,0.3137273581473603,0.23277757889588868,0.10464460515154296,0.3046772213082645,97,95,0.4866666666666667,8.4,0,3,2026-06-25
0.23133585503643767,0.08470600608982701,0.3196072654663775,0.13985934470744044,0.24208180712286462,0.09428333238821147,0.32161339241842424,0.1619735254621087,0.2749404961807157,0.06447415192345705,0.2985044535988153,24.0,0.21210406128749043,0.08705632083910068,0.3141555830681394,24.0,0.23072572257245946,0.10307205020335478,0.30584796851072427,0.2149065749515956,0.11995868184168701,0.30414837534763917,99,92,0.6066666666666667,8.19,0,10,2026-06-26
0.21005633550063224,0.08356726269959491,0.3186512121214852,0.15191882582769428,0.22189791450401478,0.08794142966757373,0.3304466724912321,0.14071763413385363,0.23144773980738995,0.09219372374974787,0.31736003611569674,24.0,0.1727666607972973,0.0709841026928643,0.312249306736735,24.0,0.20920019719187954,0.10458468567897142,0.3312568166746791,0.20043179403658784,0.09526967886195326,0.3380674824141163,100,100,0.5633333333333334,10.04,1,17,2026-06-26
0.20447502947466784,0.08446486188290087,0.32460911987655255,0.1327563113302811,0.22692876818539753,0.08826022205197516,0.3212159414919018,0.1340497204293152,0.18211140201620063,0.06978098101471363,0.3057307943530371,24.0,0.24557882347799306,0.08657931740289115,0.3070314676559064,24.0,0.2108724348247507,0.0964662406669162,0.3077822779075395,0.23559750349392816,0.09947373515488192,0.2868343972754409,98,96,0.53,7.94,0,4,2026-06-26
0.21688852572656436,0.09087565443459389,0.3173255280382362,0.14685635313577078,0.21394601780715353,0.09020249090008925,0.31037875133628123,0.14195513827324024,0.2245506969579256,0.0936974433137005,0.31646518563521864,20.0,0.23403937682230438,0.09656639457505725,0.32466704488468917,22.0,0.22213984621082555,0.10727695254465708,0.3091972771325596,0.20526295063069874,0.1015882767216622,0.3208622216969451,99,103,0.5866666666666667,9.213333333333333,1,23,2026-06-26
0.23969892986698035,0.09046799234792308,0.3121057552922605,0.14883257184717077,0.22112478257195162,0.0860074288060459,0.31959998876267304,0.14345339967103876,0.2099664288213468,0.08279223855044116,0.29883873161328134,25.0,0.23266101885855545,0.08920354352173784,0.3290911208126964,19.0,0.22288755122826742,0.09354293222931279,0.32066182604623467,0.18863830786501334,0.09929976844786184,0.32247634856367136,101,103,0.5966666666666667,9.26,1,4,2026-06-26
0.21173813138631223,0.09282448916724181,0.30673545004231073,0.13530433243787002,0.22262063715521366,0.09020996600912143,0.30897337347574816,0.157173285877105,0.2176903155192405,0.08406512791484097,0.28977420484198063,20.0,0.24737581550601073,0.07094819554583243,0.27685473411649375,25.0,0.2467548752165084,0.0931512917327054,0.2999806372079838,0.24389767337452384,0.09852256271422932,0.30695578918039995,96,95,0.4533333333333333,6.81,0,18,2026-06-27
0.2354770350797618,0.09036748398639993,0.316623286760791,0.14198613794355472,0.21548315173142074,0.08229878020145041,0.30931329172500166,0.13943747447664429,0.19637744340233376,0.08503010157529879,0.3046891673474712,23.5,0.23553495915866834,0.07271362104489279,0.29258755751192966,25.0,0.22354198701966477,0.09313242412224736,0.3193371062358499,0.19035870059093765,0.10023383934912458,0.32223099790356935,101,103,0.5966666666666667,8.386666666666667,0,7,2026-06-27
0.20544994424742255,0.09735713794124574,0.32119525894730505,0.128098899398505,0.2019971836516784,0.09789688109856291,0.30488393649700535,0.14203870108001534,0.22932231243594683,0.08574243264357556,0.3364381624985257,17.0,0.21690900799805674,0.08243860654470869,0.30621277379559364,19.0,0.22634235222841254,0.08791281423019603,0.30829238516494495,0.205268418380523,0.09018398015406312,0.30728365306153016,97,96,0.5,8.276666666666667,1,6,2026-06-27
0.19675087558505203,0.08657449894084246,0.3257843181055203,0.13618797941230432,0.20854185447724014,0.08440721626711006,0.3156718559166153,0.14404840633860644,0.22277174428111451,0.06776663407832242,0.30731147345914334,26.5,0.20410464100511733,0.0760179493734376,0.31693225036641437,26.0,0.20148771638545943,0.1019312010109032,0.3109252118751772,0.23234174306050448,0.08526248649072966,0.293304865613263,94,90,0.56,7.516666666666667,1,5,2026-06-27
0.2086713962173627,0.08318123936812448,0.319279311441357,0.15173317510690512,0.20860396459450717,0.08530647422204884,0.32479420751532895,0.1379073726596689,0.19842454855694774,0.09198106631736164,0.2942667156856895,19.0,0.20178643940482927,0.07625469609581692,0.36241954474388527,24.0,0.20770879894930877,0.10411986360928047,0.3333358039315698,0.19950761257336164,0.09486817875115633,0.3382129677858754,100,100,0.6333333333333333,10.543333333333333,0,13,2026-06-27
0.21090828811423096,0.08674761655318818,0.3183421730132609,0.13607878438310292,0.21803711479401525,0.08889909263065486,0.3232683771957293,0.1318367343732029,0.19219216649350213,0.07986221059717608,0.3021033288270664,24.5,0.21231767913505825,0.08479072414643152,0.3304407748799697,22.0,0.2088671782809544,0.0979610369799841,0.3072512128121303,0.23578622850177167,0.09909169812286038,0.2864708289068304,98,96,0.5066666666666667,8.583333333333334,0,6,2026-06-27
0.21953408724684625,0.08005435541646995,0.30983338503127744,0.13432039438305163,0.21912262853140083,0.08768874846450035,0.31725669538961687,0.15199472164019517,0.22033450402355614,0.07636380469743989,0.3126398539515187,22.0,0.21770598846184655,0.07966851561300511,0.3094878590118775,24.0,0.22561264547521306,0.08504414956294988,0.30238554238525506,0.2298022130287595,0.09005857227988967,0.3065080977860608,108,97,0.47333333333333333,9.306666666666667,1,5,2026-06-27
0.2018189335511782,0.08560069719788134,0.31626222082953465,0.1320063175698075,0.22602886095747848,0.09030178674714501,0.322849015687837,0.1338064829455411,0.20422201763220726,0.08310959537904793,0.33299380174112997,24.0,0.20229891791394394,0.09886520893905375,0.298041179839426,20.5,0.20893591314630205,0.097995403729674,0.3070539727576455,0.23577351942150862,0.09847278829844264,0.2862592722670103,98,96,0.5,8.41,1,3,2026-06-28
0.21816795476747614,0.09090357440166466,0.32472243183007055,0.13783932589333048,0.21824297728649816,0.10230143238123958,0.3133259764545469,0.15086894256998573,0.2458106798449806,0.07282567027633208,0.2920533231757539,22.0,0.22151999990536098,0.09633228826365847,0.3102510008981816,17.0,0.23524639264691344,0.09961276939852642,0.30942076071303537,0.22034716032347745,0.08914134305854013,0.3048265328159525,98,102,0.6,8.583333333333334,0,7,2026-06-28
0.21212977871107686,0.09014693915337164,0.3091406953825848,0.1385401930670327,0.2062254897369897,0.10140707868691073,0.33054444331138216,0.15389266288995904,0.21068508168785008,0.0883350326302368,0.2935934344812477,24.0,0.249888219957547,0.07814572837510089,0.32465200250349024,22.0,0.24363467669244532,0.09316044154903372,0.30454430177450303,0.24297635189409755,0.09865491377068633,0.30771067273153463,96,95,0.51,8.4,0,6,2026-06-28
0.21243645519527143,0.08623964228085462,0.3207929897160038,0.13368405315398385,0.22461794923051281,0.09616865682214389,0.31844392962170687,0.15788114095544833,0.22776269089978685,0.06958554651090289,0.32340766580822977,25.0,0.23816448296368697,0.09807889243694821,0.29509299882309153,25.0,0.22628812882107707,0.08524148943545833,0.3012020694535834,0.23100206656316702,0.09011866108824018,0.30546815795581617,108,97,0.5333333333333333,9.31,1,9,2026-06-28
0.22995621235320765,0.09205271928152368,0.29922558522049336,0.1281136132683699,0.22348296824501648,0.08848049798100205,0.31714084333463566,0.13187226053756326,0.24361726968660158,0.08044859474672691,0.30835438256313435,25.0,0.2034050358623272,0.08009528266985799,0.32062922634810354,17.0,0.25160959827865514,0.09231828244167548,0.32091506274512005,0.21084556115853656,0.0817752931683142,0.30813053732837054,97,96,0.58,8.013333333333334,0,9,2026-06-29
0.21533760997372306,0.0902789239786277,0.30646043018689756,0.13785938078943116,0.21778541799447387,0.0910025371583721,0.32175924210393253,0.15220531042343977,0.22686245710531633,0.10435488468083112,0.2857904082504314,22.5,0.2358561995540907,0.07599551397564841,0.32921194133342246,21.0,0.22991334319234744,0.09970265308309298,0.3065663035740147,0.23410585714900156,0.08181398022321668,0.302906334497663,101,102,0.5533333333333333,9.043333333333333,1,3,2026-06-29
0.23627304975247462,0.08569074361167367,0.3292366441233225,0.15226130889529138,0.21323642445588023,0.09041278047595562,0.31510959844388814,0.15164084288610982,0.20843380466869865,0.07896137190542658,0.31363464940547875,23.0,0.20012015242109887,0.0696886157146796,0.2904063688850212,26.0,0.22941539604680328,0.09689451670092908,0.32666387997475377,0.24473493285573167,0.0988284061013654,0.30811576284102904,96,96,0.45666666666666667,8.243333333333334,0,12,2026-06-30
0.2204389297294269,0.08409987613362342,0.32736315972873825,0.15168330515014852,0.2302038801654137,0.08970280336704602,0.31680478943393003,0.1379073026481337,0.26402895017687555,0.059350901693035654,0.3084317012507954,27.0,0.21580658269651293,0.10482874516717178,0.2932796344312053,23.0,0.24544280841106134,0.08252901983655597,0.3278125939321458,0.23187797060245047,0.10383791670326856,0.307638589865163,101,106,0.57,9.27,1,8,2026-06-30
0.20303285392205314,0.09270995798720864,0.29954731550996283,0.13983327742046084,0.1943586543289889,0.08550323876498478,0.32609822526677634,0.12975528742982143,0.20322629656308516,0.07902927893571383,0.32519737462633375,25.0,0.23758175032501933,0.08940632633027315,0.3274534216584064,24.0,0.2060101461574182,0.09037362027277422,0.30859166918121345,0.19965030858834776,0.10259980409660066,0.30900709395185827,103,102,0.43666666666666665,9.686666666666667,1,10,2026-06-30
0.21964283079209607,0.09103390767635092,0.3083978937467435,0.13996635497800541,0.20444958637322266,0.08628972307671871,0.30892326424635463,0.12308223128160677,0.2142850406005165,0.07446164306616547,0.31653082475098804,24.0,0.24062747764046832,0.08507744103547665,0.3242200408562175,18.0,0.2022276941929091,0.10189585306704596,0.3293153119013825,0.22776916978715414,0.08616346893641842,0.3076685839756772,104,92,0.45,9.023333333333333,0,14,2026-06-30
0.224464141340641,0.07741901253582337,0.31436516362614575,0.13812146247342813,0.2241111322932746,0.08447424626235196,0.318399448975889,0.14144634002763948,0.2378073684685081,0.0832224639942303,0.30877615680625925,24.0,0.2245406053497472,0.07973216979350847,0.33439425535041856,23.0,0.22725615036951285,0.08516708360470018,0.30047273034122157,0.19037480297009443,0.10049218774015203,0.32161424819615414,108,97,0.6133333333333333,10.616666666666667,0,9,2026-06-30
0.21963388537913087,0.08431020558992297,0.328846748405083,0.15099786610425397,0.22752485769789932,0.08656729060452552,0.33576022247664067,0.14306097348343438,0.25745944879414306,0.072333619324164,0.2802437924081498,25.5,0.27534979596154147,0.06542557017969214,0.30329506957540325,24.0,0.2464218434318331,0.08272329674855863,0.32847677973330136,0.23145999658520114,0.1037338569563027,0.3099338908601158,101,106,0.5233333333333333,7.866666666666666,1,16,2026-07-01
0.21822399574534368,0.07721018660165577,0.31982558832484625,0.1329205447227902,0.2225556665618874,0.09053613868568096,0.3163977402534851,0.13626016191530044,0.22193360350483293,0.07841414897059763,0.2966877810672447,23.0,0.218801128605077,0.0842672444563775,0.3044344482129989,22.0,0.22549006680693878,0.08555885650397327,0.30379224886582923,0.18970834957233776,0.10012625653394593,0.3218920583323954,108,97,0.66,9.31,0,12,2026-07-01
0.20948702435221794,0.08329808438136345,0.31872922496679057,0.14364667696210837,0.20930620295853705,0.08421803308050574,0.3163127396343659,0.1337146230975591,0.20993646873195146,0.0923327928834015,0.313030190805109,22.0,0.18244781735772156,0.06886795876553067,0.3052311463687363,24.0,0.23378412263030623,0.08507082675509128,0.2909779273084986,0.20885969757615827,0.09787834054257126,0.30697190102056576,100,101,0.63,8.75,1,6,2026-07-01
0.21887205594524733,0.10219576795284911,0.31335518483922126,0.15203135612332902,0.21536348157673194,0.09220505344530869,0.2991835240358023,0.14496889075938438,0.19161772299689067,0.08144268724710715,0.3130290294675294,24.0,0.20339314371757078,0.08703897030218817,0.31667601790346966,23.0,0.22075988621054124,0.09033307550484596,0.3071229816240989,0.2424437468759879,0.09320801253569395,0.3047956079429089,100,101,0.5266666666666666,8.633333333333333,1,26,2026-07-01
0.21029532032212467,0.09981910374224717,0.33577079274753596,0.161136755686332,0.21759483287418205,0.09358568080293438,0.3013498404462562,0.13980781025208697,0.2253926438010021,0.0922654841887627,0.31131262448064023,23.0,0.180817788055896,0.0800700576142283,0.32424633842248957,23.0,0.2427750124045846,0.09819202884285423,0.3094614879362038,0.2412117928344628,0.09348651405004077,0.3081765649297712,99,105,0.6566666666666666,9.44,1,19,2026-07-02
0.22276911400233207,0.08721680743665765,0.3233997847798886,0.16166309724552652,0.237842572589176,0.07579678656450861,0.31957546572400647,0.1469027561150339,0.2521049797458995,0.06823476681026883,0.30309883792036185,23.0,0.22124049213448838,0.10193843237031729,0.29856822949161366,24.0,0.22546618762956613,0.08884257527356015,0.3171882675842924,0.23161587364497205,0.11426161155152981,0.31503263960203925,95,96,0.6166666666666667,7.4,1,1,2026-07-02
0.21822453633727434,0.08342312397369162,0.3194187709679933,0.13359689207787626,0.20553992288463663,0.0967394314605454,0.32354400052888094,0.12994186776079042,0.18774841326630592,0.07056988538445974,0.3037060959805135,25.0,0.2389156301806188,0.0881483513151095,0.2960621423423998,21.0,0.20109326478066708,0.10438222425724156,0.32675875799141657,0.22750978706896502,0.0861236679885033,0.3068546225329054,104,92,0.47333333333333333,9.556666666666667,0,7,2026-07-02
0.21502471785786442,0.08802410664124435,0.3148332675501686,0.12677453693891824,0.2167260789359552,0.09334867998226275,0.3233902544789363,0.1462713926711688,0.19678742415606693,0.07513151744693514,0.3160929856041763,24.0,0.22038571034826282,0.07560236480651472,0.3188483565472776,25.0,0.25367776684188326,0.09154404245821457,0.3233944657410407,0.2263964616262497,0.105967012788377,0.3086362341121912,97,96,0.51,7.77,1,11,2026-07-02
0.21964999589595646,0.09515177891117717,0.324535383048304,0.14533792864557699,0.21169552576729583,0.09310877753319852,0.32517330592306254,0.1321518479528577,0.2420209138783643,0.0849500920979098,0.3218135446467234,22.0,0.19416500555371174,0.09376169604570903,0.294139721155132,22.0,0.22999661248248715,0.09646802773759428,0.3280363963573246,0.2327588970911226,0.0975796530891086,0.2881218084484666,96,96,0.51,8.14,0,17,2026-07-03
0.21409844665100242,0.10362307975974276,0.31616877204983074,0.1556560368284719,0.20071381850377096,0.09062336290176781,0.31224533312961333,0.13749046957105931,0.21301820146372816,0.0853112982834107,0.3342826517392251,25.0,0.19045523911573134,0.07805909775402571,0.30995940902275043,25.0,0.21989341697323694,0.08958613205185922,0.30776443130659203,0.20786921203343772,0.09831261369565919,0.3061605808126493,100,101,0.54,9.993333333333334,0,18,2026-07-03
0.2212530719526108,0.08801801065438644,0.3166421076225454,0.15205536543531648,0.21748887009596418,0.09511631076648736,0.3172181434245655,0.14110278704322954,0.24718235867881935,0.09047752175198624,0.29753759009926106,24.0,0.2403757449681409,0.06361245741294641,0.2792145363798553,22.0,0.23522422507224278,0.10226766613091703,0.3000041923094983,0.2264408160298667,0.08511919947644647,0.3039230941719547,99,101,0.51,7.13,1,18,2026-07-04
0.21804306220776778,0.07770066697324743,0.31965166815827045,0.1485644121293932,0.21688027780352184,0.0831287717888714,0.318926832476093,0.14981954895773397,0.27172258697162466,0.07050441445165859,0.3174103004963065,26.0,0.23360616385580985,0.07604315981149429,0.32190627978015574,21.0,0.2312921653812547,0.08424247330266939,0.29368597254731116,0.23453403380516813,0.08172152641288742,0.30266515578055053,100,101,0.57,8.4,1,17,2026-07-04
0.21840118983142823,0.08457264906212575,0.3128489325263741,0.14990496660912406,0.22809676912227517,0.08143006218798735,0.320747494901047,0.1419076818183457,0.21548453072916818,0.09255227354612905,0.3231313642679483,22.0,0.25206511264269904,0.06875752908350838,0.3182736011110248,23.0,0.19167311774238968,0.09961359374605126,0.32491723291735264,0.2320519773214753,0.10379556179402825,0.31109930328471935,100,101,0.45,9.056666666666667,0,8,2026-07-04
0.2366189623360061,0.0920509585953,0.31222852068120477,0.15956290049343919,0.22676771001772478,0.09740770322326725,0.32350395128039044,0.14797512783720906,0.2426476423654719,0.0824550914135374,0.3066437474098014,24.0,0.2029423734624502,0.08436597377056337,0.3104336271266066,24.0,0.21350222165061933,0.1212418767632161,0.30137767299923157,0.22459717281117275,0.08912478035799934,0.31960430342239743,104,118,0.55,9.33,0,13,2026-07-04
0.21615260871730838,0.08306521198071865,0.31710343851422385,0.1351132789547539,0.2209758794137176,0.08464428581829214,0.32965084896474117,0.15172143559338724,0.19486475433550196,0.07260921766070462,0.3030413072103987,25.0,0.26096365793787485,0.08109619395359194,0.32583645669082695,25.0,0.199659904508242,0.10381572655693772,0.32625128109205526,0.24604174703075488,0.08290408698963739,0.3316065070737515,104,92,0.49333333333333335,9.836666666666666,0,7,2026-07-04
0.21690415333256718,0.09701757421253096,0.326658129662439,0.142005200970883,0.20346216630808425,0.09125871141232245,0.32738366870841457,0.13276599201651382,0.19045259367769532,0.07465631859549132,0.33290797697642655,23.0,0.19107734882121552,0.07169037545982027,0.31188471940512086,26.0,0.2291743221303389,0.09678956110986658,0.32681563990381046,0.23336899972457775,0.0974980786228587,0.2867018897978255,96,96,0.48,9.183333333333334,0,9,2026-07-04
0.2310427543968935,0.08944600136386836,0.3070114846141102,0.13003570036279102,0.21575485941874398,0.09206302681246269,0.322696316383553,0.14577525779117162,0.2076992430537436,0.07484825802833109,0.2955065184267178,25.0,0.21917345379559638,0.09862897719249161,0.2973945917211036,17.0,0.25319550606275054,0.09018851768041802,0.3188370058666433,0.2288626003103969,0.1068042006717359,0.3078121712411146,97,96,0.5366666666666666,7.373333333333333,0,13,2026-07-05
0.196695243010609,0.09406503884050553,0.2967272885326436,0.13629293938766956,0.22444175033540845,0.09509108466676827,0.3253070922672966,0.1410184647639416,0.1940171693222123,0.08602020441590164,0.2996066011188796,25.5,0.237700966374436,0.09494614854288766,0.31598420040157504,22.0,0.20536505137865216,0.0881529533683165,0.30667423746478273,0.23413885387765607,0.09836785176205523,0.30498175489294765,103,102,0.49333333333333335,8.92,0,5,2026-07-05
0.2143885075020081,0.08935901037362184,0.317954234399336,0.1468330892386691,0.21893171101977982,0.09295077469013216,0.30728734014802545,0.1456719357819991,0.2494835977014735,0.07901028002671082,0.31871124866099143,22.0,0.2153132765348896,0.08554186004954369,0.32677682626330895,23.0,0.24539067434759682,0.09816050110927892,0.3078113159150364,0.23862250352254355,0.09530684175450624,0.3095624557555706,99,105,0.5733333333333334,8.79,0,7,2026-07-05
0.20502032868055614,0.07989510616776638,0.327814231989607,0.14694330276024564,0.19517598426386115,0.0772201474957677,0.31215558944490573,0.13279717516382225,0.2366215259210678,0.09585114102007466,0.33253992193453574,24.0,0.23371398104611196,0.06921093647456358,0.3186710065078865,25.0,0.19885683200478355,0.10168441273146435,0.310478902203159,0.2338461144335545,0.09766433670641886,0.3077100653078999,94,90,0.5433333333333333,7.963333333333333,1,11,2026-07-06
0.19395401973988122,0.08828463352205851,0.3246593962650809,0.12783468383577568,0.22281812826678957,0.09692942322019162,0.3073249258563716,0.166103820764543,0.23970369791868826,0.08143626113248956,0.32327012732651816,18.5,0.26328646918042664,0.06971174754327307,0.30318006720129986,24.0,0.22631376323551763,0.0851207043863178,0.30479260910595685,0.228940214036222,0.08930946617967514,0.30149761190228397,97,96,0.5233333333333333,7.613333333333333,0,6,2026-07-06
0.2111930027939416,0.08388171559946007,0.30921260730832323,0.15114892623925272,0.21619205409692452,0.08525060620801946,0.31345761399453725,0.16048810379509612,0.16704985204382558,0.061384377875941074,0.3127615948746777,22.0,0.20308364256396075,0.08258785730059852,0.3294761925102375,22.0,0.19207462576003223,0.09990263093394565,0.32479378969052747,0.23628902225343335,0.10310266633188225,0.29860028540948064,100,101,0.5433333333333333,9.53,1,23,2026-07-06
0.20195421460254212,0.08146185650137731,0.32881521787390533,0.14391460958678698,0.21058465687187655,0.0774586102905835,0.3150784635602543,0.13774663076184407,0.21204912961433586,0.08126282424428502,0.2977642361101397,25.0,0.2354810553848353,0.08380224417242615,0.29227996028002545,17.0,0.19967135770956354,0.1015092809074826,0.31027912927826057,0.23245515733027572,0.09759428604955442,0.3074571677843604,94,90,0.5333333333333333,7.6466666666666665,0,12,2026-07-07
0.19922895780120456,0.08359418147516237,0.31635069373867303,0.14817796323622942,0.21949047386170506,0.0853250991829411,0.3069915045242702,0.154973470562945,0.23498093214572235,0.0902339300601288,0.3288932454642557,19.5,0.24677236719767648,0.10705542213493692,0.3164743117995624,21.5,0.19236109252832762,0.09981361856007036,0.3248925502689608,0.2376497596416594,0.10277986875355231,0.30000884072914646,100,101,0.4766666666666667,9.31,0,9,2026-07-07
0.20689281100811568,0.09092584211905985,0.3177848844118706,0.14646176682416268,0.21341886506976848,0.0799077036360457,0.32133655327722477,0.13961338423897843,0.2180222430701217,0.08816328145832243,0.32961215411190176,17.0,0.20040539681963168,0.08049563375096502,0.324360038325344,25.0,0.23406593808134304,0.08303976209976952,0.30878351569193296,0.2000225186346265,0.10371943490046756,0.32556933627780305,98,97,0.6166666666666667,9.373333333333333,0,28,2026-07-07
0.2094210816043771,0.10319120455020332,0.3281359405969305,0.1502523349020111,0.22852417318915755,0.07540998254921408,0.3266984575518087,0.13328765494196226,0.21050181457991268,0.06745968164205339,0.29488103543426547,26.5,0.19117474173490062,0.0794564029542382,0.35259312877105076,24.0,0.24407040101018312,0.10070812995886076,0.30708764784453446,0.1959022602614634,0.09288482614075667,0.3368168882730765,99,105,0.7366666666666667,10.306666666666667,0,7,2026-07-07
0.23366375563313235,0.0850452731996167,0.3153519573497114,0.15233946559993347,0.23213451775905528,0.08207578544647687,0.33598371093835855,0.15419490976334704,0.2657817093757977,0.06063573169516448,0.313341264233266,25.0,0.22033600707088188,0.09330162283655226,0.29749077277004665,23.0,0.21492335066962873,0.09316074211884798,0.3145789351272408,0.22526861472781506,0.0983127884241768,0.3285461453257745,97,95,0.57,7.85,1,8,2026-07-07
0.22837640178713725,0.08519287533378027,0.30939839100784344,0.1556672413328285,0.21906725881725253,0.08457068865223702,0.3255679708148723,0.15608449049909834,0.26864332568409244,0.0799219799327624,0.31587780866002546,24.0,0.2223949673729693,0.0899511531696387,0.31491988189377457,19.0,0.21124221048229896,0.12167438671220066,0.2981906017764454,0.2468797858935312,0.08546306804297629,0.3338012041999156,104,118,0.5933333333333334,10.03,1,16,2026-07-08
0.20314389023851823,0.1054381231638489,0.3272261612038939,0.1515165145389451,0.2079793374459198,0.09181311810093645,0.3263235630246459,0.1329315125675955,0.22327982737497828,0.09312720041662875,0.3197346041981631,23.0,0.2150121230395483,0.08808699651032191,0.3106606179658508,22.0,0.2438030360037794,0.10058540770679722,0.30727317399994136,0.19581332438838517,0.0927579445079384,0.3361142128437371,99,105,0.62,10.113333333333333,1,7,2026-07-08
0.20643847490136694,0.08458795789962065,0.3095421853137252,0.13430130879129354,0.24020828485640022,0.08847347421972426,0.3219905289576038,0.15658150977866883,0.2355952838996183,0.09644387241441119,0.3254192030903954,24.0,0.2227101958534082,0.10439923990554409,0.28987955202286436,24.5,0.2105215445901169,0.07980254336018805,0.30950311281881027,0.2327076751597203,0.11146987701996727,0.3192344653111021,101,100,0.5566666666666666,7.666666666666667,0,14,2026-07-08
0.20319516978865038,0.08304185915122927,0.31940913370434115,0.14529801111482293,0.23714511913888808,0.09126619004225825,0.3070014461235704,0.14322073067751248,0.2258959826681641,0.08583188916160175,0.3295972618161117,24.0,0.19417615182414663,0.07373032826969654,0.3207943561038701,24.0,0.2070926142282341,0.10357816785162746,0.3276646378838787,0.2501197800325232,0.09115116396586403,0.3171733093449105,100,100,0.5433333333333333,9.103333333333333,1,11,2026-07-08
0.22530812460866942,0.08109725042441937,0.31593564632387583,0.15185765260674908,0.2209549749087826,0.07823615391614686,0.31169531731145017,0.13600896087477535,0.2148353863059811,0.08013371551959614,0.32163536320541997,24.5,0.21371889060971794,0.0724441937343892,0.29831489953328294,23.0,0.22972586475366671,0.1075498642285839,0.3076800710881783,0.22734079918722172,0.08728682847968808,0.302877246521502,99,103,0.55,7.876666666666667,0,5,2026-07-08
0.2231834915373443,0.08246449324611527,0.31301106028566716,0.154323921519513,0.21224823422664574,0.08736600341918926,0.3191111485823011,0.1278362800494403,0.20523450888435668,0.0855445993037655,0.30144870172920796,23.0,0.22060093077299417,0.08789269991639242,0.3145134199511984,22.0,0.23174511650249122,0.10696182741927862,0.3080459815979518,0.22770645346838642,0.08697967152724095,0.30184502105204225,99,103,0.4666666666666667,8.936666666666667,0,3,2026-07-09
0.22311777063235272,0.08919773418489742,0.32716375244134105,0.13762617336386762,0.23303045628168784,0.08822577309439278,0.3203502607516723,0.1494843256234419,0.24114940116095554,0.06519336244336382,0.3124777866031484,26.0,0.24843563554363282,0.08645163201268855,0.30421219040951486,25.5,0.20945749721636275,0.07963744840917264,0.3105277877933491,0.23637215282466875,0.11045723147970357,0.3192937790872069,101,100,0.5566666666666666,8.223333333333333,1,13,2026-07-09
0.22821355725565265,0.08992291671553454,0.3423763678553073,0.1355858930870617,0.20868529843601982,0.08324943791211357,0.32015072838168823,0.14517972151825786,0.19448350205802925,0.07967058863308354,0.3084248204000415,25.0,0.2049752828046706,0.07596605621770652,0.31913875375737144,26.0,0.23232594143506435,0.10257927774781092,0.3108637861366226,0.23139949498443618,0.08457835712557261,0.2990940476477507,99,92,0.48333333333333334,9.376666666666667,0,15,2026-07-09
0.22766676127885177,0.09517025096301143,0.3210892109680831,0.14918813371905448,0.2326779893572725,0.07855129947077283,0.34028782946564484,0.15123808430465935,0.21156681213228018,0.08356580144870467,0.3209294242301885,26.0,0.22980629059310806,0.09324925770875052,0.33339052536673675,24.5,0.21448523489649612,0.0921317242369675,0.3126156067429046,0.22693938722361712,0.09864105029485175,0.32928007239807333,97,95,0.54,8.96,1,5,2026-07-09
0.22598888386336155,0.10206198942740835,0.3237352571226427,0.14866478439220576,0.21587335924541728,0.09099333986199823,0.3102272001010187,0.14072757338767586,0.2024534295636447,0.08626462324454565,0.31793824196708,24.5,0.2160560203516531,0.11098251617880302,0.3188874984100892,20.0,0.22055915953045563,0.0893821778523893,0.31750298548222694,0.19598090482735492,0.10451177834746406,0.3238453263042451,101,103,0.6466666666666666,9.95,1,8,2026-07-10
0.19182408564989897,0.08513336678485442,0.3219309464484623,0.13078197671942465,0.22347628391232574,0.08879634295722358,0.3142583902191183,0.15595429710202588,0.24944969445682402,0.08220263020013635,0.3212277682669917,19.0,0.25875806232286613,0.06469142752937737,0.29341610853543143,24.0,0.2305023055781737,0.08346744656687494,0.30669737786855766,0.22106348534586434,0.08806738387751666,0.31190420186230067,97,96,0.5266666666666666,7.11,1,7,2026-07-11
0.20813061778002137,0.10038012995489017,0.33211339406930956,0.1591145909718599,0.20642680748585868,0.093190965221617,0.3036714310141325,0.14167452782159407,0.2492126327804884,0.07190210192039284,0.2762060027878077,25.0,0.2044704541432073,0.07543320923510297,0.31917034650664267,25.0,0.24634330915219138,0.10076468555959464,0.3064393220800876,0.20636935745918894,0.08448676765710096,0.3069997417321223,99,105,0.7333333333333333,8.666666666666666,0,11,2026-07-11
0.19523679978494898,0.09137139070836908,0.3272957798264541,0.1362065412519708,0.21892606596188025,0.08506673147504334,0.31293173080962766,0.1291788302922916,0.2518486770855523,0.08954412571375579,0.2866470479957072,22.0,0.20370566070198426,0.07438889522910044,0.2978315798432928,25.0,0.23304569046528473,0.09701663403135741,0.2877253452911263,0.24810540231494138,0.09314336309930238,0.31582783352134075,96,95,0.6166666666666667,7.253333333333333,0,5,2026-07-11
0.23007889596053704,0.08705910276017136,0.3188667284705007,0.16830853069735377,0.22068737564532329,0.08038120968113487,0.3213712896278608,0.1370008443911518,0.22465080138024512,0.09117836798723752,0.3175650846182113,17.0,0.2206159122661563,0.08254872206956204,0.32641687090294813,25.0,0.2314553728802371,0.10738858772907267,0.3059659627811846,0.22682802139585806,0.09865885978769232,0.33345759140506726,99,103,0.55,9.246666666666666,1,1,2026-07-11
0.23244341958813194,0.09465004995516334,0.32323822767997035,0.1607209122889197,0.22040212505248621,0.09472978513448455,0.32023805690098034,0.15161865651521153,0.2145200320930755,0.08657981165059692,0.31730160747311437,24.5,0.22718112131928353,0.07813974814788308,0.3136342596976493,24.0,0.21313092234603775,0.12054311297645562,0.29938493341702543,0.21835159618929972,0.08811591714722539,0.31247491169422303,104,118,0.5133333333333333,10.946666666666667,0,12,2026-07-12
0.21589627961866498,0.09205766106261572,0.3005915054286016,0.14588417316156968,0.20749936739954677,0.07809636446267156,0.31754519142558085,0.1404892112927809,0.18298507984239512,0.09346968403392454,0.3200143074689174,24.0,0.23626087822706304,0.07356471404867679,0.3204217889004509,25.0,0.23726489440711082,0.09397641874576232,0.306933520435949,0.23213356981258554,0.09634976209957528,0.30625550869849993,96,95,0.45,7.983333333333333,1,9,2026-07-12
0.2185002177355396,0.08401001025987671,0.31591390459960733,0.14662376904323274,0.21402611801378224,0.08639645057806805,0.306859007723576,0.157734201664202,0.2357690608917993,0.094933463247459,0.3299000081791516,24.0,0.20906778643192864,0.10283170121380414,0.3202358517543176,22.0,0.20967972033497112,0.0801166144381134,0.3112711954630436,0.2376666243370021,0.1027251751666986,0.303319841356396,101,100,0.5633333333333334,8.903333333333334,1,11,2026-07-12
0.20437259807183839,0.09531671497929868,0.3222284686338705,0.13514061776465386,0.2286865110119701,0.0860582089063242,0.3082268634840088,0.1448289579250431,0.25582764852620743,0.082359740850763,0.3001908122253384,22.0,0.22048133274575543,0.07437326759547278,0.294948620935811,23.0,0.2323900470511421,0.08331036858520426,0.3065318774578013,0.22013655065110127,0.08771661635127703,0.31256182631790785,97,96,0.5833333333333334,7.416666666666667,0,10,2026-07-12
0.21522488029630205,0.09046676064860082,0.31761699802399,0.15620100884956278,0.20132603455840098,0.08968972121412556,0.30521853471377136,0.13204787858947972,0.2495048415815398,0.0817351870247059,0.3172676857874889,22.0,0.22087364926238162,0.0910521412677301,0.3138464922383063,17.0,0.24511442844906095,0.1009504329423125,0.30594697897494794,0.2073651227132327,0.08393138848499376,0.30513583060485877,99,105,0.6166666666666667,9.023333333333333,0,8,2026-07-12
0.20374889663179738,0.08387638342485887,0.3138963650425961,0.15258228697640483,0.22348248801056267,0.10094486486396029,0.3123692936989296,0.16843597541097727,0.23663039129904564,0.07830720534281865,0.3347341989214877,23.0,0.22439763955440584,0.08205718386573593,0.3308669930981176,23.0,0.19256590391861908,0.09974237733302146,0.32742802203065213,0.22702062407399864,0.08754205391152926,0.2991137085657035,100,101,0.48333333333333334,9.476666666666667,0,8,2026-07-12
0.20845703192549592,0.09022567570832962,0.31274941332972866,0.1417929408298886,0.21965483292041046,0.09712020399715829,0.325636725932121,0.1591201719335081,0.22599930774167043,0.08353657869083758,0.29798989652811814,18.0,0.20464688060149278,0.0855140499851697,0.300118414999497,23.0,0.2314808287281283,0.09586866133723941,0.30643096444430257,0.23121460476046243,0.10704561729249953,0.3033790110598798,101,102,0.6,8.816666666666666,0,16,2026-07-17
0.2097607914298226,0.09089220455366183,0.31726194486271453,0.15864794416418737,0.23278169495053935,0.10192538073055714,0.3144062569241894,0.16099461886641514,0.22344078973533854,0.0882192513616616,0.2826381504156479,25.0,0.2220242795096647,0.07456897352879902,0.30828237545793835,24.0,0.23666649304605272,0.10244886095479368,0.30449884833246343,0.22125775120328967,0.08795311666107318,0.31438509355609245,99,101,0.62,8.35,0,5,2026-07-17
0.1943091797956272,0.09027296283929247,0.2997152357964887,0.138714837242602,0.2111155798759208,0.08241279727324292,0.3103677058577434,0.13750418032896417,0.1859218693160904,0.0832824467774697,0.3190811233212615,25.5,0.18495242834889275,0.06730731314001794,0.2995027541047224,24.0,0.20855991198154383,0.08413804744036749,0.3022522938687522,0.2083320727651853,0.09759021896559628,0.30398290693072527,103,102,0.49333333333333335,8.996666666666666,0,9,2026-07-17
0.20838640902037253,0.0838093009648093,0.32577397561538407,0.13909072745497808,0.23509736436774611,0.08772541371554098,0.30901574452603814,0.15481314928373646,0.22185788568846768,0.0874268765376697,0.30518233351115565,25.0,0.20749580877222418,0.08275611775225006,0.318673820245879,24.0,0.19567246785752304,0.09439689210036303,0.3366705153145334,0.21299922211190275,0.1202550566603933,0.2998224755155804,112,104,0.6366666666666667,11.53,0,9,2026-07-17
0.21345227314240653,0.08893268453089394,0.3189781417693556,0.1411938861016847,0.20105027689431176,0.08252723446767996,0.3102207403910196,0.13348893132192832,0.22354412257279976,0.08561800037684177,0.31882008399035233,20.0,0.25144363828993554,0.08500860617865848,0.3071589648504305,22.0,0.22689651124313936,0.0844072288938941,0.29767142013645176,0.2315952905180479,0.08386121200011268,0.30611746343377694,108,97,0.5433333333333333,9.326666666666666,1,13,2026-07-18
0.21352400206284627,0.09231052049777495,0.3114362290289018,0.14137911339242135,0.20580903212674714,0.08073088835750991,0.3133254083516871,0.1357489365685581,0.2003255560116381,0.07268094335509521,0.31811907505832326,25.0,0.2239607670736094,0.07981037446716747,0.316614496468851,25.0,0.2074183507892723,0.08495640075628351,0.30293327257059516,0.208813957480054,0.09807012036062426,0.30412768619992203,103,102,0.49333333333333335,9.386666666666667,1,8,2026-07-18
0.21565404709634242,0.07818380476002312,0.3140914145827016,0.1509100844594366,0.21868175079638028,0.08440450536155063,0.31599219982098237,0.14629007877851993,0.22411221284942542,0.08309788147818895,0.30213451034755173,22.0,0.23620748385708362,0.09401537075899269,0.3275352822817976,24.0,0.2331902742524321,0.08453778368825965,0.29687725917853935,0.20733789780493783,0.08308138396559078,0.3137834886928257,100,101,0.5966666666666667,8.72,0,13,2026-07-18
0.22217982736624217,0.09199151312786952,0.333156125233342,0.13565600554477758,0.21598683373689695,0.08617108167069518,0.3110874575012997,0.1363874580450566,0.2237540313798283,0.07695581405332041,0.31397339915312844,24.0,0.23872402982737453,0.08298006422177234,0.2980148814983382,24.0,0.23479156444584295,0.09684080746570047,0.3035522721303074,0.2335543758974038,0.09682410718990137,0.2894014914747344,98,102,0.49,7.82,1,14,2026-07-18
0.21110236833085924,0.09103346550068711,0.31168099054397946,0.1400044425536928,0.21106654874664899,0.08735589069089617,0.2982505417942104,0.1412984226304296,0.20318191937336888,0.08898352046280393,0.3059284429103119,22.0,0.21987884573855027,0.10204362959344648,0.33242277082788385,22.0,0.19564826421839038,0.10254419982505567,0.32488269087302185,0.23608102148451213,0.09388590985689593,0.30866910516099244,104,92,0.58,9.23,1,7,2026-07-18
0.21117878692164738,0.09950136814669844,0.3142399607435789,0.1500906814932456,0.2132036992588847,0.09385841153083319,0.30582983742801234,0.14297423173157794,0.23140964509944034,0.0720282189773766,0.3088868205419212,24.0,0.21211721774057735,0.07546309687532052,0.32436967518403564,24.0,0.21958069602345587,0.08749674900468848,0.31463999844977886,0.20982591260760725,0.10480339122123919,0.32607609672228116,100,101,0.6166666666666667,9.313333333333333,1,11,2026-07-19
0.2358368181639371,0.08278932873626334,0.30872515102424264,0.15124601828910786,0.24488559389545353,0.0861366533915368,0.3167471672069641,0.1588295529784789,0.20443524192383972,0.08471831552222867,0.3197199505355237,21.0,0.2328809999754922,0.06933193553521877,0.30631525389316444,24.0,0.23839788668095663,0.10793213498298015,0.3194820470656213,0.21693127726519412,0.09116807046648684,0.31199691662660833,100,103,0.49333333333333335,8.7,1,5,2026-07-19
0.20812407817193346,0.07824891806539448,0.31779986340453387,0.14099054580440887,0.2153334443838405,0.09095114342850612,0.313173486118214,0.16991310661151054,0.22146528016190722,0.10828938904734184,0.2736707694663566,23.0,0.24673767348150655,0.08299685945055821,0.31826547351864,23.0,0.23135293435054924,0.09603702757527277,0.30619752073196305,0.2303701893368837,0.10656509965110039,0.3026934792863569,101,102,0.5966666666666667,8.203333333333333,0,3,2026-07-19
0.22498978244694648,0.09071965803617232,0.31423577724619106,0.14391624472220652,0.2165850476041153,0.08400899055333386,0.31286122626946306,0.1356587906317861,0.21750643915713608,0.08357213894799857,0.32388243181043747,24.0,0.18440099664059567,0.09365332897889495,0.3239810698626098,23.5,0.19527326880693413,0.10231493141920577,0.3237002491302359,0.23612712876929617,0.09308244273339675,0.30866522737704727,104,92,0.59,10.026666666666667,0,21,2026-07-19
0.22526858504467034,0.09565938571065215,0.31018529765249775,0.16954598082889316,0.23481949269394123,0.08378210981464856,0.32510087064501414,0.15101392902642957,0.24012644666231253,0.0748538105088935,0.33664553764767957,23.0,0.25318547060185603,0.07001685769441773,0.3221753540437255,23.0,0.22762586346970623,0.0911913458528853,0.29568686798737875,0.23043888020747663,0.10367429672575779,0.313517564538446,99,110,0.5233333333333333,8.796666666666667,1,13,2026-07-20
0.21076175073679665,0.08944197551144951,0.3093504531571971,0.13181725088949162,0.21196464796602477,0.08217892747035777,0.3188159234123477,0.1591749824336106,0.20089432449417655,0.07709178615784215,0.29613398857553097,25.0,0.2623008881551956,0.067409885537865,0.30932661796713234,24.0,0.251339878657417,0.0916452897344131,0.31405459883061276,0.210237340027024,0.10527229509225035,0.3253779222712908,97,96,0.53,7.743333333333333,1,17,2026-07-20
0.22429326679399175,0.097372107245655,0.33659797993596907,0.13229924657645978,0.2099915162380816,0.09272243918637615,0.3217109727353439,0.1533016903263731,0.31744462110224114,0.07552704968555972,0.2794274391215411,23.0,0.23321044145611153,0.09197901206387453,0.31833747238750465,23.0,0.23601971267689908,0.09639253774700206,0.3031246533231587,0.23039812842051338,0.08726795113470867,0.31434209883335307,98,102,0.7466666666666667,8.153333333333334,1,11,2026-07-20
0.18707266661618505,0.07916560382565481,0.3085087471728267,0.1358792437941404,0.19803137822508107,0.09101363988466019,0.3187925870154572,0.13459229181968638,0.30212972385191994,0.09931540026530702,0.31958934489408386,24.0,0.17418599738530496,0.06190500419729033,0.2973789067937892,24.0,0.23170340787258686,0.09554069944300887,0.3053316977048647,0.23077619915887482,0.08346944748861784,0.3040998513190118,101,102,0.5,8.55,0,8,2026-07-20
